id,relid,year,active_year,code_status,type_of_violence,conflict_dset_id,conflict_new_id,conflict_name,dyad_dset_id,dyad_new_id,dyad_name,side_a_dset_id,side_a_new_id,side_a,side_b_dset_id,side_b_new_id,side_b,number_of_sources,source_article,source_office,source_date,source_headline,source_original,where_prec,where_coordinates,where_description,adm_1,adm_2,latitude,longitude,geom_wkt,priogrid_gid,country,country_id,region,event_clarity,date_prec,date_start,date_end,deaths_a,deaths_b,deaths_civilians,deaths_unknown,best,high,low,gwnoa,gwnob
29691,ETH-2011-1-54-6,2011,1,Clear,1,329,329,Ethiopia: Ogaden,719,719,Government of Ethiopia - ONLF,97,97,Government of Ethiopia,497,497,ONLF,-1,"BBC Monitoring Newsfile 22/6-11, ""Ethiopian agents reportedly kill Ogadeni rebel leader in Kenya"" from Ogaden Online, in English 21 Jun 11",,,,ONLF,1,Nairobi city,Nairobi,Nairobi province,Nairobi district,-1.283333,36.816667,POINT (36.816667 -1.283333),127874,Kenya,501,Africa,1,1,2011-06-20 00:00:00.000,2011-06-20 00:00:00.000,0,1,0,0,1,1,1,530,
25578,SOM-2007-1-632-65,2007,1,Clear,1,337,337,Somalia: Government,749,749,Government of Somalia - ARS/UIC,95,95,Government of Somalia,505,505,ARS/UIC,-1,BBC 3/17/2007,,,,"HornAfrik Online text website, Mogadishu, in Somali 17 Mar 07",1,Mandera town,Mandera town,North Eastern province,Mandera district,3.936804,41.858383,POINT (41.858383 3.936804),135084,Kenya,501,Africa,1,1,2007-03-16 00:00:00.000,2007-03-16 00:00:00.000,1,0,0,0,1,1,1,520,
30830,SOM-2011-1-770-186,2011,1,Clear,1,337,337,Somalia: Government,750,750,Government of Somalia - Al-Shabaab,95,95,Government of Somalia,717,717,Al-Shabaab,-1,"All Africa 25 November 2011 ""Al-Shabaab Landmine Kills One KDF Soldier",,,,,1,Mandera town,Mandera,North Eastern province,Mandera district,3.936804,41.858383,POINT (41.858383 3.936804),135084,Kenya,501,Africa,1,1,2011-11-24 00:00:00.000,2011-11-24 00:00:00.000,1,0,0,0,1,1,1,520,
31463,SOM-2012-1-770-417,2012,1,Clear,1,337,337,Somalia: Government,750,750,Government of Somalia - Al-Shabaab,95,95,Government of Somalia,717,717,Al-Shabaab,-1,"The Star 2012-01-02 through BBC ""Kenyan police kill three suspected Al-Shabab militants",,,,Lamu East OCPD [Officer Commanding Police Division] Samuel Obara,2,Boni forest (Lamu district),"Boni forests, Mkokoni area near Kiunga in Lamu",Coast province,Lamu district,-1.717327,41.334830,POINT (41.33483 -1.717327),127163,Kenya,501,Africa,1,1,2012-01-01 00:00:00.000,2012-01-01 00:00:00.000,0,3,0,0,3,3,3,520,
31446,SOM-2012-1-770-4,2012,1,Clear,1,337,337,Somalia: Government,750,750,Government of Somalia - Al-Shabaab,95,95,Government of Somalia,717,717,Al-Shabaab,-1,"BBC Monitoring Africa 5 Jan 2012 ""Kenya: Fifteen Al-Shabab militants said surrender to Somali forces",,,,"The Standard, Nairobi, in English 5 Jan 12",7,Waters off Kiunga,"Kiunga (coastal border btw Somalia and Kenya)

Since the Al-Shabaab fighters were killed on a boat, this event should have prec. 7, at sea (sam)",Coast province,Lamu district,-1.750000,41.500000,POINT (41.5 -1.75),127164,Kenya,501,Africa,1,2,2012-01-02 00:00:00.000,2012-01-04 00:00:00.000,0,2,0,0,2,2,2,520,
31189,SOM-2012-1-770-13,2012,1,Clear,1,337,337,Somalia: Government,750,750,Government of Somalia - Al-Shabaab,95,95,Government of Somalia,717,717,Al-Shabaab,-1,"Reuters 12 Jan 2012 ""UPDATE 2-Al Shabaab attack Kenyan police camp, kill 7",,,,,4,North Eastern province,"Gerille, a town 7 km (4 miles) from the porous frontier with Somalia",North Eastern province,,-1.116667,40.600000,POINT (40.6 -1.116667),127882,Kenya,501,Africa,1,1,2012-01-11 00:00:00.000,2012-01-11 00:00:00.000,2,0,1,4,7,7,7,520,
31464,SOM-2012-1-770-418,2012,1,Clear,1,337,337,Somalia: Government,750,750,Government of Somalia - Al-Shabaab,95,95,Government of Somalia,717,717,Al-Shabaab,-1,"AFP 2012-02-19 ""Suspected Somali Islamists attack Kenyan police outpost",,,,police,1,Fafi town,Fafi in Garissa district,North Eastern province,Garissa district,-0.390187,40.325158,POINT (40.325158 -0.390187),129321,Kenya,501,Africa,1,1,2012-02-17 00:00:00.000,2012-02-17 00:00:00.000,1,0,0,0,1,1,1,520,
31442,SOM-2012-1-770-392,2012,1,Clear,1,337,337,Somalia: Government,750,750,Government of Somalia - Al-Shabaab,95,95,Government of Somalia,717,717,Al-Shabaab,-1,Africa Research Bulletin vol 49(2): pp. 19152-19153,,,,AFP 19/2,1,Fafi town,Fafi locality (Garissa district),North Eastern province,Garissa district,-0.390187,40.325158,POINT (40.325158 -0.390187),129321,Kenya,501,Africa,1,2,2012-02-17 00:00:00.000,2012-02-19 00:00:00.000,0,0,0,1,1,1,1,520,
31488,SOM-2012-1-770-62,2012,1,Clear,1,337,337,Somalia: Government,750,750,Government of Somalia - Al-Shabaab,95,95,Government of Somalia,717,717,Al-Shabaab,-1,"BBC Monitoring Africa 20 Feb 2012 ""Programme summary of Somalia's Radio Shabeelle news 0500 gmt 20 Feb 12",,,,"Radio Shabeelle, Mogadishu in Somali 0500 gmt 20 Feb 12",1,Garissa town,Garissa town,North Eastern province,Garissa district,-0.453548,39.640108,POINT (39.640108 -0.453548),129320,Kenya,501,Africa,1,2,2012-02-18 00:00:00.000,2012-02-20 00:00:00.000,1,0,0,0,1,1,1,520,
31465,SOM-2012-1-770-419,2012,1,Clear,1,337,337,Somalia: Government,750,750,Government of Somalia - Al-Shabaab,95,95,Government of Somalia,717,717,Al-Shabaab,-1,"The Star 2012-02-29 through BBC ""Somali Islamists said shoot dead Kenyan police reservist",,,,officials,1,Mandera town,Mandera,North Eastern province,Mandera district,3.936804,41.858383,POINT (41.858383 3.936804),135084,Kenya,501,Africa,1,1,2012-02-28 00:00:00.000,2012-02-28 00:00:00.000,1,0,0,0,1,1,1,520,
30340,SOM-2012-1-770-150,2012,1,Clear,1,337,337,Somalia: Government,750,750,Government of Somalia - Al-Shabaab,95,95,Government of Somalia,717,717,Al-Shabaab,-1,"All Africa 17 May 2012 ""Injured Man in Mombasa Attack Was Assailant",,,,,1,Dadaab camp,Dadaab camp,North Eastern province,Garissa district,0.051000,40.314000,POINT (40.314 0.051),130041,Kenya,501,Africa,1,1,2012-05-15 00:00:00.000,2012-05-15 00:00:00.000,1,0,0,0,1,1,1,520,
31440,SOM-2012-1-770-388,2012,1,Clear,1,337,337,Somalia: Government,750,750,Government of Somalia - Al-Shabaab,95,95,Government of Somalia,717,717,Al-Shabaab,-1,"IHS Jane's Intelligence Review, Kenya 16 Jul 2012 ""Gunmen kill 18 in co-ordinated attacks on two Kenyan churches",,,,,1,Garissa town,Garissa town,North Eastern province,Garissa district,-0.453548,39.640108,POINT (39.640108 -0.453548),129320,Kenya,501,Africa,1,1,2012-07-01 00:00:00.000,2012-07-01 00:00:00.000,0,0,0,2,2,2,2,520,
31261,SOM-2012-1-770-200,2012,1,Clear,1,337,337,Somalia: Government,750,750,Government of Somalia - Al-Shabaab,95,95,Government of Somalia,717,717,Al-Shabaab,-1,"All Africa 18 July 2012 ""Officer Killed, Colleague Hurt in Shabaab Attack",,,,,1,Lagdera village,Lagdera town,North Eastern province,Garissa district,0.112610,39.259640,POINT (39.25964 0.11261),130039,Kenya,501,Africa,1,1,2012-07-16 00:00:00.000,2012-07-16 00:00:00.000,1,0,0,0,1,1,1,520,
31833,SOM-2012-1-770-420,2012,1,Clear,1,337,337,Somalia: Government,750,750,Government of Somalia - Al-Shabaab,95,95,Government of Somalia,717,717,Al-Shabaab,-1,"Daily Nation 2012-07-17 through BBC ""Gunmen kill two police officers in northeastern Kenya""; Daily Nation 2012-07-18 through BBC ""Kenyan police arrest ""Al-Shabab"" suspects over attack",,,,police,1,Liboi location,"Liboi, Lagdera Division [northeastern Kenya]",North Eastern province,Garissa district,0.398519,40.954815,POINT (40.954815 0.398519),130042,Kenya,501,Africa,1,1,2012-07-17 00:00:00.000,2012-07-17 00:00:00.000,0,0,0,0,0,2,0,520,
31266,SOM-2012-1-770-209,2012,1,Clear,1,337,337,Somalia: Government,750,750,Government of Somalia - Al-Shabaab,95,95,Government of Somalia,717,717,Al-Shabaab,-1,"BBC Monitoring Africa 30 July 2012 ""One killed in Somalia, Kenya border attack",,,,"Shabeelle Media Network website, Mogadishu, in Somali 30 Jul 12",1,Mandera town,Mandera town,North Eastern province,Mandera district,3.936804,41.858383,POINT (41.858383 3.936804),135084,Kenya,501,Africa,1,1,2012-07-29 00:00:00.000,2012-07-29 00:00:00.000,0,0,0,1,1,1,1,520,
31836,SOM-2012-1-770-421,2012,1,Clear,1,337,337,Somalia: Government,750,750,Government of Somalia - Al-Shabaab,95,95,Government of Somalia,717,717,Al-Shabaab,-1,"Xinhua 2012-08-15 ""3 Al-Shabaab suspects killed in Kenya's coastal region",,,,police,2,Boni forest (Lamu district),Boni forest in the Lamu archipelago,Coast province,Lamu district,-1.717327,41.334830,POINT (41.33483 -1.717327),127163,Kenya,501,Africa,1,1,2012-08-14 00:00:00.000,2012-08-14 00:00:00.000,0,0,0,0,0,3,0,520,
31834,SOM-2012-1-770-422,2012,1,Clear,1,337,337,Somalia: Government,750,750,Government of Somalia - Al-Shabaab,95,95,Government of Somalia,717,717,Al-Shabaab,-1,"Xinhua 2012-09-30 ""Two policemen killed in northern Kenya""; Reuters 2012-09-30 ""UPDATE 4-Two Kenyan police shot dead near Somalia border",,,,police,1,Garissa town,Garissa,North Eastern province,Garissa district,-0.453548,39.640108,POINT (39.640108 -0.453548),129320,Kenya,501,Africa,1,1,2012-09-30 00:00:00.000,2012-09-30 00:00:00.000,0,0,0,0,0,2,0,520,
31853,SOM-2012-1-770-423,2012,1,Clear,1,337,337,Somalia: Government,750,750,Government of Somalia - Al-Shabaab,95,95,Government of Somalia,717,717,Al-Shabaab,-1,"AFP 2012-10-17 ""10 police wounded in Kenya grenade blast, 2 attackers killed",,,,police,2,Likoni town,"Likoni region, just south of Kenya's main port Mombasa",Coast province,Mombasa district,-4.083333,39.650000,POINT (39.65 -4.083333),123560,Kenya,501,Africa,1,1,2012-10-17 00:00:00.000,2012-10-17 00:00:00.000,0,0,0,0,0,4,0,520,
30341,SOM-2012-1-770-292,2012,1,Clear,1,337,337,Somalia: Government,750,750,Government of Somalia - Al-Shabaab,95,95,Government of Somalia,717,717,Al-Shabaab,-1,"Xinhua 17 October 2012 ""Death toll in Kenya's Mombasa security raid rises to 3""  // Reuters 17 October 2012 ""UPDATE 4-Kenyan police kill three suspects in al Shabaab raid",,,,,1,Mombasa town,Mombasa town,Coast province,Mombasa district,-4.050000,39.666667,POINT (39.666667 -4.05),123560,Kenya,501,Africa,1,1,2012-10-17 00:00:00.000,2012-10-17 00:00:00.000,1,3,0,0,4,4,4,520,
31835,SOM-2012-1-770-424,2012,1,Clear,1,337,337,Somalia: Government,750,750,Government of Somalia - Al-Shabaab,95,95,Government of Somalia,717,717,Al-Shabaab,-1,"Reuters 2012-10-28 ""Two militant suspects killed in police raid on Kenyan coast",,,,police,1,Mombasa town,Mombasa,Coast province,Mombasa district,-4.050000,39.666667,POINT (39.666667 -4.05),123560,Kenya,501,Africa,1,1,2012-10-28 00:00:00.000,2012-10-28 00:00:00.000,0,0,0,0,0,2,0,520,
31352,SOM-2012-1-770-305,2012,1,Clear,1,337,337,Somalia: Government,750,750,Government of Somalia - Al-Shabaab,95,95,Government of Somalia,717,717,Al-Shabaab,-1,"Reuters 28 October 2012 ""Two militant suspects killed in police raid on Kenyan coast",,,,,1,Mombasa town,,Coast province,Mombasa district,-4.050000,39.666667,POINT (39.666667 -4.05),123560,Kenya,501,Africa,1,1,2012-10-28 00:00:00.000,2012-10-28 00:00:00.000,0,2,0,0,2,2,2,520,
31373,SOM-2012-1-770-327,2012,1,Clear,1,337,337,Somalia: Government,750,750,Government of Somalia - Al-Shabaab,95,95,Government of Somalia,717,717,Al-Shabaab,-1,"Xinhua New Agency 16 November 2012 ""Suspected terrorists kill 2 policemen in northern Kenya",,,,kenyan police,1,Garissa town,Garissa town,North Eastern province,Garissa district,-0.453548,39.640108,POINT (39.640108 -0.453548),129320,Kenya,501,Africa,1,1,2012-11-15 00:00:00.000,2012-11-15 00:00:00.000,0,0,0,2,2,2,2,520,
62665,SOM-2013-1-770-342,2013,1,Clear,1,337,337,Somalia: Government,750,750,Government of Somalia - Al-Shabaab,95,95,Government of Somalia,717,717,Al-Shabaab,4,"""BBC Monitoring Africa,2013-06-04,Northeastern Kenya leaders warn of more Al-Shabab attacks"";""BBC Monitoring Africa,2013-06-12,Non-Somalis said fleeing restive Kenyan area"";""All Africa,2013-05-28,Five Killed in Attack On Garissa AP Camp"";""All Africa,2013-05-28,Africa News Round Up May, Monday 27, 2013""",BBC Monitoring Africa;BBC Monitoring Africa;All Africa;All Africa,2013-06-04;2013-06-12;2013-05-28;2013-05-28,"Northeastern Kenya leaders warn of more Al-Shabab attacks;Non-Somalis said fleeing restive Kenyan area;Five Killed in Attack On Garissa AP Camp;Africa News Round Up May, Monday 27, 2013",Garissa [northeastern Kenya] leaders,3,Dadaab constituency,"Damajaley, Daadab",Garissa county,Dadaab constituency,0.052094,40.314160,POINT (40.31416 0.052094),130041,Kenya,501,Africa,1,1,2013-05-25 00:00:00.000,2013-05-25 00:00:00.000,0,0,2,0,2,2,2,520,
62666,SOM-2013-1-770-343,2013,1,Clear,1,337,337,Somalia: Government,750,750,Government of Somalia - Al-Shabaab,95,95,Government of Somalia,717,717,Al-Shabaab,4,"""All Africa,2013-05-28,Africa News Round Up May, Monday 27, 2013"";""All Africa,2013-05-28,Five Killed in Attack On Garissa AP Camp"";""BBC Monitoring Africa,2013-06-12,Non-Somalis said fleeing restive Kenyan area"";""BBC Monitoring Africa,2013-06-04,Northeastern Kenya leaders warn of more Al-Shabab attacks""",All Africa;All Africa;BBC Monitoring Africa;BBC Monitoring Africa,2013-05-28;2013-05-28;2013-06-12;2013-06-04,"Africa News Round Up May, Monday 27, 2013;Five Killed in Attack On Garissa AP Camp;Non-Somalis said fleeing restive Kenyan area;Northeastern Kenya leaders warn of more Al-Shabab attacks",Garissa [northeastern Kenya] leaders,1,Dadaab camp,"Abdisugow, Dadaab",Garissa county,Dadaab constituency,0.051000,40.314000,POINT (40.314 0.051),130041,Kenya,501,Africa,1,1,2013-05-25 00:00:00.000,2013-05-25 00:00:00.000,2,0,1,0,3,3,3,520,
65227,SOM-2013-1-770-128,2013,1,Clear,1,337,337,Somalia: Government,750,750,Government of Somalia - Al-Shabaab,95,95,Government of Somalia,717,717,Al-Shabaab,5,"""BBC Monitoring Africa,2013-05-27,Programme summary of Somalia's Radio Daljir news 1000 gmt 26 May 13"";""All Africa,2013-05-27,Gunmen Kill Five in Kenya-Somalia Border Attack - Police"";""All Africa,2013-05-27,15 Yr-Old Boy Among Six Killed in Liboi Attack"";""All Africa,2013-05-28,Africa News Round Up May, Monday 27, 2013"";""All Africa,2013-06-13,The Day Al Shabaab Struck Terror in Dadaab""",BBC Monitoring Africa;All Africa;All Africa;All Africa;All Africa,2013-05-27;2013-05-27;2013-05-27;2013-05-28;2013-06-13,"Programme summary of Somalia's Radio Daljir news 1000 gmt 26 May 13;Gunmen Kill Five in Kenya-Somalia Border Attack - Police;15 Yr-Old Boy Among Six Killed in Liboi Attack;Africa News Round Up May, Monday 27, 2013;The Day Al Shabaab Struck Terror in Dadaab","Radio Daljir, Gaalkacyo, in Somali 1000 gmt 26 May 13, regional police chief Charlton Mureithi, Inspector General of Police David Kimaiyo",1,Liboi location,Liboi near the Somalia border,Garissa county,Dadaab constituency,0.398519,40.954815,POINT (40.954815 0.398519),130042,Kenya,501,Africa,1,1,2013-05-26 00:00:00.000,2013-05-26 00:00:00.000,2,0,4,0,6,8,6,520,
62691,SOM-2013-1-770-346,2013,1,Clear,1,337,337,Somalia: Government,750,750,Government of Somalia - Al-Shabaab,95,95,Government of Somalia,717,717,Al-Shabaab,12,"""Associated Press Newswires,2013-10-02,Questions persist about the Kenya mall attack: How many attackers, hostages? Claims in doubt"";""BBC Monitoring Africa,2013-10-02,Bodies of two Kenyan soldiers retrieved from Westgate mall rubble"";""Dow Jones News Service,2013-09-24,Kenyan Forces Hunt for Remaining Holdouts at Westgate Mall"";""Agence France Presse,2013-09-24,Three Kenyan soldiers die of wounds in mall siege: army"";""Agence France Presse,2013-09-24,Kenya president says mall siege over, 'losses immense'"";""Dow Jones News Service,2013-10-11,Nairobi Shopping Mall Attackers' Bodies Still Not Found -- Officials"";""Xinhua News Agency,2013-10-29,Kenyan police to charge 5 suspects over terror attack on Westgate mall"";""Xinhua News Agency,2013-10-20,Kenya says retrieved bodies from Westgate mall belong to terrorists"";""All Africa,2013-11-14,Al Shabaab Says Westgate Attackers Died"";""Xinhua News Agency,2013-09-24,1st LD: Kenyan security forces kill six of remaining attacker: local TV"";""Agence France Presse,2013-09-23,Explosions, gunfire as Kenya battles to end mall bloodbath"";""Xinhua News Agency,2013-09-23,Kenyan police kill 2 terrorists after mall attack""",Associated Press Newswires;BBC Monitoring Africa;Dow Jones News Service;Agence France Presse;Agence France Presse;Dow Jones News Service;Xinhua News Agency;Xinhua News Agency;All Africa;Xinhua News Agency;Agence France Presse;Xinhua News Agency,2013-10-02;2013-10-02;2013-09-24;2013-09-24;2013-09-24;2013-10-11;2013-10-29;2013-10-20;2013-11-14;2013-09-24;2013-09-23;2013-09-23,"Questions persist about the Kenya mall attack: How many attackers, hostages? Claims in doubt;Bodies of two Kenyan soldiers retrieved from Westgate mall rubble;Kenyan Forces Hunt for Remaining Holdouts at Westgate Mall;Three Kenyan soldiers die of wounds in mall siege: army;Kenya president says mall siege over, 'losses immense';Nairobi Shopping Mall Attackers' Bodies Still Not Found -- Officials;Kenyan police to charge 5 suspects over terror attack on Westgate mall;Kenya says retrieved bodies from Westgate mall belong to terrorists;Al Shabaab Says Westgate Attackers Died;1st LD: Kenyan security forces kill six of remaining attacker: local TV;Explosions, gunfire as Kenya battles to end mall bloodbath;Kenyan police kill 2 terrorists after mall attack",Kenyan government; army spokesman Cyrus Oguna,1,Nairobi city,Westgate shopping mall in Nairobi,Nairobi city county,,-1.283333,36.816667,POINT (36.816667 -1.283333),127874,Kenya,501,Africa,1,2,2013-09-23 00:00:00.000,2013-09-24 00:00:00.000,6,4,0,0,10,13,6,520,
63548,SOM-2013-1-770-349,2013,1,Clear,1,337,337,Somalia: Government,750,750,Government of Somalia - Al-Shabaab,95,95,Government of Somalia,717,717,Al-Shabaab,5,"""Agence France Presse,2013-12-10,Gunmen kill five Kenyan policemen near Somali border: police"";""Agence France Presse,2013-12-10,Gunmen kill eight Kenyans near Somali border: police"";""Xinhua News Agency,2013-12-10,At least 8 killed near Kenya-Somalia border"";""Reuters News,2013-12-10,Kenya says Somali Islamists kill six in cross-border raid"";""BBC Monitoring Africa,2013-12-11,Al-Shabab says responsible for attack in northeastern Kenya""",Agence France Presse;Agence France Presse;Xinhua News Agency;Reuters News;BBC Monitoring Africa,2013-12-10;2013-12-10;2013-12-10;2013-12-10;2013-12-11,Gunmen kill five Kenyan policemen near Somali border: police;Gunmen kill eight Kenyans near Somali border: police;At least 8 killed near Kenya-Somalia border;Kenya says Somali Islamists kill six in cross-border raid;Al-Shabab says responsible for attack in northeastern Kenya,"police, officials; al-Shabaab",2,Liboi location,"near the border town of Liboi, northeast Kenya, some 550 kilometres (340 miles) northeast from Nairobi",Garissa county,Dadaab constituency,0.398519,40.954815,POINT (40.954815 0.398519),130042,Kenya,501,Africa,1,1,2013-12-10 00:00:00.000,2013-12-10 00:00:00.000,5,0,3,0,8,10,8,520,
151211,SOM-2014-1-770-373,2014,1,Clear,1,337,337,Somalia: Government,750,750,Government of Somalia - Al-Shabaab,95,95,Government of Somalia,717,717,Al-Shabaab,4,"""Xinhua News Agency,2014-04-23,2nd LD Writethru: Four killed as explosion rocks police station in Nairobi"";""Agence France Presse,2014-04-24,Attackers among dead in Nairobi bombing"";""BBC Monitoring Africa,2014-04-25,Nairobi blast terrorists possibly targeted Kenya police chief, minister - report"";""BBC Monitoring Africa,2014-06-11,Police arrest two linked to Kenya bomb explosion""",Xinhua News Agency;Agence France Presse;BBC Monitoring Africa;BBC Monitoring Africa,2014-04-23;2014-04-24;2014-04-25;2014-06-11,"2nd LD Writethru: Four killed as explosion rocks police station in Nairobi;Attackers among dead in Nairobi bombing;Nairobi blast terrorists possibly targeted Kenya police chief, minister - report;Police arrest two linked to Kenya bomb explosion",Inspector General of Police David Kimaiyo,1,Nairobi city,"near Pangani police station in Nairobi, capital of Kenya",Nairobi city county,,-1.283333,36.816667,POINT (36.816667 -1.283333),127874,Kenya,501,Africa,1,1,2014-04-23 00:00:00.000,2014-04-23 00:00:00.000,2,2,0,0,4,4,0,520,
151213,SOM-2014-1-770-374,2014,1,Clear,1,337,337,Somalia: Government,750,750,Government of Somalia - Al-Shabaab,95,95,Government of Somalia,717,717,Al-Shabaab,1,"""BBC Monitoring Africa,2014-04-25,Terror suspect shot dead by Kenyan police in southern region""",BBC Monitoring Africa,2014-04-25,Terror suspect shot dead by Kenyan police in southern region,Msambweni OCPD [Officer Commanding Police Division] Joseph Omijah,1,Diani location,Diani Town of Kwale County [southern Kenya],Kwale county,Msambweni constituency,-4.299547,39.567647,POINT (39.56764793396 -4.2995479273819),123560,Kenya,501,Africa,1,1,2014-04-25 00:00:00.000,2014-04-25 00:00:00.000,0,0,0,0,0,1,0,520,
151225,SOM-2014-1-770-375,2014,1,Clear,1,337,337,Somalia: Government,750,750,Government of Somalia - Al-Shabaab,95,95,Government of Somalia,717,717,Al-Shabaab,1,"""Xinhua News Agency,2014-05-02,Kenyan police kill 2 militants in northern border town""",Xinhua News Agency,2014-05-02,Kenyan police kill 2 militants in northern border town,Mandera County Police Commander Noah Mwavanda,1,Mandera town,Mandera,Mandera county,Mandera East constituency,3.936631,41.867011,POINT (41.867011 3.936631),135084,Kenya,501,Africa,1,1,2014-05-01 00:00:00.000,2014-05-01 00:00:00.000,0,2,0,0,2,2,0,520,
151231,SOM-2014-1-770-376,2014,1,Clear,1,337,337,Somalia: Government,750,750,Government of Somalia - Al-Shabaab,95,95,Government of Somalia,717,717,Al-Shabaab,1,"""BBC Monitoring Africa,2014-05-19,Al-Shabab says behind northeastern Kenya attacks""",BBC Monitoring Africa,2014-05-19,Al-Shabab says behind northeastern Kenya attacks,Al-Shabaab official,2,Mandera town,outskirts of Mandera,Mandera county,Mandera East constituency,3.936631,41.867011,POINT (41.867011 3.936631),135084,Kenya,501,Africa,1,4,2014-05-05 00:00:00.000,2014-05-19 00:00:00.000,0,0,0,0,0,10,0,520,
151230,SOM-2014-1-770-377,2014,1,Clear,1,337,337,Somalia: Government,750,750,Government of Somalia - Al-Shabaab,95,95,Government of Somalia,717,717,Al-Shabaab,5,"""BBC Monitoring Africa,2014-05-19,Al-Shabab says behind northeastern Kenya attacks"";""BBC Monitoring Africa,2014-05-21,Kenyan troops said search for bodies of colleagues killed by Somali militants"";""Agence France Presse,2014-05-19,Somali Islamists claim army convoy attack in Kenya"";""Reuters News,2014-05-19,Suspected al Shabaab militants kill at least 12 in northern Kenya ambush"";""BBC Monitoring Africa,2014-05-21,Paper urges Kenya to secure border with Somalia""",BBC Monitoring Africa;BBC Monitoring Africa;Agence France Presse;Reuters News;BBC Monitoring Africa,2014-05-19;2014-05-21;2014-05-19;2014-05-19;2014-05-21,Al-Shabab says behind northeastern Kenya attacks;Kenyan troops said search for bodies of colleagues killed by Somali militants;Somali Islamists claim army convoy attack in Kenya;Suspected al Shabaab militants kill at least 12 in northern Kenya ambush;Paper urges Kenya to secure border with Somalia,"Al-Shabab official; Kenyan army, local police chief Noah Mwivanda",2,El Wak town,"outskirts of El Wak, in NFD [Northern Frontier Districts] region, on the border between Somalia and Kenya",Mandera county,Banisa constituency,2.811916,40.929660,POINT (40.92966 2.811916),133642,Kenya,501,Africa,1,1,2014-05-19 00:00:00.000,2014-05-19 00:00:00.000,3,0,0,9,12,12,12,520,
151243,SOM-2014-1-770-378,2014,1,Clear,1,337,337,Somalia: Government,750,750,Government of Somalia - Al-Shabaab,95,95,Government of Somalia,717,717,Al-Shabaab,4,"""Xinhua News Agency,2014-05-26,2nd LD Writethru: Two Kenyan soldiers killed by suspected Al- Shabaab militants"";""Agence France Presse,2014-05-26,Two Kenyan soldiers killed in suspected Shebab attack"";""BBC Monitoring Africa,2014-05-29,Eight Kenyan soldiers reported missing return to base near border with Somalia"";""BBC Monitoring Africa,2014-05-29,Bodies of Kenyan soldiers killed by suspected militants flown to capital""",Xinhua News Agency;Agence France Presse;BBC Monitoring Africa;BBC Monitoring Africa,2014-05-26;2014-05-26;2014-05-29;2014-05-29,2nd LD Writethru: Two Kenyan soldiers killed by suspected Al- Shabaab militants;Two Kenyan soldiers killed in suspected Shebab attack;Eight Kenyan soldiers reported missing return to base near border with Somalia;Bodies of Kenyan soldiers killed by suspected militants flown to capital,"Kenyan police, KDF spokesman Col. Willy Wesonga",2,Mangai locality,at Milimani between Mangai and Basuba along Lamu Malindi road,Mandera county,,-1.749543,41.191600,POINT (41.1916 -1.749543),127163,Kenya,501,Africa,1,1,2014-05-26 00:00:00.000,2014-05-26 00:00:00.000,2,1,0,0,3,3,0,520,
151295,SOM-2014-1-770-380,2014,1,Clear,1,337,337,Somalia: Government,750,750,Government of Somalia - Al-Shabaab,95,95,Government of Somalia,717,717,Al-Shabaab,3,"""BBC Monitoring Africa,2014-06-19,Kenyan police recover two more bodies from attacks in coastal area"";""Agence France Presse,2014-06-16,Somalia's Shebab massacre dozens in Kenyan coastal town"";""Agence France Presse,2014-06-16,Security boosted across Kenya after attack: interior minister""",BBC Monitoring Africa;Agence France Presse;Agence France Presse,2014-06-19;2014-06-16;2014-06-16,Kenyan police recover two more bodies from attacks in coastal area;Somalia's Shebab massacre dozens in Kenyan coastal town;Security boosted across Kenya after attack: interior minister,Witnesses; Police spokeswoman Zipporah Mboroki; al-Shabaab,1,Mpeketoni town,Mpeketoni which lies on the mainland some 30 kilometres (20 miles) southwest of Lamu island,Lamu county,Lamu West constituency,-2.392715,40.694218,POINT (40.694218 -2.392715),126442,Kenya,501,Africa,1,1,2014-06-15 00:00:00.000,2014-06-15 00:00:00.000,1,0,0,0,1,3,1,520,
151297,SOM-2014-1-770-381,2014,1,Clear,1,337,337,Somalia: Government,750,750,Government of Somalia - Al-Shabaab,95,95,Government of Somalia,717,717,Al-Shabaab,3,"""Agence France Presse,2014-06-19,Kenyan troops kill five suspected attackers after coastal massacres: ministry"";""Reuters News,2014-06-19,UPDATE 1-Kenyan security forces kill five coast attack suspects"";""Xinhua News Agency,2014-06-19,Kenyan soldiers kill 5 suspects behind attack in Lamu""",Agence France Presse;Reuters News;Xinhua News Agency,2014-06-19;2014-06-19;2014-06-19,Kenyan troops kill five suspected attackers after coastal massacres: ministry;UPDATE 1-Kenyan security forces kill five coast attack suspects;Kenyan soldiers kill 5 suspects behind attack in Lamu,"interior ministry, senior Lamu county official",2,Bodhei village,Bodahai area in Lamu county,Lamu county,Lamu West constituency,-1.859910,40.716240,POINT (40.71624 -1.85991),127162,Kenya,501,Africa,1,1,2014-06-19 00:00:00.000,2014-06-19 00:00:00.000,0,5,0,0,5,5,5,520,
151303,SOM-2014-1-770-382,2014,1,Clear,1,337,337,Somalia: Government,750,750,Government of Somalia - Al-Shabaab,95,95,Government of Somalia,717,717,Al-Shabaab,10,"""BBC Monitoring Africa,2014-07-09,Kenyan coastal attack survivors recount ordeal; claim Asian men led assault"";""BBC Monitoring Africa,2014-07-07,Kenyan police blame secessionist group for fresh attacks in coastal region"";""Reuters News,2014-07-06,UPDATE 6-Gunmen kill at least 29 in latest raids on Kenyan coast"";""BBC Monitoring Africa,2014-07-06,Al-Shabab spokesman claims attack on Kenyan coast"";""Associated Press Newswires,2014-07-06,Red Cross: 22 dead in attacks on Kenyan coast"";""Agence France Presse,2014-07-06,Over 20 killed in Kenya coastal attacks: police, aid agency"";""Agence France Presse,2014-07-06,At least 18 killed in new attacks in Kenyan coastal region"";""Agence France Presse,2014-07-06,Thirteen killed in new attacks in Kenya's Lamu coastal region: Red Cross"";""Agence France Presse,2014-07-06,Shooting reported in violence-hit Kenyan coastal region"";""Xinhua News Agency,2014-07-06,1st LD: At least 15 killed in twin attacks on Kenya's coastal region""",BBC Monitoring Africa;BBC Monitoring Africa;Reuters News;BBC Monitoring Africa;Associated Press Newswires;Agence France Presse;Agence France Presse;Agence France Presse;Agence France Presse;Xinhua News Agency,2014-07-09;2014-07-07;2014-07-06;2014-07-06;2014-07-06;2014-07-06;2014-07-06;2014-07-06;2014-07-06;2014-07-06,"Kenyan coastal attack survivors recount ordeal; claim Asian men led assault;Kenyan police blame secessionist group for fresh attacks in coastal region;UPDATE 6-Gunmen kill at least 29 in latest raids on Kenyan coast;Al-Shabab spokesman claims attack on Kenyan coast;Red Cross: 22 dead in attacks on Kenyan coast;Over 20 killed in Kenya coastal attacks: police, aid agency;At least 18 killed in new attacks in Kenyan coastal region;Thirteen killed in new attacks in Kenya's Lamu coastal region: Red Cross;Shooting reported in violence-hit Kenyan coastal region;1st LD: At least 15 killed in twin attacks on Kenya's coastal region",Kenyan Red Cross; Regional Police commander Robert Kitur; al-Shabaab,1,Gamba locality,Gamba locality in Tana River county,Tana River county,,-2.268374,40.184670,POINT (40.18467 -2.268374),126441,Kenya,501,Africa,1,1,2014-07-05 00:00:00.000,2014-07-05 00:00:00.000,1,0,0,8,9,20,9,520,
155225,SOM-2014-1-770-318,2014,1,Clear,1,337,337,Somalia: Government,750,750,Government of Somalia - Al-Shabaab,95,95,Government of Somalia,717,717,Al-Shabaab,1,"""All Africa,2014-11-03,Six Shabaab Killed in KDF Barracks, AP Camp Attacks""",All Africa,2014-11-03,"Six Shabaab Killed in KDF Barracks, AP Camp Attacks",KDF spokesman Colonel David Obonyo,3,Nyali Constitiency,KDF Nyali Barracks in Mombasa,Mombasa county,Nyali Constitiency,-4.027884,39.708183,POINT (39.708183 -4.027884),123560,Kenya,501,Africa,1,1,2014-11-02 00:00:00.000,2014-11-02 00:00:00.000,0,6,0,0,6,6,6,520,
152642,SOM-2014-1-770-387,2014,1,Clear,1,337,337,Somalia: Government,750,750,Government of Somalia - Al-Shabaab,95,95,Government of Somalia,717,717,Al-Shabaab,1,"""BBC Monitoring Africa,2014-12-23,Al-Shabab claims responsibility for northeast Kenya police deaths""",BBC Monitoring Africa,2014-12-23,Al-Shabab claims responsibility for northeast Kenya police deaths,al-shabaab,4,Wajir county,Wajir,Wajir county,,1.750000,40.016667,POINT (40.016667 1.75),132201,Kenya,501,Africa,1,1,2014-12-23 00:00:00.000,2014-12-23 00:00:00.000,0,0,0,0,0,2,0,520,
206225,SOM-2015-1-770-133,2015,1,Clear,1,337,337,Somalia: Government,750,750,Government of Somalia - Al-Shabaab,95,95,Government of Somalia,717,717,Al-Shabaab,3,"""All Africa,2015-01-15,KDF Kills Five Shabaab Raiders in Lamu Ambush"";""BBC Monitoring Africa,2015-01-16,Al-Shabab, Amisom issue conflicting claims over fighting in southeastern Kenya"";""Agence France Presse,2015-01-14,Six dead in Kenya as troops battle Somali gunmen: army""",All Africa;BBC Monitoring Africa;Agence France Presse,2015-01-15;2015-01-16;2015-01-14,"KDF Kills Five Shabaab Raiders in Lamu Ambush;Al-Shabab, Amisom issue conflicting claims over fighting in southeastern Kenya;Six dead in Kenya as troops battle Somali gunmen: army",army spokesman David Obonyo; Local residents; Al-Shabab,2,Basuba locality,"on the mainland in Lamu country near Basuba, over 60 kilometres (40 miles) north of Lamu island",Lamu county,Lamu East constituency,-1.769805,41.058928,POINT (41.058928 -1.769805),127163,Kenya,501,Africa,1,1,2015-01-14 00:00:00.000,2015-01-14 00:00:00.000,1,5,0,0,6,21,6,520,
35263,ETH-1999-1-55-3,1999,1,Clear,1,413,413,Ethiopia: Oromiya,869,869,Government of Ethiopia - OLF,97,97,Government of Ethiopia,551,551,OLF,-1,"Xinhua 17/1-99, BBC Monitoring Newsfile 18/1-99",,,,Moyale District Commissioner Stephen Kipkabut,1,Dambala Fuchana village,Dambala Fuchana village (65 km from the north Kenyan border town of Moyale),Eastern province,Moyale district,3.500000,38.750000,POINT (38.75 3.5),135078,Kenya,501,Africa,1,1,1999-01-16 00:00:00.000,1999-01-16 00:00:00.000,14,4,0,0,18,18,18,530,
35209,ETH-1999-1-55-13,1999,1,Clear,1,413,413,Ethiopia: Oromiya,869,869,Government of Ethiopia - OLF,97,97,Government of Ethiopia,551,551,OLF,-1,"Global Intelligence Update, June 11 1999",,,,,3,Moyale district,"Moyale district, Eastern Province",Eastern province,Moyale district,3.516389,39.069167,POINT (39.069167 3.516389),135079,Kenya,501,Africa,1,1,1999-06-08 00:00:00.000,1999-06-08 00:00:00.000,0,0,0,0,0,2,0,530,
35148,ETH-2001-1-55-6,2001,1,Clear,1,413,413,Ethiopia: Oromiya,869,869,Government of Ethiopia - OLF,97,97,Government of Ethiopia,551,551,OLF,-1,Xinhua 2001-01-13,,,,Kenyan government,3,Moyale district,"Oitipe Manyatta, Uran Division, Moyale district, Eastern Province",Eastern province,Moyale district,3.516389,39.069167,POINT (39.069167 3.516389),135079,Kenya,501,Africa,1,1,2001-01-11 00:00:00.000,2001-01-11 00:00:00.000,0,0,0,10,10,10,10,530,
209200,ETH-2015-1-55-0,2015,1,Clear,1,413,413,Ethiopia: Oromiya,869,869,Government of Ethiopia - OLF,97,97,Government of Ethiopia,551,551,OLF,3,"""BBC Monitoring Africa,2015-06-01,Ethiopian troops cross border into Kenya; kill security guard - paper"";""Daily Nation,2015-05-30,Man killed as Ethiopian soldiers invade again"";""PANAPRESS - Pan African News Agency,2015-05-31,Kenya: Kenya concerned over Ethiopian military incursion""",BBC Monitoring Africa;Daily Nation;PANAPRESS - Pan African News Agency,2015-06-01;2015-05-30;2015-05-31,Ethiopian troops cross border into Kenya; kill security guard - paper;Man killed as Ethiopian soldiers invade again;Kenya: Kenya concerned over Ethiopian military incursion,"Pastor Joel Muguika; locals; the area police commander, Thomas Atuti",1,Moyale town,"Sessi, Moyale subcounty",Marsabit county,Moyale constituency,3.521600,39.054720,POINT (39.05472 3.5216),135079,Kenya,501,Africa,1,1,2015-05-31 00:00:00.000,2015-05-31 00:00:00.000,0,0,0,1,1,1,1,530,
43870,KEN-1989-3-500-1,1989,0,Clear,3,90,468,Government of Uganda - Civilians,90,935,Government of Uganda - Civilians,90,90,Government of Uganda,9999,1,Civilians,2,"""Reuters News,1989-03-09,BOMBING OF KENYAN VILLAGE DENIED."";""Reuters News,1989-03-08,KENYA SAYS UGANDAN MILITARY AIRCRAFT BOMBED REMOTE TOWN.""",Reuters News;Reuters News,1989-03-09;1989-03-08,BOMBING OF KENYAN VILLAGE DENIED.;KENYA SAYS UGANDAN MILITARY AIRCRAFT BOMBED REMOTE TOWN.,officials of ICRC/ Kenyan govt statement,1,Lokichokio town,Lokichokio town,Rift Valley province,Turkana district,4.207113,34.363843,POINT (34.363843 4.207113),135789,Kenya,501,Africa,1,1,1989-03-07 00:00:00.000,1989-03-07 00:00:00.000,0,0,3,0,3,3,3,500,
43746,KEN-2008-3-500-1.1,2008,0,Clear,3,90,468,Government of Uganda - Civilians,90,935,Government of Uganda - Civilians,90,90,Government of Uganda,9999,1,Civilians,-1,"All Africa 2008-01-20 ""Uganda Maintains It Has Not Deployed Troops in Country",,,,,1,Nyatike town,Nyatike town,Nyanza province,Migori district,-0.750000,34.633333,POINT (34.633333 -0.75),128590,Kenya,501,Africa,1,1,2008-01-20 00:00:00.000,2008-01-20 00:00:00.000,0,0,0,0,0,1,0,500,
43784,KEN-2008-3-500-1.4,2008,0,Clear,3,90,468,Government of Uganda - Civilians,90,935,Government of Uganda - Civilians,90,90,Government of Uganda,9999,1,Civilians,-1,"All Africa 2008-01-20 ""Uganda Maintains It Has Not Deployed Troops in Country",,,,,1,Bondo town,Bondo town,Nyanza province,Siaya district,-0.100000,34.266667,POINT (34.266667 -0.1),129309,Kenya,501,Africa,1,1,2008-01-20 00:00:00.000,2008-01-20 00:00:00.000,0,0,0,0,0,1,0,500,
43812,KEN-2008-3-500-1.5,2008,0,Clear,3,90,468,Government of Uganda - Civilians,90,935,Government of Uganda - Civilians,90,90,Government of Uganda,9999,1,Civilians,-1,"All Africa 2008-01-20 ""Uganda Maintains It Has Not Deployed Troops in Country",,,,,1,Ugenya town,Ugenya town,Nyanza province,Homa Bay district,-0.266667,34.816667,POINT (34.816667 -0.266667),129310,Kenya,501,Africa,1,1,2008-01-20 00:00:00.000,2008-01-20 00:00:00.000,0,0,0,0,0,1,0,500,
43842,KEN-2008-3-500-1.2,2008,0,Clear,3,90,468,Government of Uganda - Civilians,90,935,Government of Uganda - Civilians,90,90,Government of Uganda,9999,1,Civilians,-1,"All Africa 2008-01-20 ""Uganda Maintains It Has Not Deployed Troops in Country",,,,,1,Mbita town,Mbita town,Nyanza province,Homa Bay district,-0.416667,34.200000,POINT (34.2 -0.416667),129309,Kenya,501,Africa,1,1,2008-01-20 00:00:00.000,2008-01-20 00:00:00.000,0,0,0,0,0,1,0,500,
43924,KEN-2008-3-500-1.3,2008,0,Clear,3,90,468,Government of Uganda - Civilians,90,935,Government of Uganda - Civilians,90,90,Government of Uganda,9999,1,Civilians,-1,"All Africa 2008-01-20 ""Uganda Maintains It Has Not Deployed Troops in Country",,,,,1,Gem town,Gem town,Nyanza province,Homa Bay district,-0.633333,34.566667,POINT (34.566667 -0.633333),128590,Kenya,501,Africa,1,1,2008-01-20 00:00:00.000,2008-01-20 00:00:00.000,0,0,0,0,0,1,0,500,
44423,KEN-1990-3-501-1,1990,0,Clear,3,91,469,Government of Kenya - Civilians,91,936,Government of Kenya - Civilians,91,91,Government of Kenya,9999,1,Civilians,-1,"Reuters, 1990-05-28",,,,Kenyan church leader,1,Nairobi city,Nairobi city,Nairobi province,Nairobi district,-1.283333,36.816667,POINT (36.816667 -1.283333),127874,Kenya,501,Africa,1,1,1990-05-25 00:00:00.000,1990-05-25 00:00:00.000,0,0,7,0,7,7,2,501,
43905,KEN-1992-3-501-1,1992,0,Clear,3,91,469,Government of Kenya - Civilians,91,936,Government of Kenya - Civilians,91,91,Government of Kenya,9999,1,Civilians,-1,"Reuters, 1992-04-03",,,,police,1,Kiambu town,Kiambu town,Central province,Kiambu district,-1.166667,36.833333,POINT (36.833333 -1.166667),127874,Kenya,501,Africa,1,1,1992-04-02 00:00:00.000,1992-04-02 00:00:00.000,0,0,0,0,0,1,0,501,
43380,KEN-1992-3-501-3,1992,0,Clear,3,91,469,Government of Kenya - Civilians,91,936,Government of Kenya - Civilians,91,91,Government of Kenya,9999,1,Civilians,-1,"Reuters, 1992-05-26",,,,health officials,1,Mombasa town,Mombasa town,Coast province,Mombasa district,-4.050000,39.666667,POINT (39.666667 -4.05),123560,Kenya,501,Africa,1,1,1992-05-26 00:00:00.000,1992-05-26 00:00:00.000,0,0,1,0,1,1,1,501,
43891,KEN-1992-3-501-4,1992,0,Clear,3,91,469,Government of Kenya - Civilians,91,936,Government of Kenya - Civilians,91,91,Government of Kenya,9999,1,Civilians,-1,"Reuter, 1992-08-18",,,,refugees told relief workers,2,Nairobi city,Nairobi city (near),Nairobi province,Nairobi district,-1.283333,36.816667,POINT (36.816667 -1.283333),127874,Kenya,501,Africa,1,1,1992-08-18 00:00:00.000,1992-08-18 00:00:00.000,0,0,1,0,1,1,1,501,
44243,KEN-1992-3-501-6,1992,0,Clear,3,91,469,Government of Kenya - Civilians,91,936,Government of Kenya - Civilians,91,91,Government of Kenya,9999,1,Civilians,-1,"Reuters, 1992-12-30",,,,Kenya television,1,Mombasa town,Mombasa town,Coast province,Mombasa district,-4.050000,39.666667,POINT (39.666667 -4.05),123560,Kenya,501,Africa,1,1,1992-12-29 00:00:00.000,1992-12-29 00:00:00.000,0,0,1,0,1,1,1,501,
43710,KEN-1993-3-501-1,1993,0,Clear,3,91,469,Government of Kenya - Civilians,91,936,Government of Kenya - Civilians,91,91,Government of Kenya,9999,1,Civilians,-1,"Reuters, 1993-08-10",,,,court prosecutors,1,Molo town,Molo town,Rift Valley province,Nakuru district,-0.250000,35.733333,POINT (35.733333 -0.25),129312,Kenya,501,Africa,1,1,1993-08-01 00:00:00.000,1993-08-01 00:00:00.000,0,0,1,0,1,1,1,501,
44424,KEN-1994-3-501-2,1994,0,Clear,3,91,469,Government of Kenya - Civilians,91,936,Government of Kenya - Civilians,91,91,Government of Kenya,9999,1,Civilians,-1,"Reuters, 1994-08-21",,,,The Daily Nation newspaper,1,Nairobi city,Nairobi city,Nairobi province,Nairobi district,-1.283333,36.816667,POINT (36.816667 -1.283333),127874,Kenya,501,Africa,1,4,1994-06-01 00:00:00.000,1994-06-30 00:00:00.000,0,0,5,0,5,5,5,501,
43401,KEN-1994-3-501-1,1994,0,Clear,3,91,469,Government of Kenya - Civilians,91,936,Government of Kenya - Civilians,91,91,Government of Kenya,9999,1,Civilians,-1,"Reuters, 1994-08-21",,,,Nairobi newspapers,1,Nairobi city,Nairobi city,Nairobi province,Nairobi district,-1.283333,36.816667,POINT (36.816667 -1.283333),127874,Kenya,501,Africa,1,1,1994-08-11 00:00:00.000,1994-08-11 00:00:00.000,0,0,1,0,1,1,1,501,
44076,KEN-1995-3-501-2,1995,0,Clear,3,91,469,Government of Kenya - Civilians,91,936,Government of Kenya - Civilians,91,91,Government of Kenya,9999,1,Civilians,-1,"KTN TV/BBC, 1995-07-25",,,,KTN TV,2,Kisii town,Kisii town (near),Nyanza province,Kisii Central district,-0.683333,34.766667,POINT (34.766667 -0.683333),128590,Kenya,501,Africa,1,1,1995-07-23 00:00:00.000,1995-07-23 00:00:00.000,0,0,4,0,4,4,4,501,
43841,KEN-1996-3-501-2,1996,0,Clear,3,91,469,Government of Kenya - Civilians,91,936,Government of Kenya - Civilians,91,91,Government of Kenya,9999,1,Civilians,-1,"Reuters, 1996-12-18",,,,commercial Kenya TV Network,1,Njoro town,Njoro town,Rift Valley province,Nakuru district,-0.333333,35.933333,POINT (35.933333 -0.333333),129312,Kenya,501,Africa,1,1,1996-12-17 00:00:00.000,1996-12-17 00:00:00.000,0,0,1,0,1,1,1,501,
44124,KEN-1996-3-501-1,1996,0,Clear,3,91,469,Government of Kenya - Civilians,91,936,Government of Kenya - Civilians,91,91,Government of Kenya,9999,1,Civilians,-1,"Reuters, 1996-12-18",,,,commercial Kenya TV Network,1,Nairobi city,Nairobi city,Nairobi province,Nairobi district,-1.283333,36.816667,POINT (36.816667 -1.283333),127874,Kenya,501,Africa,1,1,1996-12-18 00:00:00.000,1996-12-18 00:00:00.000,0,0,2,0,2,2,2,501,
44133,KEN-1997-3-501-1,1997,0,Clear,3,91,469,Government of Kenya - Civilians,91,936,Government of Kenya - Civilians,91,91,Government of Kenya,9999,1,Civilians,-1,"Reuters, 1997-04-11",,,,Reuters,1,Nairobi city,Nairobi city,Nairobi province,Nairobi district,-1.283333,36.816667,POINT (36.816667 -1.283333),127874,Kenya,501,Africa,1,1,1997-03-28 00:00:00.000,1997-03-28 00:00:00.000,0,0,1,0,1,1,1,501,
44078,KEN-1997-3-501-2,1997,0,Clear,3,91,469,Government of Kenya - Civilians,91,936,Government of Kenya - Civilians,91,91,Government of Kenya,9999,1,Civilians,-1,"Reuters, 1997-07-07",,,,witnesses and police,1,Nairobi city,Nairobi city,Nairobi province,Nairobi district,-1.283333,36.816667,POINT (36.816667 -1.283333),127874,Kenya,501,Africa,1,1,1997-07-07 00:00:00.000,1997-07-07 00:00:00.000,0,0,9,0,9,9,9,501,
43760,KEN-2000-3-501-1,2000,0,Clear,3,91,469,Government of Kenya - Civilians,91,936,Government of Kenya - Civilians,91,91,Government of Kenya,9999,1,Civilians,-1,Xinhua 2000-08-19,,,,Daily Nation,1,Nairobi city,Nairobi city,Nairobi province,Nairobi district,-1.283333,36.816667,POINT (36.816667 -1.283333),127874,Kenya,501,Africa,1,1,2000-08-19 00:00:00.000,2000-08-19 00:00:00.000,0,0,1,0,1,1,1,501,
44010,KEN-2001-3-501-1,2001,0,Clear,3,91,469,Government of Kenya - Civilians,91,936,Government of Kenya - Civilians,91,91,Government of Kenya,9999,1,Civilians,-1,"Reuters, 2001-07-27",,,,police/witnesses,1,Nairobi city,Nairobi city,Nairobi province,Nairobi district,-1.283333,36.816667,POINT (36.816667 -1.283333),127874,Kenya,501,Africa,1,1,2001-07-25 00:00:00.000,2001-07-25 00:00:00.000,0,0,0,0,0,7,0,501,
43763,KEN-2001-3-501-2,2001,0,Clear,3,91,469,Government of Kenya - Civilians,91,936,Government of Kenya - Civilians,91,91,Government of Kenya,9999,1,Civilians,-1,"Report of the UN Special Rapporteur on extrajudicial, summary or arbitrary executions Mr. Philip Alston, 26 may 2009",,,,,6,Kenya,Kenya,,,1.000000,38.000000,POINT (38 1),131477,Kenya,501,Africa,1,1,2001-12-31 00:00:00.000,2001-12-31 00:00:00.000,0,0,1,0,1,1,1,501,
44430,KEN-2005-3-501-1,2005,0,Clear,3,91,469,Government of Kenya - Civilians,91,936,Government of Kenya - Civilians,91,91,Government of Kenya,9999,1,Civilians,-1,"AFP 2005-02-17 ""Police kill one in fresh Kenyan inter-tribe tension over water rights",,,,Rift Valley Provincial Commissioner Wilfred Ndolo,4,Rift Valley province,Rift Valley province,Rift Valley province,,0.500000,36.000000,POINT (36 0.5),130753,Kenya,501,Africa,1,1,2005-02-17 00:00:00.000,2005-02-17 00:00:00.000,0,0,0,0,0,1,0,501,
43781,KEN-2005-3-501-2,2005,0,Clear,3,91,469,Government of Kenya - Civilians,91,936,Government of Kenya - Civilians,91,91,Government of Kenya,9999,1,Civilians,-1,"All Africa 2005-02-21 ""Mourners Attack Journalist",,,,,1,Kitale town,Kitale town,Rift Valley province,Trans Nzoia district,1.016667,35.000000,POINT (35 1.016667),131471,Kenya,501,Africa,1,1,2005-02-19 00:00:00.000,2005-02-19 00:00:00.000,0,0,1,0,1,1,1,501,
43466,KEN-2005-3-501-3,2005,0,Clear,3,91,469,Government of Kenya - Civilians,91,936,Government of Kenya - Civilians,91,91,Government of Kenya,9999,1,Civilians,-1,"Reuters 2005-02-24 ""Man speared to death in Kenyan ethnic clashes",,,,Police,4,Rift Valley province,Rift Valley province,Rift Valley province,,0.500000,36.000000,POINT (36 0.5),130753,Kenya,501,Africa,1,1,2005-02-23 00:00:00.000,2005-02-23 00:00:00.000,0,0,0,0,0,2,0,501,
44113,KEN-2005-3-501-5,2005,0,Clear,3,91,469,Government of Kenya - Civilians,91,936,Government of Kenya - Civilians,91,91,Government of Kenya,9999,1,Civilians,-1,"All Africa 2005-06-07 ""Rising Police Killings Upset Human Rights Organisations",,,,The Kenya National Commission on Human Rights,6,Kenya,Kenya,,,1.000000,38.000000,POINT (38 1),131477,Kenya,501,Africa,2,5,2005-05-01 00:00:00.000,2005-06-01 00:00:00.000,0,0,5,0,5,5,5,501,
44156,KEN-2005-3-501-4,2005,0,Clear,3,91,469,Government of Kenya - Civilians,91,936,Government of Kenya - Civilians,91,91,Government of Kenya,9999,1,Civilians,-1,"All Africa 2005-05-09 ""Police Kill Nine Suspects in Dramatic City Chase",,,,,1,Nairobi city,Nairobi city,Nairobi province,Nairobi district,-1.283333,36.816667,POINT (36.816667 -1.283333),127874,Kenya,501,Africa,2,2,2005-05-06 00:00:00.000,2005-05-08 00:00:00.000,0,0,0,0,0,22,0,501,
43344,KEN-2005-3-501-6,2005,0,Clear,3,91,469,Government of Kenya - Civilians,91,936,Government of Kenya - Civilians,91,91,Government of Kenya,9999,1,Civilians,-1,Amnesty International Kenya h(2005) http://web.amnesty.org/report2005/ken-summary-eng,,,,,1,Kisumu town,Kisumu town,Nyanza province,Kisumu district,-0.100000,34.750000,POINT (34.75 -0.1),129310,Kenya,501,Africa,1,1,2005-07-07 00:00:00.000,2005-07-07 00:00:00.000,0,0,1,0,1,1,1,501,
44191,KEN-2006-3-501-1,2006,0,Clear,3,91,469,Government of Kenya - Civilians,91,936,Government of Kenya - Civilians,91,91,Government of Kenya,9999,1,Civilians,-1,"Reuters 2006-06-01 ""Three killed as Kenya police fight street traders",,,,witness,1,Nairobi city,Nairobi city,Nairobi province,Nairobi district,-1.283333,36.816667,POINT (36.816667 -1.283333),127874,Kenya,501,Africa,1,1,2006-06-01 00:00:00.000,2006-06-01 00:00:00.000,0,0,0,0,0,1,0,501,
43879,KEN-2007-3-501-31,2007,1,Clear,3,91,469,Government of Kenya - Civilians,91,936,Government of Kenya - Civilians,91,91,Government of Kenya,9999,1,Civilians,-1,"Kenya National Commission on Human Rights, Report on Extra-Judicial Killings and Disappearances, September 2008",,,,,1,Kawangware village,Kawangware village,Nairobi province,Nairobi district,-1.283333,36.733330,POINT (36.73333 -1.283333),127874,Kenya,501,Africa,1,1,2007-01-14 00:00:00.000,2007-01-14 00:00:00.000,0,0,3,0,3,3,3,501,
43767,KEN-2007-3-501-25,2007,1,Clear,3,91,469,Government of Kenya - Civilians,91,936,Government of Kenya - Civilians,91,91,Government of Kenya,9999,1,Civilians,-1,"Kenya National Commission on Human Rights, Report on Extra-Judicial Killings and Disappearances, September 2008",,,,,1,Mathare town,Mathare town,Nairobi province,Nairobi district,-1.250000,36.900000,POINT (36.9 -1.25),127874,Kenya,501,Africa,1,1,2007-05-01 00:00:00.000,2007-05-01 00:00:00.000,0,0,1,0,1,1,1,501,
44173,KEN-2007-3-501-8,2007,1,Clear,3,91,469,Government of Kenya - Civilians,91,936,Government of Kenya - Civilians,91,91,Government of Kenya,9999,1,Civilians,-1,"Report of the UN Special Rapporteur on extrajudicial, summary or arbitrary executions Mr. Philip Alston, 26 may 2009",,,,,6,Kenya,Kenya,,,1.000000,38.000000,POINT (38 1),131477,Kenya,501,Africa,1,4,2007-05-01 00:00:00.000,2007-05-31 00:00:00.000,0,0,3,0,3,3,3,501,
44363,KEN-2007-3-501-19,2007,1,Clear,3,91,469,Government of Kenya - Civilians,91,936,Government of Kenya - Civilians,91,91,Government of Kenya,9999,1,Civilians,-1,"Kenya National Commission on Human Rights, Report on Extra-Judicial Killings and Disappearances, September 2008",,,,,1,Bondeni village,Bondeni village,Rift Valley province,Nakuru district,-0.300000,36.083330,POINT (36.08333 -0.3),129313,Kenya,501,Africa,1,1,2007-06-03 00:00:00.000,2007-06-03 00:00:00.000,0,0,2,0,2,2,2,501,
44297,KEN-2007-3-501-27,2007,1,Clear,3,91,469,Government of Kenya - Civilians,91,936,Government of Kenya - Civilians,91,91,Government of Kenya,9999,1,Civilians,-1,"Kenya National Commission on Human Rights, Report on Extra-Judicial Killings and Disappearances, September 2008",,,,,1,Nairobi city,Nairobi City (Kosovo slums),Nairobi province,Nairobi district,-1.283333,36.816667,POINT (36.816667 -1.283333),127874,Kenya,501,Africa,1,1,2007-06-07 00:00:00.000,2007-06-07 00:00:00.000,0,0,1,0,1,1,1,501,
43472,KEN-2007-3-501-24,2007,1,Clear,3,91,469,Government of Kenya - Civilians,91,936,Government of Kenya - Civilians,91,91,Government of Kenya,9999,1,Civilians,-1,"Kenya National Commission on Human Rights, Report on Extra-Judicial Killings and Disappearances, September 2008",,,,,1,Mathare town,Mathare town,Nairobi province,Nairobi district,-1.250000,36.900000,POINT (36.9 -1.25),127874,Kenya,501,Africa,1,1,2007-06-08 00:00:00.000,2007-06-08 00:00:00.000,0,0,1,0,1,1,1,501,
43881,KEN-2007-3-501-26,2007,1,Clear,3,91,469,Government of Kenya - Civilians,91,936,Government of Kenya - Civilians,91,91,Government of Kenya,9999,1,Civilians,-1,"Kenya National Commission on Human Rights, Report on Extra-Judicial Killings and Disappearances, September 2008",,,,,1,Mathare town,Mathare town,Nairobi province,Nairobi district,-1.250000,36.900000,POINT (36.9 -1.25),127874,Kenya,501,Africa,1,1,2007-06-09 00:00:00.000,2007-06-09 00:00:00.000,0,0,1,0,1,1,1,501,
43774,KEN-2007-3-501-9,2007,1,Clear,3,91,469,Government of Kenya - Civilians,91,936,Government of Kenya - Civilians,91,91,Government of Kenya,9999,1,Civilians,-1,"Report of the UN Special Rapporteur on extrajudicial, summary or arbitrary executions Mr. Philip Alston, 26 may 2009; Kenya National Commission on Human Rights, Report on Extra-Judicial Killings and Disappeareances, September 08, p. 12/13",,,,,2,Ngong forest,Ngong Forest,Nairobi province,Nairobi district,-1.320257,36.744217,POINT (36.744217 -1.320257),127874,Kenya,501,Africa,1,1,2007-06-22 00:00:00.000,2007-06-22 00:00:00.000,0,0,1,0,1,1,1,501,
43697,KEN-2007-3-501-23,2007,1,Clear,3,91,469,Government of Kenya - Civilians,91,936,Government of Kenya - Civilians,91,91,Government of Kenya,9999,1,Civilians,-1,"Kenya National Commission on Human Rights, Report on Extra-Judicial Killings and Disappearances, September 2008",,,,,1,Nairobi city,"Nairobi city (Kenyatta National Hospital, close by)",Nairobi province,Nairobi district,-1.283333,36.816667,POINT (36.816667 -1.283333),127874,Kenya,501,Africa,1,1,2007-06-24 00:00:00.000,2007-06-24 00:00:00.000,0,0,4,0,4,4,4,501,
44157,KEN-2007-3-501-22,2007,1,Clear,3,91,469,Government of Kenya - Civilians,91,936,Government of Kenya - Civilians,91,91,Government of Kenya,9999,1,Civilians,-1,"Kenya National Commission on Human Rights, Report on Extra-Judicial Killings and Disappearances, September 2008",,,,,1,Nairobi city,Nairobi city,Nairobi province,Nairobi district,-1.283333,36.816667,POINT (36.816667 -1.283333),127874,Kenya,501,Africa,1,2,2007-07-14 00:00:00.000,2007-07-18 00:00:00.000,0,0,4,0,4,4,4,501,
44202,KEN-2007-3-501-14,2007,1,Clear,3,91,469,Government of Kenya - Civilians,91,936,Government of Kenya - Civilians,91,91,Government of Kenya,9999,1,Civilians,-1,"Kenya National Commission on Human Rights, Report on Extra-Judicial Killings and Disappearances, September 2008",,,,,2,Kayole village,"Kayole village (near, Masimba)",Nairobi province,Nairobi district,-1.283333,36.933330,POINT (36.93333 -1.283333),127874,Kenya,501,Africa,1,1,2007-07-15 00:00:00.000,2007-07-15 00:00:00.000,0,0,1,0,1,1,1,501,
43854,KEN-2007-3-501-21,2007,1,Clear,3,91,469,Government of Kenya - Civilians,91,936,Government of Kenya - Civilians,91,91,Government of Kenya,9999,1,Civilians,-1,"Kenya National Commission on Human Rights, Report on Extra-Judicial Killings and Disappearances, September 2008",,,,,1,Mbotela town,Mbotela town,Nairobi province,Nairobi district,-1.300000,36.866660,POINT (36.86666 -1.3),127874,Kenya,501,Africa,1,1,2007-07-18 00:00:00.000,2007-07-18 00:00:00.000,0,0,0,0,0,1,0,501,
44427,KEN-2007-3-501-28,2007,1,Clear,3,91,469,Government of Kenya - Civilians,91,936,Government of Kenya - Civilians,91,91,Government of Kenya,9999,1,Civilians,-1,"Kenya National Commission on Human Rights, Report on Extra-Judicial Killings and Disappearances, September 2008",,,,,1,Nairobi city,Nairobi city,Nairobi province,Nairobi district,-1.283333,36.816667,POINT (36.816667 -1.283333),127874,Kenya,501,Africa,1,1,2007-07-21 00:00:00.000,2007-07-21 00:00:00.000,0,0,0,0,0,1,0,501,
43985,KEN-2007-3-501-20,2007,1,Clear,3,91,469,Government of Kenya - Civilians,91,936,Government of Kenya - Civilians,91,91,Government of Kenya,9999,1,Civilians,-1,"Kenya National Commission on Human Rights, Report on Extra-Judicial Killings and Disappearances, September 2008",,,,,1,Athi River town,Athi River,Eastern province,Machakos district,-1.450713,36.982450,POINT (36.98245 -1.450713),127874,Kenya,501,Africa,1,1,2007-08-16 00:00:00.000,2007-08-16 00:00:00.000,0,0,7,0,7,7,7,501,
44065,KEN-2007-3-501-18,2007,1,Clear,3,91,469,Government of Kenya - Civilians,91,936,Government of Kenya - Civilians,91,91,Government of Kenya,9999,1,Civilians,-1,"Kenya National Commission on Human Rights, Report on Extra-Judicial Killings and Disappearances, September 2008",,,,,1,Kanunga village,Kanunga village,Central province,Muranga district,-0.833330,36.883333,POINT (36.883333 -0.83333),128594,Kenya,501,Africa,1,1,2007-08-22 00:00:00.000,2007-08-22 00:00:00.000,0,0,1,0,1,1,1,501,
43863,KEN-2007-3-501-29,2007,1,Clear,3,91,469,Government of Kenya - Civilians,91,936,Government of Kenya - Civilians,91,91,Government of Kenya,9999,1,Civilians,-1,"Kenya National Commission on Human Rights, Report on Extra-Judicial Killings and Disappearances, September 2008",,,,,2,Kayole village,Kayole village (route near by),Nairobi province,Nairobi district,-1.283333,36.933330,POINT (36.93333 -1.283333),127874,Kenya,501,Africa,1,1,2007-09-25 00:00:00.000,2007-09-25 00:00:00.000,0,0,0,0,0,1,0,501,
43676,KEN-2007-3-501-13,2007,1,Clear,3,91,469,Government of Kenya - Civilians,91,936,Government of Kenya - Civilians,91,91,Government of Kenya,9999,1,Civilians,-1,"Kenya National Commission on Human Rights, Report on Extra-Judicial Killings and Disappearances, September 2008",,,,,1,Muthurwa town,Muthurwa town,Central province,Kiambu district,-1.166667,36.750000,POINT (36.75 -1.166667),127874,Kenya,501,Africa,1,1,2007-10-05 00:00:00.000,2007-10-05 00:00:00.000,0,0,0,0,0,1,0,501,
44166,KEN-2007-3-501-30,2007,1,Clear,3,91,469,Government of Kenya - Civilians,91,936,Government of Kenya - Civilians,91,91,Government of Kenya,9999,1,Civilians,-1,"Kenya National Commission on Human Rights, Report on Extra-Judicial Killings and Disappearances, September 2008",,,,,1,Nairobi city,Nairobi city (Maringo shopping center),Nairobi province,Nairobi district,-1.283333,36.816667,POINT (36.816667 -1.283333),127874,Kenya,501,Africa,1,1,2007-10-31 00:00:00.000,2007-10-31 00:00:00.000,0,0,0,0,0,1,0,501,
44127,KEN-2007-3-501-17,2007,1,Clear,3,91,469,Government of Kenya - Civilians,91,936,Government of Kenya - Civilians,91,91,Government of Kenya,9999,1,Civilians,-1,"Kenya National Commission on Human Rights, Report on Extra-Judicial Killings and Disappearances, September 2008",,,,,1,Nairobi city,Nairobi city,Nairobi province,Nairobi district,-1.283333,36.816667,POINT (36.816667 -1.283333),127874,Kenya,501,Africa,1,4,2007-11-01 00:00:00.000,2007-11-08 00:00:00.000,0,0,0,0,0,1,0,501,
43785,KEN-2007-3-501-15,2007,1,Clear,3,91,469,Government of Kenya - Civilians,91,936,Government of Kenya - Civilians,91,91,Government of Kenya,9999,1,Civilians,-1,"Kenya National Commission on Human Rights, Report on Extra-Judicial Killings and Disappearances, September 2008",,,,,1,Nairobi city,Nairobi city,Nairobi province,Nairobi district,-1.283333,36.816667,POINT (36.816667 -1.283333),127874,Kenya,501,Africa,1,2,2007-11-02 00:00:00.000,2007-11-07 00:00:00.000,0,0,3,0,3,3,3,501,
44361,KEN-2007-3-501-16,2007,1,Clear,3,91,469,Government of Kenya - Civilians,91,936,Government of Kenya - Civilians,91,91,Government of Kenya,9999,1,Civilians,-1,"Kenya National Commission on Human Rights, Report on Extra-Judicial Killings and Disappearances, September 2008",,,,,6,Kenya,Kenya,,,1.000000,38.000000,POINT (38 1),131477,Kenya,501,Africa,1,1,2007-11-26 00:00:00.000,2007-11-26 00:00:00.000,0,0,0,0,0,1,0,501,
43853,KEN-2007-3-501-12,2007,1,Clear,3,91,469,Government of Kenya - Civilians,91,936,Government of Kenya - Civilians,91,91,Government of Kenya,9999,1,Civilians,-1,"Kenya National Commission on Human Rights, Report on Extra-Judicial Killings and Disappearances, September 2008",,,,,1,Lunga Lunga town,Lunga Lunga,Coast province,Kwale district,-4.552764,39.123632,POINT (39.123632 -4.552764),122839,Kenya,501,Africa,1,1,2007-11-27 00:00:00.000,2007-11-27 00:00:00.000,0,0,0,0,0,1,0,501,
43792,KEN-2007-3-501-10,2007,1,Clear,3,91,469,Government of Kenya - Civilians,91,936,Government of Kenya - Civilians,91,91,Government of Kenya,9999,1,Civilians,-1,"Report of the UN Special Rapporteur on extrajudicial, summary or arbitrary executions Mr. Philip Alston, 26 may 2009",,,,,6,Kenya,Kenya,,,1.000000,38.000000,POINT (38 1),131477,Kenya,501,Africa,1,4,2007-12-15 00:00:00.000,2007-12-31 00:00:00.000,0,0,1,0,1,1,1,501,
43700,KEN-2007-3-501-6,2007,1,Clear,3,91,469,Government of Kenya - Civilians,91,936,Government of Kenya - Civilians,91,91,Government of Kenya,9999,1,Civilians,-1,"HRW March 2008 ""Ballots to Bullets",,,,,1,Kisumu town,Kisumu town,Nyanza province,Kisumu district,-0.100000,34.750000,POINT (34.75 -0.1),129310,Kenya,501,Africa,1,2,2007-12-29 00:00:00.000,2007-12-30 00:00:00.000,0,0,2,0,2,2,2,501,
43395,KEN-2007-3-501-5,2007,1,Clear,3,91,469,Government of Kenya - Civilians,91,936,Government of Kenya - Civilians,91,91,Government of Kenya,9999,1,Civilians,-1,"HRW March 2008 ""Ballots to Bullets",,,,,1,Kisumu town,Kisumu town,Nyanza province,Kisumu district,-0.100000,34.750000,POINT (34.75 -0.1),129310,Kenya,501,Africa,1,2,2007-12-29 00:00:00.000,2007-12-30 00:00:00.000,0,0,2,0,2,2,2,501,
43900,KEN-2007-3-501-11,2007,1,Clear,3,91,469,Government of Kenya - Civilians,91,936,Government of Kenya - Civilians,91,91,Government of Kenya,9999,1,Civilians,-1,"Report of the UN Special Rapporteur on extrajudicial, summary or arbitrary executions Mr. Philip Alston, 26 may 2009",,,,,2,Kisumu town,Kisumu town (a street near),Nyanza province,Kisumu district,-0.100000,34.750000,POINT (34.75 -0.1),129310,Kenya,501,Africa,1,1,2007-12-30 00:00:00.000,2007-12-30 00:00:00.000,0,0,2,0,2,2,2,501,
43872,KEN-2007-3-501-7,2007,1,Clear,3,91,469,Government of Kenya - Civilians,91,936,Government of Kenya - Civilians,91,91,Government of Kenya,9999,1,Civilians,-1,"HRW March 2008 ""Ballots to Bullets",,,,,1,Nairobi city,Nairobi city,Nairobi province,Nairobi district,-1.283333,36.816667,POINT (36.816667 -1.283333),127874,Kenya,501,Africa,1,1,2007-12-31 00:00:00.000,2007-12-31 00:00:00.000,0,0,1,0,1,1,1,501,
43849,KEN-2008-3-501-1.1,2008,1,Clear,3,91,469,Government of Kenya - Civilians,91,936,Government of Kenya - Civilians,91,91,Government of Kenya,9999,1,Civilians,-1,"ICG ""Kenya in Crisis"" February 2008",,,,,1,Kakamega town,Kakamega town,Western province,Kakamega district,0.283333,34.750000,POINT (34.75 0.283333),130030,Kenya,501,Africa,1,5,2008-01-01 00:00:00.000,2008-02-28 00:00:00.000,0,0,1,0,1,1,1,501,
43883,KEN-2008-3-501-1.5,2008,1,Clear,3,91,469,Government of Kenya - Civilians,91,936,Government of Kenya - Civilians,91,91,Government of Kenya,9999,1,Civilians,-1,"ICG ""Kenya in Crisis"" February 2008",,,,,1,Webuye town,Webuye town,Western province,Bungoma district,0.616667,34.766667,POINT (34.766667 0.616667),130750,Kenya,501,Africa,2,5,2008-01-01 00:00:00.000,2008-02-28 00:00:00.000,0,0,3,0,3,3,3,501,
43707,KEN-2008-3-501-21,2008,1,Clear,3,91,469,Government of Kenya - Civilians,91,936,Government of Kenya - Civilians,91,91,Government of Kenya,9999,1,Civilians,-1,"HRW July 2008 ""All the men have  gone War Crimes in Kenyas Mt. Elgon Conflict",,,,,3,Mt. Elgon district,Mt. Elgon district,Western province,Mt. Elgon district,0.950000,34.616667,POINT (34.616667 0.95),130750,Kenya,501,Africa,2,5,2008-01-01 00:00:00.000,2008-04-02 00:00:00.000,0,0,7,0,7,12,7,501,
43708,KEN-2008-3-501-2,2008,1,Clear,3,91,469,Government of Kenya - Civilians,91,936,Government of Kenya - Civilians,91,91,Government of Kenya,9999,1,Civilians,-1,"ICG ""Kenya in Crisis"" February 2008",,,,,1,Kisumu town,Kisumu town,Nyanza province,Kisumu district,-0.100000,34.750000,POINT (34.75 -0.1),129310,Kenya,501,Africa,2,5,2008-01-01 00:00:00.000,2008-02-20 00:00:00.000,0,0,44,0,44,60,44,501,
43739,KEN-2008-3-501-25,2008,1,Clear,3,91,469,Government of Kenya - Civilians,91,936,Government of Kenya - Civilians,91,91,Government of Kenya,9999,1,Civilians,-1,"HRW, Kenya: Army and Rebel Militia Commit war Crimes in Mt. Elgon, april 2, 2008 (http://www.hrw.org/en/news/2008/04/02/kenya-army-and-rebel-militia-commit-war-crimes-mt-elgon?print)",,,,WKHRW,3,Mt. Elgon district,Mt. Elgon district,Western province,Mt. Elgon district,0.950000,34.616667,POINT (34.616667 0.95),130750,Kenya,501,Africa,2,5,2008-01-01 00:00:00.000,2008-04-02 00:00:00.000,0,0,23,0,23,23,0,501,
43727,KEN-2008-3-501-1.3,2008,1,Clear,3,91,469,Government of Kenya - Civilians,91,936,Government of Kenya - Civilians,91,91,Government of Kenya,9999,1,Civilians,-1,"ICG ""Kenya in Crisis"" February 2008",,,,,1,Lurambi town,Lurambi town,Western province,Kakamega district,0.300000,34.766667,POINT (34.766667 0.3),130030,Kenya,501,Africa,1,5,2008-01-01 00:00:00.000,2008-02-28 00:00:00.000,0,0,1,0,1,1,1,501,
43765,KEN-2008-3-501-27,2008,1,Clear,3,91,469,Government of Kenya - Civilians,91,936,Government of Kenya - Civilians,91,91,Government of Kenya,9999,1,Civilians,-1,"Report of the UN Special Rapporteur on extrajudicial, summary or arbitrary executions Mr. Philip Alston, 26 may 2009",,,,,6,Kenya,Kenya,,,1.000000,38.000000,POINT (38 1),131477,Kenya,501,Africa,1,5,2008-01-01 00:00:00.000,2008-12-31 00:00:00.000,0,0,2,0,2,2,0,501,
43751,KEN-2008-3-501-1.2,2008,1,Clear,3,91,469,Government of Kenya - Civilians,91,936,Government of Kenya - Civilians,91,91,Government of Kenya,9999,1,Civilians,-1,"ICG ""Kenya in Crisis"" February 2008",,,,,1,Maraba town,Maraba town,Western province,Kakamega district,0.283333,34.600000,POINT (34.6 0.283333),130030,Kenya,501,Africa,1,5,2008-01-01 00:00:00.000,2008-02-28 00:00:00.000,0,0,2,0,2,2,2,501,
43754,KEN-2008-3-501-1.4,2008,1,Clear,3,91,469,Government of Kenya - Civilians,91,936,Government of Kenya - Civilians,91,91,Government of Kenya,9999,1,Civilians,-1,"ICG ""Kenya in Crisis"" February 2008",,,,,1,Bungoma town,Bungoma town,Western province,Bungoma district,0.566667,34.566667,POINT (34.566667 0.566667),130750,Kenya,501,Africa,2,5,2008-01-01 00:00:00.000,2008-02-28 00:00:00.000,0,0,3,0,3,3,3,501,
43518,KEN-2008-3-501-6,2008,1,Clear,3,91,469,Government of Kenya - Civilians,91,936,Government of Kenya - Civilians,91,91,Government of Kenya,9999,1,Civilians,-1,"AP 2008-02-10 ""UN: Displaced Kenyans Can't Return Yet",,,,,6,Kenya,Kenya,,,1.000000,38.000000,POINT (38 1),131477,Kenya,501,Africa,1,4,2008-01-16 00:00:00.000,2008-01-31 00:00:00.000,0,0,2,0,2,2,2,501,
43620,KEN-2008-3-501-8,2008,1,Clear,3,91,469,Government of Kenya - Civilians,91,936,Government of Kenya - Civilians,91,91,Government of Kenya,9999,1,Civilians,-1,"HRW March 2008 ""Ballots to Bullets",,,,,1,Kisumu town,Kisumu town,Nyanza province,Kisumu district,-0.100000,34.750000,POINT (34.75 -0.1),129310,Kenya,501,Africa,1,1,2008-01-16 00:00:00.000,2008-01-16 00:00:00.000,0,0,6,0,6,6,6,501,
44175,KEN-2008-3-501-35,2008,1,Clear,3,91,469,Government of Kenya - Civilians,91,936,Government of Kenya - Civilians,91,91,Government of Kenya,9999,1,Civilians,-1,"Kenya National Commission on Human Rights, Report on Extra-Judicial Killings and Disappearances, September 2008",,,,,1,Ngurueini locality,Ngurueini (Muranga South District),Central province,Muranga district,-0.883333,37.066667,POINT (37.066667 -0.883333),128595,Kenya,501,Africa,1,3,2008-01-23 00:00:00.000,2008-01-29 00:00:00.000,0,0,0,0,0,4,0,501,
43776,KEN-2008-3-501-30,2008,1,Clear,3,91,469,Government of Kenya - Civilians,91,936,Government of Kenya - Civilians,91,91,Government of Kenya,9999,1,Civilians,-1,"Report of the UN Special Rapporteur on extrajudicial, summary or arbitrary executions Mr. Philip Alston, 26 may 2009",,,,,4,Nyanza province,Nyanza province,Nyanza province,,0.500000,34.500000,POINT (34.5 0.5),130750,Kenya,501,Africa,1,1,2008-01-28 00:00:00.000,2008-01-28 00:00:00.000,0,0,1,0,1,1,1,501,
43711,KEN-2008-3-501-14,2008,1,Clear,3,91,469,Government of Kenya - Civilians,91,936,Government of Kenya - Civilians,91,91,Government of Kenya,9999,1,Civilians,-1,"HRW July 2008 ""All the men have  gone War Crimes in Kenyas Mt. Elgon Conflict",,,,,3,Mt. Elgon district,Mt. Elgon district,Western province,Mt. Elgon district,0.950000,34.616667,POINT (34.616667 0.95),130750,Kenya,501,Africa,2,5,2008-03-01 00:00:00.000,2008-07-01 00:00:00.000,0,0,2,0,2,2,2,501,
43871,KEN-2008-3-501-15,2008,1,Clear,3,91,469,Government of Kenya - Civilians,91,936,Government of Kenya - Civilians,91,91,Government of Kenya,9999,1,Civilians,-1,"HRW July 2008 ""All the men have  gone War Crimes in Kenyas Mt. Elgon Conflict",,,,,3,Mt. Elgon district,Mt. Elgon district,Western province,Mt. Elgon district,0.950000,34.616667,POINT (34.616667 0.95),130750,Kenya,501,Africa,1,4,2008-03-01 00:00:00.000,2008-03-10 00:00:00.000,0,0,1,0,1,1,1,501,
44418,KEN-2008-3-501-16,2008,1,Clear,3,91,469,Government of Kenya - Civilians,91,936,Government of Kenya - Civilians,91,91,Government of Kenya,9999,1,Civilians,-1,"HRW July 2008 ""All the men have  gone War Crimes in Kenyas Mt. Elgon Conflict",,,,,3,Mt. Elgon district,Mt. Elgon district,Western province,Mt. Elgon district,0.950000,34.616667,POINT (34.616667 0.95),130750,Kenya,501,Africa,2,5,2008-03-01 00:00:00.000,2008-06-03 00:00:00.000,0,0,72,0,72,72,72,501,
44420,KEN-2008-3-501-17,2008,1,Clear,3,91,469,Government of Kenya - Civilians,91,936,Government of Kenya - Civilians,91,91,Government of Kenya,9999,1,Civilians,-1,"HRW July 2008 ""All the men have  gone War Crimes in Kenyas Mt. Elgon Conflict",,,,,3,Mt. Elgon district,Mt. Elgon district,Western province,Mt. Elgon district,0.950000,34.616667,POINT (34.616667 0.95),130750,Kenya,501,Africa,1,4,2008-03-01 00:00:00.000,2008-03-29 00:00:00.000,0,0,2,0,2,2,2,501,
44077,KEN-2008-3-501-18,2008,1,Clear,3,91,469,Government of Kenya - Civilians,91,936,Government of Kenya - Civilians,91,91,Government of Kenya,9999,1,Civilians,-1,"Medecine Sans Frontier May 2008 ""MOUNT ELGON: DOES ANYBODY CARE? MSF takes stock after one year in the heart of the crisis in Mount Elgon.",,,,,3,Mt. Elgon district,Mt. Elgon district (Kapkota),Western province,Mt. Elgon district,0.950000,34.616667,POINT (34.616667 0.95),130750,Kenya,501,Africa,2,5,2008-03-10 00:00:00.000,2008-05-31 00:00:00.000,0,0,4,0,4,4,4,501,
43780,KEN-2008-3-501-29,2008,1,Clear,3,91,469,Government of Kenya - Civilians,91,936,Government of Kenya - Civilians,91,91,Government of Kenya,9999,1,Civilians,-1,"Report of the UN Special Rapporteur on extrajudicial, summary or arbitrary executions Mr. Philip Alston, 26 may 2009",,,,,3,Mt. Elgon district,Mt. Elgon district (Kapkota),Western province,Mt. Elgon district,0.950000,34.616667,POINT (34.616667 0.95),130750,Kenya,501,Africa,1,4,2008-03-10 00:00:00.000,2008-03-31 00:00:00.000,0,0,1,0,1,1,1,501,
43716,KEN-2008-3-501-19.1,2008,1,Clear,3,91,469,Government of Kenya - Civilians,91,936,Government of Kenya - Civilians,91,91,Government of Kenya,9999,1,Civilians,-1,"HRW July 2008 ""All the men have  gone War Crimes in Kenyas Mt. Elgon Conflict",,,,,1,Webuye town,Webuye town,Western province,Bungoma district,0.616667,34.766667,POINT (34.766667 0.616667),130750,Kenya,501,Africa,2,4,2008-03-17 00:00:00.000,2008-03-31 00:00:00.000,0,0,3,0,3,3,3,501,
43884,KEN-2008-3-501-19.2,2008,1,Clear,3,91,469,Government of Kenya - Civilians,91,936,Government of Kenya - Civilians,91,91,Government of Kenya,9999,1,Civilians,-1,"HRW July 2008 ""All the men have  gone War Crimes in Kenyas Mt. Elgon Conflict",,,,,1,Bungoma town,Bungoma town,Western province,Bungoma district,0.566667,34.566667,POINT (34.566667 0.566667),130750,Kenya,501,Africa,2,4,2008-03-17 00:00:00.000,2008-03-31 00:00:00.000,0,0,2,0,2,2,2,501,
44053,KEN-2008-3-501-26,2008,1,Clear,3,91,469,Government of Kenya - Civilians,91,936,Government of Kenya - Civilians,91,91,Government of Kenya,9999,1,Civilians,-1,HRW: Kenya: Army and rebel militia commit war crimes in Mt. Elgon,,,,,1,Kaptaboi village,Kaptaboi village,Rift Valley province,Uasin Gishu district,0.566667,35.050000,POINT (35.05 0.566667),130751,Kenya,501,Africa,1,1,2008-04-02 00:00:00.000,2008-04-02 00:00:00.000,0,0,4,0,4,4,4,501,
43694,KEN-2008-3-501-20,2008,1,Clear,3,91,469,Government of Kenya - Civilians,91,936,Government of Kenya - Civilians,91,91,Government of Kenya,9999,1,Civilians,-1,"HRW July 2008 ""All the men have  gone War Crimes in Kenyas Mt. Elgon Conflict",,,,,3,Mt. Elgon district,Mt. Elgon district,Western province,Mt. Elgon district,0.950000,34.616667,POINT (34.616667 0.95),130750,Kenya,501,Africa,1,1,2008-04-02 00:00:00.000,2008-04-02 00:00:00.000,0,0,8,0,8,8,8,501,
43758,KEN-2008-3-501-39,2008,1,Clear,3,91,469,Government of Kenya - Civilians,91,936,Government of Kenya - Civilians,91,91,Government of Kenya,9999,1,Civilians,-1,"Report of the UN Special Rapporteur on extrajudicial, summary or arbitrary executions Mr. Philip Alston, 26 may 2009",,,,,3,Machakos district,Machakos District,Eastern province,Machakos district,-2.000000,37.666667,POINT (37.666667 -2),127156,Kenya,501,Africa,1,1,2008-04-09 00:00:00.000,2008-04-09 00:00:00.000,0,0,2,0,2,2,2,501,
43752,KEN-2008-3-501-22,2008,1,Clear,3,91,469,Government of Kenya - Civilians,91,936,Government of Kenya - Civilians,91,91,Government of Kenya,9999,1,Civilians,-1,"AFP 2008-05-07 ""Seven corpses discovered in restive Kenya region: relatives",,,,,3,Mt. Elgon district,Mt. Elgon district,Western province,Mt. Elgon district,0.950000,34.616667,POINT (34.616667 0.95),130750,Kenya,501,Africa,1,2,2008-05-01 00:00:00.000,2008-05-06 00:00:00.000,0,0,7,0,7,7,7,501,
43777,KEN-2008-3-501-32,2008,1,Clear,3,91,469,Government of Kenya - Civilians,91,936,Government of Kenya - Civilians,91,91,Government of Kenya,9999,1,Civilians,-1,"Kenya National Commission on Human Rights, Report on Extra-Judicial Killings and Disappearances, September 2008",,,,,2,Kayole village,"Kayole village (near, Masimba)",Nairobi province,Nairobi district,-1.283333,36.933330,POINT (36.93333 -1.283333),127874,Kenya,501,Africa,2,4,2008-05-01 00:00:00.000,2008-05-31 00:00:00.000,0,0,3,0,3,3,3,501,
43912,KEN-2008-3-501-23,2008,1,Clear,3,91,469,Government of Kenya - Civilians,91,936,Government of Kenya - Civilians,91,91,Government of Kenya,9999,1,Civilians,-1,"HRW July 2008 ""All the men have  gone War Crimes in Kenyas Mt. Elgon Conflict",,,,,3,Mt. Elgon district,Mt. Elgon district,Western province,Mt. Elgon district,0.950000,34.616667,POINT (34.616667 0.95),130750,Kenya,501,Africa,1,4,2008-05-01 00:00:00.000,2008-05-31 00:00:00.000,0,0,7,0,7,14,7,501,
43805,KEN-2008-3-501-31,2008,1,Clear,3,91,469,Government of Kenya - Civilians,91,936,Government of Kenya - Civilians,91,91,Government of Kenya,9999,1,Civilians,-1,"Kenya National Commission on Human Rights, Report on Extra-Judicial Killings and Disappearances, September 2008",,,,,2,Kayole village,"Kayole village (near, Masimba)",Nairobi province,Nairobi district,-1.283333,36.933330,POINT (36.93333 -1.283333),127874,Kenya,501,Africa,1,1,2008-05-02 00:00:00.000,2008-05-02 00:00:00.000,0,0,1,0,1,1,1,501,
43770,KEN-2008-3-501-36,2008,1,Clear,3,91,469,Government of Kenya - Civilians,91,936,Government of Kenya - Civilians,91,91,Government of Kenya,9999,1,Civilians,-1,"Kenya National Commission on Human Rights, Report on Extra-Judicial Killings and Disappearances, September 2008",,,,,1,Nairobi city,Nairobi city (Glucollar area of Baba Dogo Estate),Nairobi province,Nairobi district,-1.283333,36.816667,POINT (36.816667 -1.283333),127874,Kenya,501,Africa,1,3,2008-05-22 00:00:00.000,2008-05-28 00:00:00.000,0,0,0,0,0,1,0,501,
44425,KEN-2008-3-501-34,2008,1,Clear,3,91,469,Government of Kenya - Civilians,91,936,Government of Kenya - Civilians,91,91,Government of Kenya,9999,1,Civilians,-1,"Kenya National Commission on Human Rights, Report on Extra-Judicial Killings and Disappearances, September 2008",,,,,3,Muranga district,Muranga district,Central province,Muranga district,-0.750000,37.000000,POINT (37 -0.75),128595,Kenya,501,Africa,1,1,2008-06-20 00:00:00.000,2008-06-20 00:00:00.000,0,0,1,0,1,1,1,501,
44174,KEN-2008-3-501-33,2008,1,Clear,3,91,469,Government of Kenya - Civilians,91,936,Government of Kenya - Civilians,91,91,Government of Kenya,9999,1,Civilians,-1,"Kenya National Commission on Human Rights, Report on Extra-Judicial Killings and Disappearances, September 2008",,,,,1,Nairobi city,Nairobi city,Nairobi province,Nairobi district,-1.283333,36.816667,POINT (36.816667 -1.283333),127874,Kenya,501,Africa,1,4,2008-06-30 00:00:00.000,2008-07-11 00:00:00.000,0,0,2,0,2,3,2,501,
43852,KEN-2008-3-501-28,2008,1,Clear,3,91,469,Government of Kenya - Civilians,91,936,Government of Kenya - Civilians,91,91,Government of Kenya,9999,1,Civilians,-1,"Report of the UN Special Rapporteur on extrajudicial, summary or arbitrary executions Mr. Philip Alston, 26 may 2009",,,,,6,Kenya,Kenya,,,1.000000,38.000000,POINT (38 1),131477,Kenya,501,Africa,1,1,2008-06-30 00:00:00.000,2008-06-30 00:00:00.000,0,0,1,0,1,1,1,501,
43773,KEN-2008-3-501-37,2008,1,Clear,3,91,469,Government of Kenya - Civilians,91,936,Government of Kenya - Civilians,91,91,Government of Kenya,9999,1,Civilians,-1,"Kenya National Commission on Human Rights, Report on Extra-Judicial Killings and Disappearances, September 2008",,,,,1,Nairobi city,Nairobi city,Nairobi province,Nairobi district,-1.283333,36.816667,POINT (36.816667 -1.283333),127874,Kenya,501,Africa,1,2,2008-07-19 00:00:00.000,2008-07-24 00:00:00.000,0,0,2,0,2,2,2,501,
43759,KEN-2009-3-501-5,2009,0,Clear,3,91,469,Government of Kenya - Civilians,91,936,Government of Kenya - Civilians,91,91,Government of Kenya,9999,1,Civilians,-1,"Report of the UN Special Rapporteur on extrajudicial, summary or arbitrary executions Mr. Philip Alston, 26 may 2009",,,,,1,Nairobi city,Nairobi city,Nairobi province,Nairobi district,-1.283333,36.816667,POINT (36.816667 -1.283333),127874,Kenya,501,Africa,1,1,2009-01-24 00:00:00.000,2009-01-24 00:00:00.000,0,0,1,0,1,1,1,501,
43995,KEN-2009-3-501-1,2009,0,Clear,3,91,469,Government of Kenya - Civilians,91,936,Government of Kenya - Civilians,91,91,Government of Kenya,9999,1,Civilians,-1,AFP 2009-03-05; R 2009-03-25,,,,witness; Afp corr.at the scene,1,Nairobi city,Nairobi city,Nairobi province,Nairobi district,-1.283333,36.816667,POINT (36.816667 -1.283333),127874,Kenya,501,Africa,1,1,2009-03-05 00:00:00.000,2009-03-05 00:00:00.000,0,0,2,0,2,2,2,501,
44007,KEN-2009-3-501-2,2009,0,Clear,3,91,469,Government of Kenya - Civilians,91,936,Government of Kenya - Civilians,91,91,Government of Kenya,9999,1,Civilians,-1,Reuters 2009-03-06,,,,,1,Nairobi city,Nairobi city,Nairobi province,Nairobi district,-1.283333,36.816667,POINT (36.816667 -1.283333),127874,Kenya,501,Africa,1,1,2009-03-06 00:00:00.000,2009-03-06 00:00:00.000,0,0,0,0,0,1,0,501,
43775,KEN-2009-3-501-3,2009,0,Clear,3,91,469,Government of Kenya - Civilians,91,936,Government of Kenya - Civilians,91,91,Government of Kenya,9999,1,Civilians,-1,The Nation/All Africa Global Media via COMTEX 2009-07-16,,,,"conflict resolution practitioner, Mr Lucas Ariong",1,Nakwamoru village,Nakwamoru village,Rift Valley province,Turkana district,2.133333,35.400000,POINT (35.4 2.133333),132911,Kenya,501,Africa,1,1,2009-07-15 00:00:00.000,2009-07-15 00:00:00.000,0,0,0,0,0,9,0,501,
44162,KEN-2009-3-501-4,2009,0,Clear,3,91,469,Government of Kenya - Civilians,91,936,Government of Kenya - Civilians,91,91,Government of Kenya,9999,1,Civilians,-1,The Nation/All Africa Global Media via COMTEX 2009-07-27,,,,,1,Kampi ya Moto village,Kampi ya Moto,Rift Valley province,Nakuru district,-0.133333,35.933333,POINT (35.933333 -0.133333),129312,Kenya,501,Africa,1,1,2009-07-26 00:00:00.000,2009-07-26 00:00:00.000,0,0,0,0,0,3,0,501,
40755,KEN-2011-3-501-2,2011,0,Clear,3,91,469,Government of Kenya - Civilians,91,936,Government of Kenya - Civilians,91,91,Government of Kenya,9999,1,Civilians,-1,"Nairobi Star/All Africa 27 June 2011 ""Narok Murder Sparks Off Demo",,,,Councilors Nkoibon Metian and Koinet Esho,2,Wafoo village,"near Wafo Trading Centre, about 50 Kilometres from Narok Town",Rift Valley province,Narok district,-0.889483,36.107220,POINT (36.10722 -0.889483),128593,Kenya,501,Africa,1,1,2011-06-22 00:00:00.000,2011-06-22 00:00:00.000,0,0,1,0,1,1,1,501,
62645,KEN-2013-3-501-1,2013,0,Clear,3,91,469,Government of Kenya - Civilians,91,936,Government of Kenya - Civilians,91,91,Government of Kenya,9999,1,Civilians,7,"""Xinhua News Agency,2013-03-30,Violent demonstration erupts in Kenya's Kisumu"";""Xinhua News Agency,2013-03-30,Roundup: At least four feared dead as demonstrations rocks Kenya's Kisumu city"";""Agence France Presse,2013-03-31,Kenya on alert after court ruling sparks riots"";""Xinhua News Agency,2013-03-31,Roundup: Business hurt as Kenya's Court ruling sparks violent demonstration"";""BBC Monitoring Africa,2013-04-03,Regional lawyers body slams police for killing protesters in western Kenya town"";""Xinhua News Agency,2013-04-01,Kenyan police to charge over 20 suspects over Kisumu chaos"";""All Africa,2013-05-23,Witnesses Describe Kisumu Killings By Police - Used Live Ammunition, Tried to Cover Up Evidence [press release]""",Xinhua News Agency;Xinhua News Agency;Agence France Presse;Xinhua News Agency;BBC Monitoring Africa;Xinhua News Agency;All Africa,2013-03-30;2013-03-30;2013-03-31;2013-03-31;2013-04-03;2013-04-01;2013-05-23,"Violent demonstration erupts in Kenya's Kisumu;Roundup: At least four feared dead as demonstrations rocks Kenya's Kisumu city;Kenya on alert after court ruling sparks riots;Roundup: Business hurt as Kenya's Court ruling sparks violent demonstration;Regional lawyers body slams police for killing protesters in western Kenya town;Kenyan police to charge over 20 suspects over Kisumu chaos;Witnesses Describe Kisumu Killings By Police - Used Live Ammunition, Tried to Cover Up Evidence [press release]","local residents, police",1,Kisumu town,Kisumu town,Kisumu county,Kisumu Central constituency,-0.100000,34.750000,POINT (34.75 -0.1),129310,Kenya,501,Africa,1,1,2013-03-30 00:00:00.000,2013-03-30 00:00:00.000,0,0,2,0,2,5,0,501,
235841,KEN-2013-3-501-7,2013,0,Clear,3,91,469,Government of Kenya - Civilians,91,936,Government of Kenya - Civilians,91,91,Government of Kenya,9999,1,Civilians,1,"""Haki Africa,2016-12-01,WHAT DO WE TELL THE FAMILIES? KILLINGS AND DISAPPEARANCES IN THE COASTAL REGION OF KENYA, 2012-2016""",Haki Africa,2016-12-01,"WHAT DO WE TELL THE FAMILIES? KILLINGS AND DISAPPEARANCES IN THE COASTAL REGION OF KENYA, 2012-2016",Haki Africa interviews,3,Kisauni Constitiency,"Kisauni Mlaleo, Mombasa",Mombasa county,Kisauni Constitiency,-3.978649,39.683908,POINT (39.683908 -3.978649),124280,Kenya,501,Africa,1,1,2013-06-13 00:00:00.000,2013-06-13 00:00:00.000,0,0,0,0,0,1,0,501,
235842,KEN-2013-3-501-8,2013,0,Clear,3,91,469,Government of Kenya - Civilians,91,936,Government of Kenya - Civilians,91,91,Government of Kenya,9999,1,Civilians,1,"""Haki Africa,2016-12-01,WHAT DO WE TELL THE FAMILIES? KILLINGS AND DISAPPEARANCES IN THE COASTAL REGION OF KENYA, 2012-2016""",Haki Africa,2016-12-01,"WHAT DO WE TELL THE FAMILIES? KILLINGS AND DISAPPEARANCES IN THE COASTAL REGION OF KENYA, 2012-2016",Haki Africa interviews,1,Mombasa town,"Kiembeni area, Mombasa",Mombasa county,,-4.050000,39.666667,POINT (39.666667 -4.05),123560,Kenya,501,Africa,1,1,2013-06-13 00:00:00.000,2013-06-13 00:00:00.000,0,0,0,0,0,1,0,501,
235846,KEN-2014-3-501-6,2014,0,Clear,3,91,469,Government of Kenya - Civilians,91,936,Government of Kenya - Civilians,91,91,Government of Kenya,9999,1,Civilians,1,"""Haki Africa,2016-12-01,WHAT DO WE TELL THE FAMILIES? KILLINGS AND DISAPPEARANCES IN THE COASTAL REGION OF KENYA, 2012-2016""",Haki Africa,2016-12-01,"WHAT DO WE TELL THE FAMILIES? KILLINGS AND DISAPPEARANCES IN THE COASTAL REGION OF KENYA, 2012-2016",Haki Africa interviews,1,Mombasa town,Mombasa,Mombasa county,,-4.050000,39.666667,POINT (39.666667 -4.05),123560,Kenya,501,Africa,1,1,2014-02-02 00:00:00.000,2014-02-02 00:00:00.000,0,0,0,0,0,7,0,501,
235847,KEN-2014-3-501-7,2014,0,Clear,3,91,469,Government of Kenya - Civilians,91,936,Government of Kenya - Civilians,91,91,Government of Kenya,9999,1,Civilians,1,"""Haki Africa,2016-12-01,WHAT DO WE TELL THE FAMILIES? KILLINGS AND DISAPPEARANCES IN THE COASTAL REGION OF KENYA, 2012-2016""",Haki Africa,2016-12-01,"WHAT DO WE TELL THE FAMILIES? KILLINGS AND DISAPPEARANCES IN THE COASTAL REGION OF KENYA, 2012-2016",Haki Africa interviews,1,Mtongwe village,Ziwani area of Mtongwe,Mombasa county,Likoni Constitiency,-4.066420,39.641080,POINT (39.64108 -4.06642),123560,Kenya,501,Africa,1,1,2014-03-23 00:00:00.000,2014-03-23 00:00:00.000,0,0,0,0,0,2,0,501,
233207,KEN-2016-3-501-3,2016,0,Clear,3,91,469,Government of Kenya - Civilians,91,936,Government of Kenya - Civilians,91,91,Government of Kenya,9999,1,Civilians,5,"""Dow Jones Institutional News,2016-05-23,At Least Two Die in Kenya Protests"";""Xinhua News Agency,2016-05-23,Roundup: 3 Kenyan opposition supporters killed, scores injured in poll protests"";""Agence France Presse,2016-05-24,Three dead in Kenya protests: police"";""Reuters News,2016-05-24,Nine men charged after protest clashes in Kenya"";""All Africa,2016-06-21,Police Killings During Protests [analysis]""",Dow Jones Institutional News;Xinhua News Agency;Agence France Presse;Reuters News;All Africa,2016-05-23;2016-05-23;2016-05-24;2016-05-24;2016-06-21,"At Least Two Die in Kenya Protests;Roundup: 3 Kenyan opposition supporters killed, scores injured in poll protests;Three dead in Kenya protests: police;Nine men charged after protest clashes in Kenya;Police Killings During Protests [analysis]","Bonny Odinga, the county's communications director; police; HRW",1,Siaya town,"Siaya town, Siaya County in western Kenya",Siaya county,Bondo constituency,0.061158,34.288234,POINT (34.288234 0.061158),130029,Kenya,501,Africa,1,1,2016-05-23 00:00:00.000,2016-05-23 00:00:00.000,0,0,2,0,2,2,0,501,
233205,KEN-2016-3-501-2,2016,0,Clear,3,91,469,Government of Kenya - Civilians,91,936,Government of Kenya - Civilians,91,91,Government of Kenya,9999,1,Civilians,5,"""Xinhua News Agency,2016-05-23,1st LD Writethru: One dead, scores injured in anti-electoral body's protests in Kenya"";""Agence France Presse,2016-05-23,At least one killed in Kenya protests"";""Reuters News,2016-05-23,One dead as Kenyans clash with police in protest over election panel"";""Reuters News,2016-05-24,Nine men charged after protest clashes in Kenya"";""All Africa,2016-06-21,Police Killings During Protests [analysis]""",Xinhua News Agency;Agence France Presse;Reuters News;Reuters News;All Africa,2016-05-23;2016-05-23;2016-05-23;2016-05-24;2016-06-21,"1st LD Writethru: One dead, scores injured in anti-electoral body's protests in Kenya;At least one killed in Kenya protests;One dead as Kenyans clash with police in protest over election panel;Nine men charged after protest clashes in Kenya;Police Killings During Protests [analysis]","witnesses/local media; Willy Lugusa, the regional police commander; Sam Oula, a doctor at the hospital",1,Kisumu town,Kisumu,Kisumu county,Kisumu Central constituency,-0.100000,34.750000,POINT (34.75 -0.1),129310,Kenya,501,Africa,1,1,2016-05-23 00:00:00.000,2016-05-23 00:00:00.000,0,0,1,0,1,1,0,501,
233258,KEN-2016-3-501-4,2016,0,Clear,3,91,469,Government of Kenya - Civilians,91,936,Government of Kenya - Civilians,91,91,Government of Kenya,9999,1,Civilians,7,"""Reuters News,2016-06-06,Opposition says two protesters shot dead in west Kenya"";""All Africa,2016-06-21,Police Killings During Protests [analysis]"";""Agence France Presse,2016-06-06,One killed, 6 hurt in Kenya protests: witnesses"";""Reuters News,2016-06-06,At least one killed in Kenya in protest over vote body"";""Agence France Presse,2016-06-06,Two shot dead as Kenyan protests turn violent"";""Xinhua News Agency,2016-06-06,Roundup: One killed, over 20 injured in Kenya opposition protests"";""All Africa,2016-06-07,At Least Two Dead in Kisumu Anti-IEBC Demo""",Reuters News;All Africa;Agence France Presse;Reuters News;Agence France Presse;Xinhua News Agency;All Africa,2016-06-06;2016-06-21;2016-06-06;2016-06-06;2016-06-06;2016-06-06;2016-06-07,"Opposition says two protesters shot dead in west Kenya;Police Killings During Protests [analysis];One killed, 6 hurt in Kenya protests: witnesses;At least one killed in Kenya in protest over vote body;Two shot dead as Kenyan protests turn violent;Roundup: One killed, over 20 injured in Kenya opposition protests;At Least Two Dead in Kisumu Anti-IEBC Demo","Dennis Onyango, spokesman for opposition leader Raila Odinga; witnesses; HRW",1,Kisumu town,Kisumu,Kisumu county,Kisumu Central constituency,-0.100000,34.750000,POINT (34.75 -0.1),129310,Kenya,501,Africa,1,1,2016-06-06 00:00:00.000,2016-06-06 00:00:00.000,0,0,2,0,2,2,2,501,
233266,KEN-2016-3-501-5,2016,0,Clear,3,91,469,Government of Kenya - Civilians,91,936,Government of Kenya - Civilians,91,91,Government of Kenya,9999,1,Civilians,9,"""Agence France Presse,2016-07-01,Three Kenyan police held over rights lawyer's murder"";""All Africa,2016-07-06,3 Suspects Sought As Progress Made Over Triple Murder"";""The Standard (Kenya),2016-09-15,Fifth suspect in lawyer Willie Kimani's murder arrested"";""All Africa,2016-07-06,FBI to Join Probe Into Murder of Lawyer, 2 Others"";""All Africa,2016-07-03,Execution of Lawyer, 2 Others - What We Know So Far"";""All Africa,2016-07-04,Investigate Killings of Lawyer, Two Men [press release]"";""All Africa,2016-07-05,Fourth Cop Arrested Over Murder of Lawyer, 2 Others"";""Agence France Presse,2016-07-01,Kenyan lawyer who took on police found tortured to death"";""Agence France Presse,2016-07-01,Kenyan lawyer who took on police found tortured to death""",Agence France Presse;All Africa;The Standard (Kenya);All Africa;All Africa;All Africa;All Africa;Agence France Presse;Agence France Presse,2016-07-01;2016-07-06;2016-09-15;2016-07-06;2016-07-03;2016-07-04;2016-07-05;2016-07-01;2016-07-01,"Three Kenyan police held over rights lawyer's murder;3 Suspects Sought As Progress Made Over Triple Murder;Fifth suspect in lawyer Willie Kimani's murder arrested;FBI to Join Probe Into Murder of Lawyer, 2 Others;Execution of Lawyer, 2 Others - What We Know So Far;Investigate Killings of Lawyer, Two Men [press release];Fourth Cop Arrested Over Murder of Lawyer, 2 Others;Kenyan lawyer who took on police found tortured to death;Kenyan lawyer who took on police found tortured to death",president of the Law Society of Kenya (LSK); friend and fellow lawyer Duncan Kinuthia; police chief Joseph Boinnet,2,Nairobi city,"Mlolongo, outskirts of Nairobi",Nairobi city county,,-1.283333,36.816667,POINT (36.816667 -1.283333),127874,Kenya,501,Africa,1,4,2016-06-23 00:00:00.000,2016-06-30 00:00:00.000,0,0,3,0,3,3,3,501,
241909,KEN-2017-3-936-6,2017,1,Clear,3,91,469,Government of Kenya - Civilians,91,936,Government of Kenya - Civilians,91,91,Government of Kenya,9999,1,Civilians,1,"""“KILL THOSE CRIMINALS” Security Forces Violations in Kenya’s August 2017 Elections,2017-10-15,Unlawful killings (pp 16-19)""",“KILL THOSE CRIMINALS” Security Forces Violations in Kenya’s August 2017 Elections,2017-10-15,Unlawful killings (pp 16-19),,1,Nairobi city,Nairobi (Mathare),Nairobi city county,,-1.283333,36.816667,POINT (36.816667 -1.283333),127874,Kenya,501,Africa,1,1,2017-08-09 00:00:00.000,2017-08-09 00:00:00.000,0,0,2,0,2,2,2,501,
241921,KEN-2017-3-936-12,2017,1,Clear,3,91,469,Government of Kenya - Civilians,91,936,Government of Kenya - Civilians,91,91,Government of Kenya,9999,1,Civilians,1,"""“KILL THOSE CRIMINALS” Security Forces Violations in Kenya’s August 2017 Elections,2017-10-15,The Geography of Violence (pp 21-32)""",“KILL THOSE CRIMINALS” Security Forces Violations in Kenya’s August 2017 Elections,2017-10-15,The Geography of Violence (pp 21-32),,1,Nairobi city,Nairobi (“56 stage” area in Kawangware),Nairobi city county,,-1.283333,36.816667,POINT (36.816667 -1.283333),127874,Kenya,501,Africa,1,2,2017-08-09 00:00:00.000,2017-08-11 00:00:00.000,0,0,1,0,1,1,1,501,
241962,KEN-2017-3-936-17,2017,1,Clear,3,91,469,Government of Kenya - Civilians,91,936,Government of Kenya - Civilians,91,91,Government of Kenya,9999,1,Civilians,1,"""Kenya: Post-Election Killings, Abuse. Investigate Police Use of Excessive Force; Uphold Right to Peaceful Protest,2017-08-27,Killings by Police in Kisumu and Siaya Counties""","Kenya: Post-Election Killings, Abuse. Investigate Police Use of Excessive Force; Uphold Right to Peaceful Protest",2017-08-27,Killings by Police in Kisumu and Siaya Counties,,1,Kisumu town,Kisumu town (Kondele area),Kisumu county,Kisumu Central constituency,-0.100000,34.750000,POINT (34.75 -0.1),129310,Kenya,501,Africa,1,1,2017-08-11 00:00:00.000,2017-08-11 00:00:00.000,0,0,2,0,2,2,2,501,
241965,KEN-2017-3-936-18,2017,1,Clear,3,91,469,Government of Kenya - Civilians,91,936,Government of Kenya - Civilians,91,91,Government of Kenya,9999,1,Civilians,2,"""Kenya: Post-Election Killings, Abuse. Investigate Police Use of Excessive Force; Uphold Right to Peaceful Protest,2017-08-27,Killings by Police in Kisumu and Siaya Counties"";""Agence France Presse,2019-02-14,Kenya police 'liable' over baby's election protest death""","Kenya: Post-Election Killings, Abuse. Investigate Police Use of Excessive Force; Uphold Right to Peaceful Protest;Agence France Presse",2017-08-27;2019-02-14,Killings by Police in Kisumu and Siaya Counties;Kenya police 'liable' over baby's election protest death,,4,Kisumu county,Kisumu county,Kisumu county,,-0.166667,34.916667,POINT (34.916667 -0.166667),129310,Kenya,501,Africa,1,1,2017-08-11 00:00:00.000,2017-08-11 00:00:00.000,0,0,1,0,1,1,1,501,
241966,KEN-2017-3-936-19,2017,1,Clear,3,91,469,Government of Kenya - Civilians,91,936,Government of Kenya - Civilians,91,91,Government of Kenya,9999,1,Civilians,1,"""Kenya: Post-Election Killings, Abuse. Investigate Police Use of Excessive Force; Uphold Right to Peaceful Protest,2017-08-27,Killings by Police in Kisumu and Siaya Counties""","Kenya: Post-Election Killings, Abuse. Investigate Police Use of Excessive Force; Uphold Right to Peaceful Protest",2017-08-27,Killings by Police in Kisumu and Siaya Counties,,1,Dago village,"Dago, 25 km north of Kisumu",Kisumu county,Kisumu West constituency,-0.014359,34.724249,POINT (34.724249 -0.014359),129310,Kenya,501,Africa,1,1,2017-08-11 00:00:00.000,2017-08-11 00:00:00.000,0,0,1,0,1,1,1,501,
241969,KEN-2017-3-936-68,2017,1,Clear,3,91,469,Government of Kenya - Civilians,91,936,Government of Kenya - Civilians,91,91,Government of Kenya,9999,1,Civilians,1,"""Kenya: Post-Election Killings, Abuse. Investigate Police Use of Excessive Force; Uphold Right to Peaceful Protest,2017-08-27,Killings by Police in Kisumu and Siaya Counties""","Kenya: Post-Election Killings, Abuse. Investigate Police Use of Excessive Force; Uphold Right to Peaceful Protest",2017-08-27,Killings by Police in Kisumu and Siaya Counties,,4,Siaya county,"Anduro village, Siaya county",Siaya county,,-0.016667,34.283333,POINT (34.283333 -0.016667),129309,Kenya,501,Africa,1,1,2017-08-11 00:00:00.000,2017-08-11 00:00:00.000,0,0,1,0,1,1,1,501,
241912,KEN-2017-3-936-7,2017,1,Clear,3,91,469,Government of Kenya - Civilians,91,936,Government of Kenya - Civilians,91,91,Government of Kenya,9999,1,Civilians,1,"""“KILL THOSE CRIMINALS” Security Forces Violations in Kenya’s August 2017 Elections,2017-10-15,Unlawful killings (pp 16-19)""",“KILL THOSE CRIMINALS” Security Forces Violations in Kenya’s August 2017 Elections,2017-10-15,Unlawful killings (pp 16-19),,1,Nairobi city,Nairobi (Babadogo area),Nairobi city county,,-1.283333,36.816667,POINT (36.816667 -1.283333),127874,Kenya,501,Africa,1,1,2017-08-11 00:00:00.000,2017-08-11 00:00:00.000,0,0,3,0,3,3,3,501,
241913,KEN-2017-3-936-8,2017,1,Clear,3,91,469,Government of Kenya - Civilians,91,936,Government of Kenya - Civilians,91,91,Government of Kenya,9999,1,Civilians,1,"""“KILL THOSE CRIMINALS” Security Forces Violations in Kenya’s August 2017 Elections,2017-10-15,Unlawful killings (pp 16-19)""",“KILL THOSE CRIMINALS” Security Forces Violations in Kenya’s August 2017 Elections,2017-10-15,Unlawful killings (pp 16-19),,1,Nairobi city,Nairobi (Kibera),Nairobi city county,,-1.283333,36.816667,POINT (36.816667 -1.283333),127874,Kenya,501,Africa,1,1,2017-08-11 00:00:00.000,2017-08-11 00:00:00.000,0,0,1,0,1,1,1,501,
241916,KEN-2017-3-936-9,2017,1,Clear,3,91,469,Government of Kenya - Civilians,91,936,Government of Kenya - Civilians,91,91,Government of Kenya,9999,1,Civilians,1,"""“KILL THOSE CRIMINALS” Security Forces Violations in Kenya’s August 2017 Elections,2017-10-15,The Geography of Violence (pp 21-32)""",“KILL THOSE CRIMINALS” Security Forces Violations in Kenya’s August 2017 Elections,2017-10-15,The Geography of Violence (pp 21-32),,1,Nairobi city,Nairobi (Dandora),Nairobi city county,,-1.283333,36.816667,POINT (36.816667 -1.283333),127874,Kenya,501,Africa,1,1,2017-08-11 00:00:00.000,2017-08-11 00:00:00.000,0,0,1,0,1,1,1,501,
241920,KEN-2017-3-936-11,2017,1,Clear,3,91,469,Government of Kenya - Civilians,91,936,Government of Kenya - Civilians,91,91,Government of Kenya,9999,1,Civilians,1,"""“KILL THOSE CRIMINALS” Security Forces Violations in Kenya’s August 2017 Elections,2017-10-15,The Geography of Violence (pp 21-32)""",“KILL THOSE CRIMINALS” Security Forces Violations in Kenya’s August 2017 Elections,2017-10-15,The Geography of Violence (pp 21-32),,1,Nairobi city,Nairobi (Kawangware),Nairobi city county,,-1.283333,36.816667,POINT (36.816667 -1.283333),127874,Kenya,501,Africa,1,1,2017-08-11 00:00:00.000,2017-08-11 00:00:00.000,0,0,1,0,1,1,1,501,
240467,KEN-2017-3-936-66,2017,1,Clear,3,91,469,Government of Kenya - Civilians,91,936,Government of Kenya - Civilians,91,91,Government of Kenya,9999,1,Civilians,3,"""Agence France Presse,2017-08-12,TOPSHOTS Two shot dead in protests against disputed Kenya vote"";""Agence France Presse,2017-08-13,Protest death toll in west Kenya rises to 7: police"";""The Star (Kenya),2017-08-15,Siaya family wants justice for son killed by cops in post-election demos""",Agence France Presse;Agence France Presse;The Star (Kenya),2017-08-12;2017-08-13;2017-08-15,TOPSHOTS Two shot dead in protests against disputed Kenya vote;Protest death toll in west Kenya rises to 7: police;Siaya family wants justice for son killed by cops in post-election demos,police,1,Siaya town,Siaya town,Siaya county,Bondo constituency,0.061158,34.288234,POINT (34.288234 0.061158),130029,Kenya,501,Africa,1,1,2017-08-11 00:00:00.000,2017-08-11 00:00:00.000,0,0,2,0,2,2,2,501,
241968,KEN-2017-3-936-21,2017,1,Clear,3,91,469,Government of Kenya - Civilians,91,936,Government of Kenya - Civilians,91,91,Government of Kenya,9999,1,Civilians,1,"""Kenya: Post-Election Killings, Abuse. Investigate Police Use of Excessive Force; Uphold Right to Peaceful Protest,2017-08-27,Killings by Police in Kisumu and Siaya Counties""","Kenya: Post-Election Killings, Abuse. Investigate Police Use of Excessive Force; Uphold Right to Peaceful Protest",2017-08-27,Killings by Police in Kisumu and Siaya Counties,,4,Siaya county,Siaya county,Siaya county,,-0.016667,34.283333,POINT (34.283333 -0.016667),129309,Kenya,501,Africa,1,1,2017-08-12 00:00:00.000,2017-08-12 00:00:00.000,0,0,1,0,1,1,1,501,
241960,KEN-2017-3-936-16,2017,1,Clear,3,91,469,Government of Kenya - Civilians,91,936,Government of Kenya - Civilians,91,91,Government of Kenya,9999,1,Civilians,1,"""Kenya: Post-Election Killings, Abuse. Investigate Police Use of Excessive Force; Uphold Right to Peaceful Protest,2017-08-27,Killings by Police in Kisumu and Siaya Counties""","Kenya: Post-Election Killings, Abuse. Investigate Police Use of Excessive Force; Uphold Right to Peaceful Protest",2017-08-27,Killings by Police in Kisumu and Siaya Counties,,1,Kisumu town,Kisumu town (Nyaori area),Kisumu county,Kisumu Central constituency,-0.100000,34.750000,POINT (34.75 -0.1),129310,Kenya,501,Africa,1,1,2017-08-12 00:00:00.000,2017-08-12 00:00:00.000,0,0,2,0,2,2,2,501,
241907,KEN-2017-3-936-4,2017,1,Clear,3,91,469,Government of Kenya - Civilians,91,936,Government of Kenya - Civilians,91,91,Government of Kenya,9999,1,Civilians,1,"""“KILL THOSE CRIMINALS” Security Forces Violations in Kenya’s August 2017 Elections,2017-10-15,Unlawful killings (pp 16-19)""",“KILL THOSE CRIMINALS” Security Forces Violations in Kenya’s August 2017 Elections,2017-10-15,Unlawful killings (pp 16-19),,1,Nairobi city,Nairobi (Mathare slum),Nairobi city county,,-1.283333,36.816667,POINT (36.816667 -1.283333),127874,Kenya,501,Africa,1,1,2017-08-12 00:00:00.000,2017-08-12 00:00:00.000,0,0,2,0,2,2,2,501,
241908,KEN-2017-3-936-5,2017,1,Clear,3,91,469,Government of Kenya - Civilians,91,936,Government of Kenya - Civilians,91,91,Government of Kenya,9999,1,Civilians,1,"""“KILL THOSE CRIMINALS” Security Forces Violations in Kenya’s August 2017 Elections,2017-10-15,Unlawful killings (pp 16-19)""",“KILL THOSE CRIMINALS” Security Forces Violations in Kenya’s August 2017 Elections,2017-10-15,Unlawful killings (pp 16-19),,1,Nairobi city,Nairobi (Mathare slum),Nairobi city county,,-1.283333,36.816667,POINT (36.816667 -1.283333),127874,Kenya,501,Africa,1,2,2017-08-12 00:00:00.000,2017-08-13 00:00:00.000,0,0,1,0,1,1,1,501,
241930,KEN-2017-3-936-15,2017,1,Clear,3,91,469,Government of Kenya - Civilians,91,936,Government of Kenya - Civilians,91,91,Government of Kenya,9999,1,Civilians,1,"""“KILL THOSE CRIMINALS” Security Forces Violations in Kenya’s August 2017 Elections,2017-10-15,The Geography of Violence (pp 21-32)""",“KILL THOSE CRIMINALS” Security Forces Violations in Kenya’s August 2017 Elections,2017-10-15,The Geography of Violence (pp 21-32),,1,Nairobi city,Nairobi (Dandora),Nairobi city county,,-1.283333,36.816667,POINT (36.816667 -1.283333),127874,Kenya,501,Africa,1,1,2017-08-12 00:00:00.000,2017-08-12 00:00:00.000,0,0,1,0,1,1,1,501,
241926,KEN-2017-3-936-14,2017,1,Clear,3,91,469,Government of Kenya - Civilians,91,936,Government of Kenya - Civilians,91,91,Government of Kenya,9999,1,Civilians,1,"""“KILL THOSE CRIMINALS” Security Forces Violations in Kenya’s August 2017 Elections,2017-10-15,The Geography of Violence (pp 21-32)""",“KILL THOSE CRIMINALS” Security Forces Violations in Kenya’s August 2017 Elections,2017-10-15,The Geography of Violence (pp 21-32),,1,Nairobi city,Nairobi (Mathare North),Nairobi city county,,-1.283333,36.816667,POINT (36.816667 -1.283333),127874,Kenya,501,Africa,1,1,2017-08-13 00:00:00.000,2017-08-13 00:00:00.000,0,0,1,0,1,1,1,501,
241579,KEN-2017-3-936-3,2017,1,Clear,3,91,469,Government of Kenya - Civilians,91,936,Government of Kenya - Civilians,91,91,Government of Kenya,9999,1,Civilians,2,"""The Star (Kenya),2017-09-01,One man shot dead in Laikipia ethnic clashes after KDF officer 'kills' pupil"";""The Star Kenya,2017-08-30,Governor Murithi condemns killing of pupil by 'rogue KDF soldier'""",The Star (Kenya);The Star Kenya,2017-09-01;2017-08-30,One man shot dead in Laikipia ethnic clashes after KDF officer 'kills' pupil;Governor Murithi condemns killing of pupil by 'rogue KDF soldier',"Laikipia West MP Patrick Mariru, Laikipia governor Ndiritu Muriithi",1,Rumuruti village,"Rumuruti, Laikipia",Laikipia county,Laikipia West constituency,0.266990,36.538860,POINT (36.53886 0.26699),130034,Kenya,501,Africa,1,2,2017-08-29 00:00:00.000,2017-08-30 00:00:00.000,0,0,1,0,1,1,1,501,
244731,KEN-2017-3-936-53,2017,1,Clear,3,91,469,Government of Kenya - Civilians,91,936,Government of Kenya - Civilians,91,91,Government of Kenya,9999,1,Civilians,4,"""Agence France Presse,2017-10-16,Protester shot dead in Kenya opposition stronghold: witness"";""All Africa,2017-10-16,Form Four Student Shot Dead in Demos After Clash With Police
CR 	Nairobi News"";""The Star (Kenya),2017-10-16,Student killed in Kondele demos, residents claim cops retrieved bullet"";""Kenya National Commission on Human Rights,2017-12-20,Still a Mirage - 2.2.1 Log of Death Cases""",Agence France Presse;All Africa;The Star (Kenya);Kenya National Commission on Human Rights,2017-10-16;2017-10-16;2017-10-16;2017-12-20,"Protester shot dead in Kenya opposition stronghold: witness;Form Four Student Shot Dead in Demos After Clash With Police
CR 	Nairobi News;Student killed in Kondele demos, residents claim cops retrieved bullet;Still a Mirage - 2.2.1 Log of Death Cases","Witnesses, AFP photographer, KNCHR",1,Kisumu town,Kisumu,Kisumu county,Kisumu Central constituency,-0.100000,34.750000,POINT (34.75 -0.1),129310,Kenya,501,Africa,1,1,2017-10-16 00:00:00.000,2017-10-16 00:00:00.000,0,0,1,0,1,1,1,501,
250345,KEN-2017-3-936-48,2017,1,Clear,3,91,469,Government of Kenya - Civilians,91,936,Government of Kenya - Civilians,91,91,Government of Kenya,9999,1,Civilians,1,"""Kenya National Commission on Human Rights,2017-12-20,Still a Mirage - 2.2.1 Log of Death Cases""",Kenya National Commission on Human Rights,2017-12-20,Still a Mirage - 2.2.1 Log of Death Cases,KNCHR,2,Kisumu town,Nyalenda,Kisumu county,Kisumu Central constituency,-0.100000,34.750000,POINT (34.75 -0.1),129310,Kenya,501,Africa,1,1,2017-10-16 00:00:00.000,2017-10-16 00:00:00.000,0,0,1,0,1,1,1,501,
250347,KEN-2017-3-936-49,2017,1,Clear,3,91,469,Government of Kenya - Civilians,91,936,Government of Kenya - Civilians,91,91,Government of Kenya,9999,1,Civilians,1,"""Kenya National Commission on Human Rights,2017-12-20,Still a Mirage - 2.2.1 Log of Death Cases""",Kenya National Commission on Human Rights,2017-12-20,Still a Mirage - 2.2.1 Log of Death Cases,KNCHR,1,Kisumu town,Nyamasaria,Kisumu county,Kisumu Central constituency,-0.100000,34.750000,POINT (34.75 -0.1),129310,Kenya,501,Africa,1,1,2017-10-22 00:00:00.000,2017-10-22 00:00:00.000,0,0,1,0,1,1,1,501,
250348,KEN-2017-3-936-50,2017,1,Clear,3,91,469,Government of Kenya - Civilians,91,936,Government of Kenya - Civilians,91,91,Government of Kenya,9999,1,Civilians,1,"""Kenya National Commission on Human Rights,2017-12-20,Still a Mirage - 2.2.1 Log of Death Cases""",Kenya National Commission on Human Rights,2017-12-20,Still a Mirage - 2.2.1 Log of Death Cases,KNCHR,1,Kisumu town,Kisumu Central,Kisumu county,Kisumu Central constituency,-0.100000,34.750000,POINT (34.75 -0.1),129310,Kenya,501,Africa,1,1,2017-10-25 00:00:00.000,2017-10-25 00:00:00.000,0,0,1,0,1,1,1,501,
250333,KEN-2017-3-936-55,2017,1,Clear,3,91,469,Government of Kenya - Civilians,91,936,Government of Kenya - Civilians,91,91,Government of Kenya,9999,1,Civilians,1,"""Kenya National Commission on Human Rights,2017-12-20,Still a Mirage - 4.2.1 Log of Deaths""",Kenya National Commission on Human Rights,2017-12-20,Still a Mirage - 4.2.1 Log of Deaths,KNCHR,3,Seme constituency,"Kitmikayi, Seme",Kisumu county,Seme constituency,-0.152306,34.541396,POINT (34.541396 -0.152306),129310,Kenya,501,Africa,1,1,2017-10-26 00:00:00.000,2017-10-26 00:00:00.000,0,0,1,0,1,1,1,501,
250317,KEN-2017-3-936-54,2017,1,Clear,3,91,469,Government of Kenya - Civilians,91,936,Government of Kenya - Civilians,91,91,Government of Kenya,9999,1,Civilians,1,"""Kenya National Commission on Human Rights,2017-12-20,Still a Mirage - 4.2.1 Log of Deaths""",Kenya National Commission on Human Rights,2017-12-20,Still a Mirage - 4.2.1 Log of Deaths,KNCHR,1,Nairobi city,"Kariadudu, Ruaraka",Nairobi city county,,-1.283333,36.816667,POINT (36.816667 -1.283333),127874,Kenya,501,Africa,1,1,2017-10-26 00:00:00.000,2017-10-26 00:00:00.000,0,0,1,0,1,1,1,501,
244782,KEN-2017-3-936-28,2017,1,Clear,3,91,469,Government of Kenya - Civilians,91,936,Government of Kenya - Civilians,91,91,Government of Kenya,9999,1,Civilians,3,"""Agence France Presse,2017-10-26,Death toll from Kenya poll violence rises to three: hospital, police"";""Agence France Presse,2017-10-27,One dead as fresh protests erupt after Kenya's divisive vote"";""Kenya National Commission on Human Rights,2017-12-20,Still a Mirage - 4.2.1 Log of Deaths""",Agence France Presse;Agence France Presse;Kenya National Commission on Human Rights,2017-10-26;2017-10-27;2017-12-20,"Death toll from Kenya poll violence rises to three: hospital, police;One dead as fresh protests erupt after Kenya's divisive vote;Still a Mirage - 4.2.1 Log of Deaths","assistant inspector general George Kinoti, KNCHR",1,Sindo town,Sindo,Homa Bay county,Suba North constituency,-0.540610,34.168910,POINT (34.16891 -0.54061),128589,Kenya,501,Africa,1,1,2017-10-26 00:00:00.000,2017-10-26 00:00:00.000,0,0,1,0,1,1,1,501,
244888,KEN-2017-3-936-37,2017,1,Clear,3,91,469,Government of Kenya - Civilians,91,936,Government of Kenya - Civilians,91,91,Government of Kenya,9999,1,Civilians,3,"""Reuters News,2017-10-31,Kenyan opposition leader calls for petitions against vote won by Kenyatta"";""Agence France Presse,2017-10-28,TOPSHOTS Kenya gripped by tension as Kenyatta leads in disputed poll"";""The Star (Kenya),2017-11-02,Cops 'used needless force to maim and kill protesters'""",Reuters News;Agence France Presse;The Star (Kenya),2017-10-31;2017-10-28;2017-11-02,Kenyan opposition leader calls for petitions against vote won by Kenyatta;TOPSHOTS Kenya gripped by tension as Kenyatta leads in disputed poll;Cops 'used needless force to maim and kill protesters',"Diplomatic sources, Independent Medico-Legal Unit (IMLU)",6,Kenya,Kenya,,,1.000000,38.000000,POINT (38 1),131477,Kenya,501,Africa,2,2,2017-10-26 00:00:00.000,2017-10-31 00:00:00.000,0,0,0,0,0,1,0,501,
244885,KEN-2017-3-936-36,2017,1,Clear,3,91,469,Government of Kenya - Civilians,91,936,Government of Kenya - Civilians,91,91,Government of Kenya,9999,1,Civilians,2,"""The Star (Kenya),2017-10-31,Police boss denies brutality as Ipoa launches probe"";""Kenya National Commission on Human Rights,2017-12-20,Still a Mirage - 4.2.1 Log of Deaths""",The Star (Kenya);Kenya National Commission on Human Rights,2017-10-31;2017-12-20,Police boss denies brutality as Ipoa launches probe;Still a Mirage - 4.2.1 Log of Deaths,KNCHR,1,Migori town,Migori,Migori county,,-1.063435,34.473131,POINT (34.473131 -1.063435),127869,Kenya,501,Africa,1,1,2017-10-27 00:00:00.000,2017-10-27 00:00:00.000,0,0,1,0,1,1,1,501,
253925,KEN-2017-3-936-70,2017,1,Clear,3,91,469,Government of Kenya - Civilians,91,936,Government of Kenya - Civilians,91,91,Government of Kenya,9999,1,Civilians,1,"""Human Rights Watch,2018-02-25,Kenya: Fresh Evidence of Election-Period Abuses - Police, Armed Gangs Killed Dozens""",Human Rights Watch,2018-02-25,"Kenya: Fresh Evidence of Election-Period Abuses - Police, Armed Gangs Killed Dozens",Victim's father (via HRW),1,Nairobi city,"Riverside estate in Ruaraka, Nairobi",Nairobi city county,,-1.283333,36.816667,POINT (36.816667 -1.283333),127874,Kenya,501,Africa,1,1,2017-10-31 00:00:00.000,2017-10-31 00:00:00.000,0,0,1,0,1,1,1,501,
250304,KEN-2017-3-936-46,2017,1,Clear,3,91,469,Government of Kenya - Civilians,91,936,Government of Kenya - Civilians,91,91,Government of Kenya,9999,1,Civilians,1,"""Kenya National Commission on Human Rights,2017-12-20,Still a Mirage - 4.2.1 Log of Deaths""",Kenya National Commission on Human Rights,2017-12-20,Still a Mirage - 4.2.1 Log of Deaths,KNCHR,1,Nairobi city,Jogoo Road,Nairobi city county,,-1.283333,36.816667,POINT (36.816667 -1.283333),127874,Kenya,501,Africa,1,1,2017-11-17 00:00:00.000,2017-11-17 00:00:00.000,0,0,1,0,1,1,1,501,
250311,KEN-2017-3-936-57,2017,1,Clear,3,91,469,Government of Kenya - Civilians,91,936,Government of Kenya - Civilians,91,91,Government of Kenya,9999,1,Civilians,1,"""Kenya National Commission on Human Rights,2017-12-20,Still a Mirage - 4.2.1 Log of Deaths""",Kenya National Commission on Human Rights,2017-12-20,Still a Mirage - 4.2.1 Log of Deaths,KNCHR,1,Nairobi city,Kamukunji,Nairobi city county,,-1.283333,36.816667,POINT (36.816667 -1.283333),127874,Kenya,501,Africa,1,1,2017-11-17 00:00:00.000,2017-11-17 00:00:00.000,0,0,1,0,1,1,1,501,
250312,KEN-2017-3-936-47,2017,1,Clear,3,91,469,Government of Kenya - Civilians,91,936,Government of Kenya - Civilians,91,91,Government of Kenya,9999,1,Civilians,1,"""Kenya National Commission on Human Rights,2017-12-20,Still a Mirage - 4.2.1 Log of Deaths""",Kenya National Commission on Human Rights,2017-12-20,Still a Mirage - 4.2.1 Log of Deaths,KNCHR,1,Nairobi city,Kamukunji,Nairobi city county,,-1.283333,36.816667,POINT (36.816667 -1.283333),127874,Kenya,501,Africa,1,1,2017-11-17 00:00:00.000,2017-11-17 00:00:00.000,0,0,1,0,1,1,1,501,
250315,KEN-2017-3-936-58,2017,1,Clear,3,91,469,Government of Kenya - Civilians,91,936,Government of Kenya - Civilians,91,91,Government of Kenya,9999,1,Civilians,1,"""Kenya National Commission on Human Rights,2017-12-20,Still a Mirage - 4.2.1 Log of Deaths""",Kenya National Commission on Human Rights,2017-12-20,Still a Mirage - 4.2.1 Log of Deaths,KNCHR,1,Nairobi city,Nairobi CBD,Nairobi city county,,-1.283333,36.816667,POINT (36.816667 -1.283333),127874,Kenya,501,Africa,1,1,2017-11-17 00:00:00.000,2017-11-17 00:00:00.000,0,0,1,0,1,1,1,501,
250329,KEN-2017-3-936-71,2017,1,Clear,3,91,469,Government of Kenya - Civilians,91,936,Government of Kenya - Civilians,91,91,Government of Kenya,9999,1,Civilians,2,"""Kenya National Commission on Human Rights,2017-12-20,Still a Mirage - 4.2.1 Log of Deaths"";""Human Rights Watch,2018-02-25,Kenya: Fresh Evidence of Election-Period Abuses - Police, Armed Gangs Killed Dozens""",Kenya National Commission on Human Rights;Human Rights Watch,2017-12-20;2018-02-25,"Still a Mirage - 4.2.1 Log of Deaths;Kenya: Fresh Evidence of Election-Period Abuses - Police, Armed Gangs Killed Dozens","KNCHR, witness (via HRW)",1,Nairobi city,"Riverside, Baba Dogo",Nairobi city county,,-1.283333,36.816667,POINT (36.816667 -1.283333),127874,Kenya,501,Africa,1,1,2017-11-19 00:00:00.000,2017-11-19 00:00:00.000,0,0,1,0,1,1,1,501,
253927,KEN-2017-3-936-73,2017,1,Clear,3,91,469,Government of Kenya - Civilians,91,936,Government of Kenya - Civilians,91,91,Government of Kenya,9999,1,Civilians,1,"""Human Rights Watch,2018-02-25,Kenya: Fresh Evidence of Election-Period Abuses - Police, Armed Gangs Killed Dozens""",Human Rights Watch,2018-02-25,"Kenya: Fresh Evidence of Election-Period Abuses - Police, Armed Gangs Killed Dozens",Residents (via HRW),1,Nairobi city,Kariobangi,Nairobi city county,,-1.283333,36.816667,POINT (36.816667 -1.283333),127874,Kenya,501,Africa,1,1,2017-11-20 00:00:00.000,2017-11-20 00:00:00.000,0,0,1,0,1,1,1,501,
247568,KEN-2017-3-936-72,2017,1,Clear,3,91,469,Government of Kenya - Civilians,91,936,Government of Kenya - Civilians,91,91,Government of Kenya,9999,1,Civilians,3,"""Reuters News,2017-11-20,UPDATE 4-Kenya's Supreme Court upholds Kenyatta's presidential win"";""Agence France Presse,2017-11-20,Two killed as protests follow Kenya court vote ruling"";""Human Rights Watch,2018-02-25,Kenya: Fresh Evidence of Election-Period Abuses - Police, Armed Gangs Killed Dozens""",Reuters News;Agence France Presse;Human Rights Watch,2017-11-20;2017-11-20;2018-02-25,"UPDATE 4-Kenya's Supreme Court upholds Kenyatta's presidential win;Two killed as protests follow Kenya court vote ruling;Kenya: Fresh Evidence of Election-Period Abuses - Police, Armed Gangs Killed Dozens","Police, residents (via HRW)",1,Nairobi city,"Kibera, Nairobi",Nairobi city county,,-1.283333,36.816667,POINT (36.816667 -1.283333),127874,Kenya,501,Africa,1,1,2017-11-20 00:00:00.000,2017-11-20 00:00:00.000,0,0,1,0,1,1,1,501,
247569,KEN-2017-3-936-59,2017,1,Clear,3,91,469,Government of Kenya - Civilians,91,936,Government of Kenya - Civilians,91,91,Government of Kenya,9999,1,Civilians,3,"""Agence France Presse,2017-11-20,Two killed as protests follow Kenya court vote ruling"";""Agence France Presse,2017-11-20,Two killed in protests after Kenya's top court upholds election"";""The Star (Kenya),2017-11-20,Two feared dead as Migori erupts over Supreme Court ruling""",Agence France Presse;Agence France Presse;The Star (Kenya),2017-11-20;2017-11-20;2017-11-20,Two killed as protests follow Kenya court vote ruling;Two killed in protests after Kenya's top court upholds election;Two feared dead as Migori erupts over Supreme Court ruling,"Police, KNCHR",1,Migori town,Migori,Migori county,,-1.063435,34.473131,POINT (34.473131 -1.063435),127869,Kenya,501,Africa,1,1,2017-11-20 00:00:00.000,2017-11-20 00:00:00.000,0,0,1,0,1,1,1,501,
253928,KEN-2017-3-936-74,2017,1,Clear,3,91,469,Government of Kenya - Civilians,91,936,Government of Kenya - Civilians,91,91,Government of Kenya,9999,1,Civilians,1,"""Human Rights Watch,2018-02-25,Kenya: Fresh Evidence of Election-Period Abuses - Police, Armed Gangs Killed Dozens""",Human Rights Watch,2018-02-25,"Kenya: Fresh Evidence of Election-Period Abuses - Police, Armed Gangs Killed Dozens",Relative (via HRW),1,Nairobi city,Kawangware 56 terminus,Nairobi city county,,-1.283333,36.816667,POINT (36.816667 -1.283333),127874,Kenya,501,Africa,1,1,2017-11-28 00:00:00.000,2017-11-28 00:00:00.000,0,0,1,0,1,1,1,501,
253741,KEN-2018-3-936-1,2018,1,Clear,3,91,469,Government of Kenya - Civilians,91,936,Government of Kenya - Civilians,91,91,Government of Kenya,9999,1,Civilians,1,"""The Star (Kenya),2018-01-17,Outrage after KFS wardens kill Sengwer herder in Embobut forest""",The Star (Kenya),2018-01-17,Outrage after KFS wardens kill Sengwer herder in Embobut forest,Locals,3,Marakwet East constituency,Kisitona area in Kapyego ward,Elgeyo Marakwet county,Marakwet East constituency,1.151716,35.576350,POINT (35.57635 1.151716),131472,Kenya,501,Africa,1,1,2018-01-16 00:00:00.000,2018-01-16 00:00:00.000,0,0,1,0,1,1,1,501,
253852,KEN-2018-3-936-5,2018,1,Clear,3,91,469,Government of Kenya - Civilians,91,936,Government of Kenya - Civilians,91,91,Government of Kenya,9999,1,Civilians,2,"""The Star (Kenya),2018-02-27,Police accused of killing Meru University student leader"";""All Africa,2018-02-28,How Meru University Student Leader Was Murdered in Cold Blood""",The Star (Kenya);All Africa,2018-02-27;2018-02-28,Police accused of killing Meru University student leader;How Meru University Student Leader Was Murdered in Cold Blood,Witness,1,Meru town,1 km from Meru University of Science and Technology,Meru county,North Imenti constituency,0.046260,37.655870,POINT (37.65587 0.04626),130036,Kenya,501,Africa,1,1,2018-02-27 00:00:00.000,2018-02-27 00:00:00.000,0,0,1,0,1,1,1,501,
256881,KEN-2018-3-936-8,2018,1,Clear,3,91,469,Government of Kenya - Civilians,91,936,Government of Kenya - Civilians,91,91,Government of Kenya,9999,1,Civilians,2,"""The Star (Kenya),2018-05-12,Family of KCA student killed by cop in bar fight demands justice"";""The Star (Kenya),2018-05-14,Cop held seven more days for probe on KCA student's murder""",The Star (Kenya);The Star (Kenya),2018-05-12;2018-05-14,Family of KCA student killed by cop in bar fight demands justice;Cop held seven more days for probe on KCA student's murder,"County police commander, witnesses, family pathologist",1,Kisumu town,Mamboleo market (Kisumu town),Kisumu county,Kisumu Central constituency,-0.100000,34.750000,POINT (34.75 -0.1),129310,Kenya,501,Africa,1,2,2018-05-10 00:00:00.000,2018-05-11 00:00:00.000,0,0,1,0,1,1,1,501,
272071,KEN-2018-3-936-22,2018,1,Clear,3,91,469,Government of Kenya - Civilians,91,936,Government of Kenya - Civilians,91,91,Government of Kenya,9999,1,Civilians,1,"""The Star (Kenya),2018-11-23,Widows and mothers of 22 youths slain by police sue Boinnet, AG""",The Star (Kenya),2018-11-23,"Widows and mothers of 22 youths slain by police sue Boinnet, AG",relative,1,Nairobi city,"Mlango Kubwa area in Pangani, Nairobi",Nairobi city county,,-1.283333,36.816667,POINT (36.816667 -1.283333),127874,Kenya,501,Africa,1,1,2018-05-27 00:00:00.000,2018-05-27 00:00:00.000,0,0,1,0,1,1,1,501,
258582,KEN-2018-3-936-10,2018,1,Clear,3,91,469,Government of Kenya - Civilians,91,936,Government of Kenya - Civilians,91,91,Government of Kenya,9999,1,Civilians,2,"""The Star (Kenya),2018-06-26,Kericho policeman kills three, shoots himself at bar"";""The Star,2018-06-27,Policeman kills self after shooting, injuring two at Kericho bar""",The Star (Kenya);The Star,2018-06-26;2018-06-27,"Kericho policeman kills three, shoots himself at bar;Policeman kills self after shooting, injuring two at Kericho bar",The Star,1,Litein town,"Litein, Bureti Constituenc",Kericho county,Bureti constituency,-0.582137,35.190824,POINT (35.190824 -0.582137),128591,Kenya,501,Africa,1,1,2018-06-26 00:00:00.000,2018-06-26 00:00:00.000,0,0,3,0,3,3,3,501,
279433,KEN-2018-3-936-30,2018,1,Clear,3,91,469,Government of Kenya - Civilians,91,936,Government of Kenya - Civilians,91,91,Government of Kenya,9999,1,Civilians,2,"""The Star (Kenya),2019-02-12,Two cops arraigned for murder of 17-year-old Kilifi boy"";""Daily Nation,2018-07-01,Haki Afrika puts police on the spot after Mariakani pupil killed""",The Star (Kenya);Daily Nation,2019-02-12;2018-07-01,Two cops arraigned for murder of 17-year-old Kilifi boy;Haki Afrika puts police on the spot after Mariakani pupil killed,Muslims for Human Rights and Inform Action,1,Tsangatsini village,"Tsangatsini village, Kaloleni",Kilifi county,Kaloleni constituency,-3.713056,39.449167,POINT (39.449167 -3.713056),124279,Kenya,501,Africa,1,1,2018-06-26 00:00:00.000,2018-06-26 00:00:00.000,0,0,1,0,1,1,1,501,
307339,KEN-2018-3-936-35,2018,1,Clear,3,91,469,Government of Kenya - Civilians,91,936,Government of Kenya - Civilians,91,91,Government of Kenya,9999,1,Civilians,1,"""All Africa,2019-09-20,Abusive Evictions in Mau Forest
CR 	Human Rights Watch""",All Africa,2019-09-20,"Abusive Evictions in Mau Forest
CR 	Human Rights Watch",HRW,5,Mau forest,Maasai Mau forest on the Narok side,Narok county,Narok North  constituency,-0.611852,35.740738,POINT (35.740738 -0.611852),128592,Kenya,501,Africa,2,4,2018-07-01 00:00:00.000,2018-07-08 00:00:00.000,0,0,2,0,2,2,2,501,
262212,KEN-2018-3-936-16,2018,1,Clear,3,91,469,Government of Kenya - Civilians,91,936,Government of Kenya - Civilians,91,91,Government of Kenya,9999,1,Civilians,1,"""The Star (Kenya),2018-08-28,They deserved to die, crime busters say on Dandora dumpsite killings""",The Star (Kenya),2018-08-28,"They deserved to die, crime busters say on Dandora dumpsite killings",The Star,1,Dandora location,Dandora,Nairobi city county,Embakasi North constituency,-1.248506,36.901874,POINT (36.901874 -1.248506),127874,Kenya,501,Africa,1,1,2018-08-28 00:00:00.000,2018-08-28 00:00:00.000,0,0,5,0,5,5,5,501,
268872,KEN-2018-3-936-21,2018,1,Clear,3,91,469,Government of Kenya - Civilians,91,936,Government of Kenya - Civilians,91,91,Government of Kenya,9999,1,Civilians,2,"""All Africa,2018-10-22,Nigeria Demands Investigation Into Murder of Citizen Allegedly By Kenyan Police
CR 	Premium Times"";""The Star (Kenya),2018-10-31,Nigerian family seeks justice for murdered son""",All Africa;The Star (Kenya),2018-10-22;2018-10-31,"Nigeria Demands Investigation Into Murder of Citizen Allegedly By Kenyan Police
CR 	Premium Times;Nigerian family seeks justice for murdered son",The Senior Special Assistant to the President on Foreign Affairs and Diaspora Abike Dabiri-Eriwa,1,Kiambu town,Kiambu,Kiambu county,Kiambu constituency,-1.172026,36.829556,POINT (36.829556 -1.172026),127874,Kenya,501,Africa,1,1,2018-10-15 00:00:00.000,2018-10-15 00:00:00.000,0,0,1,0,1,1,1,501,
290451,KEN-2018-3-936-33,2018,1,Clear,3,91,469,Government of Kenya - Civilians,91,936,Government of Kenya - Civilians,91,91,Government of Kenya,9999,1,Civilians,2,"""HRW,2019-07-02,Kenya: Nairobi Police Executing Suspects"";""The Star,2018-10-31,Dandora police killings spark outrage""",HRW;The Star,2019-07-02;2018-10-31,Kenya: Nairobi Police Executing Suspects;Dandora police killings spark outrage,"Witness, HRW",1,Dandora location,Dandora Phase Four,Nairobi city county,Embakasi North constituency,-1.248506,36.901874,POINT (36.901874 -1.248506),127874,Kenya,501,Africa,1,1,2018-10-26 00:00:00.000,2018-10-26 00:00:00.000,0,0,5,0,5,5,5,501,
274506,KEN-2018-3-936-27,2018,1,Clear,3,91,469,Government of Kenya - Civilians,91,936,Government of Kenya - Civilians,91,91,Government of Kenya,9999,1,Civilians,2,"""Halbeeg,2019-01-01,Mandera MP calls for arrest of police officer who allegedly killed a woman"";""The Star (Kenya),2018-11-14,Police shoot woman dead, Rhamu residents protest""",Halbeeg;The Star (Kenya),2019-01-01;2018-11-14,"Mandera MP calls for arrest of police officer who allegedly killed a woman;Police shoot woman dead, Rhamu residents protest",witnesses,1,Rhamu town,"Rhamu, Mandera North",Mandera county,Mandera North constituency,3.931881,41.225615,POINT (41.225615 3.931881),135083,Kenya,501,Africa,1,1,2018-11-12 00:00:00.000,2018-11-12 00:00:00.000,0,0,1,0,1,1,1,501,
274175,KEN-2018-3-936-26,2018,1,Clear,3,91,469,Government of Kenya - Civilians,91,936,Government of Kenya - Civilians,91,91,Government of Kenya,9999,1,Civilians,2,"""Daily Nation,2018-12-29,Calls for justice at burial of slain Leeds student Carilton Maina"";""The Star (Kenya),2018-12-26,IPOA starts probe into shooting of university student in Kibera, Boinnet calls for speed""",Daily Nation;The Star (Kenya),2018-12-29;2018-12-26,"Calls for justice at burial of slain Leeds student Carilton Maina;IPOA starts probe into shooting of university student in Kibera, Boinnet calls for speed",The Star,1,Nairobi city,"Kibera, Nairobi",Nairobi city county,,-1.283333,36.816667,POINT (36.816667 -1.283333),127874,Kenya,501,Africa,1,1,2018-12-22 00:00:00.000,2018-12-22 00:00:00.000,0,0,1,0,1,1,1,501,
281851,KEN-2018-3-936-31,2018,1,Clear,3,91,469,Government of Kenya - Civilians,91,936,Government of Kenya - Civilians,91,91,Government of Kenya,9999,1,Civilians,1,"""The Star (Kenya),2019-03-21,KWS rangers accused of murdering herder arraigned""",The Star (Kenya),2019-03-21,KWS rangers accused of murdering herder arraigned,,5,Tsavo East National Park,"Tsavo East National Park , Huri area",Kitui county,Kitui South constituency,-2.178333,38.415806,POINT (38.415806 -2.178333),126437,Kenya,501,Africa,1,1,2018-12-24 00:00:00.000,2018-12-24 00:00:00.000,0,0,1,0,1,1,1,501,
275240,KEN-2018-3-936-29,2018,1,Clear,3,91,469,Government of Kenya - Civilians,91,936,Government of Kenya - Civilians,91,91,Government of Kenya,9999,1,Civilians,3,"""The Star (Kenya),2018-12-27,Sirisia youth dies during protest against killing of villager by cops"";""The Star (Kenya),2018-12-28,'Moneybags' politician Nandalwe snubs police summons over Sirisia chaos"";""Standard Media,2018-12-28,Man shot dead in clash with police after killing""",The Star (Kenya);The Star (Kenya);Standard Media,2018-12-27;2018-12-28;2018-12-28,Sirisia youth dies during protest against killing of villager by cops;'Moneybags' politician Nandalwe snubs police summons over Sirisia chaos;Man shot dead in clash with police after killing,"witness, the star",1,Malakisi village,,Bungoma county,Sirisia constituency,0.680877,34.421217,POINT (34.421217 0.680877),130749,Kenya,501,Africa,1,1,2018-12-26 00:00:00.000,2018-12-26 00:00:00.000,0,0,1,0,1,1,1,501,
285583,KEN-2019-3-936-4,2019,0,Clear,3,91,469,Government of Kenya - Civilians,91,936,Government of Kenya - Civilians,91,91,Government of Kenya,9999,1,Civilians,1,"""The Star (Kenya),2019-04-13,Kisii cop arrested for killing bar attendant""",The Star (Kenya),2019-04-13,Kisii cop arrested for killing bar attendant,County police commander Martin Kibet,1,Kisii town,Kisii,Kisii county,Nyaribari Chache constituency,-0.678809,34.776355,POINT (34.776355 -0.678809),128590,Kenya,501,Africa,1,1,2019-04-11 00:00:00.000,2019-04-11 00:00:00.000,0,0,1,0,1,1,1,501,
290445,KEN-2019-3-936-11,2019,0,Clear,3,91,469,Government of Kenya - Civilians,91,936,Government of Kenya - Civilians,91,91,Government of Kenya,9999,1,Civilians,2,"""HRW,2019-07-02,Kenya: Nairobi Police Executing Suspects"";""HRW,2019-07-02,Kenya: Nairobi Police Executing Suspects""",HRW;HRW,2019-07-02;2019-07-02,Kenya: Nairobi Police Executing Suspects;Kenya: Nairobi Police Executing Suspects,HRW,1,Nairobi city,,Nairobi city county,,-1.283333,36.816667,POINT (36.816667 -1.283333),127874,Kenya,501,Africa,1,2,2019-04-14 00:00:00.000,2019-04-15 00:00:00.000,0,0,0,0,0,1,0,501,
290448,KEN-2019-3-936-13,2019,0,Clear,3,91,469,Government of Kenya - Civilians,91,936,Government of Kenya - Civilians,91,91,Government of Kenya,9999,1,Civilians,2,"""HRW,2019-07-02,Kenya: Nairobi Police Executing Suspects"";""HRW,2019-07-02,Kenya: Nairobi Police Executing Suspects""",HRW;HRW,2019-07-02;2019-07-02,Kenya: Nairobi Police Executing Suspects;Kenya: Nairobi Police Executing Suspects,"HRW, witness",1,Nairobi city,"Mathare and Mlango Kubwa neighborhood, Nirobi",Nairobi city county,,-1.283333,36.816667,POINT (36.816667 -1.283333),127874,Kenya,501,Africa,1,1,2019-04-17 00:00:00.000,2019-04-17 00:00:00.000,0,0,4,0,4,4,4,501,
285649,KEN-2019-3-936-9,2019,0,Clear,3,91,469,Government of Kenya - Civilians,91,936,Government of Kenya - Civilians,91,91,Government of Kenya,9999,1,Civilians,2,"""All Africa,2019-04-30,KDF Soldier Shoots 3 Kin Dead, Turns Gun On Himself"";""All Africa,2019-04-30,Police Piece Together Puzzle in Eldoret Murders, Suicide""",All Africa;All Africa,2019-04-30;2019-04-30,"KDF Soldier Shoots 3 Kin Dead, Turns Gun On Himself;Police Piece Together Puzzle in Eldoret Murders, Suicide",Capital FM,2,Eldoret town,Eldoret,Uasin Gishu county,Kapseret constituency,0.511362,35.276387,POINT (35.276387 0.511362),130751,Kenya,501,Africa,1,1,2019-04-30 00:00:00.000,2019-04-30 00:00:00.000,0,0,0,0,0,3,0,501,
287138,KEN-2019-3-936-10,2019,0,Clear,3,91,469,Government of Kenya - Civilians,91,936,Government of Kenya - Civilians,91,91,Government of Kenya,9999,1,Civilians,1,"""The Star (Kenya),2019-06-01,Fisherman shot dead in Homa Bay protest over cages""",The Star (Kenya),2019-06-01,Fisherman shot dead in Homa Bay protest over cages,"witness, police",2,Kaksingri West area,Kakione beach in Kaksingri West,Homa Bay county,Suba North constituency,-0.543401,34.153179,POINT (34.153179 -0.543401),128589,Kenya,501,Africa,1,1,2019-05-30 00:00:00.000,2019-05-30 00:00:00.000,0,0,1,0,1,1,0,501,
326839,KEN-2020-3-936-0,2020,0,Clear,3,91,469,Government of Kenya - Civilians,91,936,Government of Kenya - Civilians,91,91,Government of Kenya,9999,1,Civilians,2,"""All Africa,2020-01-17,17-Year-Old Boy Killed in Mwiki Road Protests Shot While On His Knees - Sources"";""All Africa,2020-01-22,Mwiki Boy Was Shot at Close Range, Bullet Pierced Through the Heart - Autopsy""",All Africa;All Africa,2020-01-17;2020-01-22,"17-Year-Old Boy Killed in Mwiki Road Protests Shot While On His Knees - Sources;Mwiki Boy Was Shot at Close Range, Bullet Pierced Through the Heart - Autopsy",,1,Nairobi city,,Nairobi city county,,-1.283333,36.816667,POINT (36.816667 -1.283333),127874,Kenya,501,Africa,1,1,2020-01-15 00:00:00.000,2020-01-15 00:00:00.000,0,0,1,0,1,1,1,501,
326894,KEN-2020-3-936-1,2020,0,Clear,3,91,469,Government of Kenya - Civilians,91,936,Government of Kenya - Civilians,91,91,Government of Kenya,9999,1,Civilians,1,"""The Star (Kenya),2020-01-19,Cop arrested for killing a 24-year-old man in Majengo""",The Star (Kenya),2020-01-19,Cop arrested for killing a 24-year-old man in Majengo,,1,Nairobi city,Majengo in Nairobi,Nairobi city county,,-1.283333,36.816667,POINT (36.816667 -1.283333),127874,Kenya,501,Africa,1,1,2020-01-16 00:00:00.000,2020-01-16 00:00:00.000,0,0,1,0,1,1,1,501,
336535,KEN-2020-3-936-4,2020,0,Clear,3,91,469,Government of Kenya - Civilians,91,936,Government of Kenya - Civilians,91,91,Government of Kenya,9999,1,Civilians,3,"""The Star (Kenya),2020-03-29,Boda boda rider's family blames cops for death after curfew mayhem"";""HRW,2020-04-22,Kenya: Police Brutality During Curfew"";""All Africa,2020-04-23,COVID-19 Roundup - Extra S.africa Troops, Kenyan Abuses and Ethiopian Airlines Fights for Survival  
CR  Radio France Internationale""",The Star (Kenya);HRW;All Africa,2020-03-29;2020-04-22;2020-04-23,"Boda boda rider's family blames cops for death after curfew mayhem;Kenya: Police Brutality During Curfew;COVID-19 Roundup - Extra S.africa Troops, Kenyan Abuses and Ethiopian Airlines Fights for Survival  
CR  Radio France Internationale",victim's family; HRW,1,Oyugis town,Oyugis,Homa Bay county,Kasipul constituency,-0.509740,34.730670,POINT (34.73067 -0.50974),128590,Kenya,501,Africa,1,2,2020-03-27 00:00:00.000,2020-03-29 00:00:00.000,0,0,1,0,1,1,1,501,
336312,KEN-2020-3-936-3,2020,0,Clear,3,91,469,Government of Kenya - Civilians,91,936,Government of Kenya - Civilians,91,91,Government of Kenya,9999,1,Civilians,1,"""The Star (Kenya),2020-03-31,Kilifi man shot by police died from internal bleeding - autopsy""",The Star (Kenya),2020-03-31,Kilifi man shot by police died from internal bleeding - autopsy,,1,Kanamai village,Majengo Mapya in Kanamai,Kilifi county,Kilifi South constituency,-3.910610,39.785830,POINT (39.78583 -3.91061),124280,Kenya,501,Africa,1,2,2020-03-27 00:00:00.000,2020-03-31 00:00:00.000,0,0,1,0,1,1,1,501,
339519,KEN-2020-3-936-7,2020,0,Clear,3,91,469,Government of Kenya - Civilians,91,936,Government of Kenya - Civilians,91,91,Government of Kenya,9999,1,Civilians,2,"""HRW,2020-04-22,Kenya: Police Brutality During Curfew"";""All Africa,2020-04-23,COVID-19 Roundup - Extra S.africa Troops, Kenyan Abuses and Ethiopian Airlines Fights for Survival  
CR  Radio France Internationale""",HRW;All Africa,2020-04-22;2020-04-23,"Kenya: Police Brutality During Curfew;COVID-19 Roundup - Extra S.africa Troops, Kenyan Abuses and Ethiopian Airlines Fights for Survival  
CR  Radio France Internationale",HRW,3,Matuga constituency,on the road to Zibani village in Matuga constituency,Kwale county,Matuga constituency,-4.238766,39.400533,POINT (39.400533 -4.238766),123559,Kenya,501,Africa,1,4,2020-03-28 00:00:00.000,2020-04-22 00:00:00.000,0,0,1,0,1,1,1,501,
336536,KEN-2020-3-936-5,2020,0,Clear,3,91,469,Government of Kenya - Civilians,91,936,Government of Kenya - Civilians,91,91,Government of Kenya,9999,1,Civilians,4,"""All Africa,2020-04-23,COVID-19 Roundup - Extra S.africa Troops, Kenyan Abuses and Ethiopian Airlines Fights for Survival  
CR  Radio France Internationale"";""HRW,2020-04-22,Kenya: Police Brutality During Curfew"";""Agence France Presse,2020-03-31,Kenya police probe shooting of teen during virus curfew"";""The Star (Kenya),2020-03-31,Boy, 13, shot dead in third curfew tragedy, police blamed""",All Africa;HRW;Agence France Presse;The Star (Kenya),2020-04-23;2020-04-22;2020-03-31;2020-03-31,"COVID-19 Roundup - Extra S.africa Troops, Kenyan Abuses and Ethiopian Airlines Fights for Survival  
CR  Radio France Internationale;Kenya: Police Brutality During Curfew;Kenya police probe shooting of teen during virus curfew;Boy, 13, shot dead in third curfew tragedy, police blamed",residents; HRW,1,Nairobi city,Nairobi,Nairobi city county,,-1.283333,36.816667,POINT (36.816667 -1.283333),127874,Kenya,501,Africa,1,2,2020-03-30 00:00:00.000,2020-03-31 00:00:00.000,0,0,1,0,1,1,1,501,
339522,KEN-2020-3-936-9,2020,0,Clear,3,91,469,Government of Kenya - Civilians,91,936,Government of Kenya - Civilians,91,91,Government of Kenya,9999,1,Civilians,2,"""HRW,2020-04-22,Kenya: Police Brutality During Curfew"";""All Africa,2020-04-23,COVID-19 Roundup - Extra S.africa Troops, Kenyan Abuses and Ethiopian Airlines Fights for Survival  
CR  Radio France Internationale""",HRW;All Africa,2020-04-22;2020-04-23,"Kenya: Police Brutality During Curfew;COVID-19 Roundup - Extra S.africa Troops, Kenyan Abuses and Ethiopian Airlines Fights for Survival  
CR  Radio France Internationale",HRW,1,Ukunda village,Ukunda,Kwale county,Msambweni constituency,-4.292900,39.564040,POINT (39.56404 -4.2929),123560,Kenya,501,Africa,1,4,2020-04-01 00:00:00.000,2020-04-22 00:00:00.000,0,0,1,0,1,1,1,501,
339523,KEN-2020-3-936-10,2020,0,Clear,3,91,469,Government of Kenya - Civilians,91,936,Government of Kenya - Civilians,91,91,Government of Kenya,9999,1,Civilians,2,"""All Africa,2020-04-23,COVID-19 Roundup - Extra S.africa Troops, Kenyan Abuses and Ethiopian Airlines Fights for Survival  
CR  Radio France Internationale"";""HRW,2020-04-22,Kenya: Police Brutality During Curfew""",All Africa;HRW,2020-04-23;2020-04-22,"COVID-19 Roundup - Extra S.africa Troops, Kenyan Abuses and Ethiopian Airlines Fights for Survival  
CR  Radio France Internationale;Kenya: Police Brutality During Curfew",HRW,4,Kakamega county,Kakamega County,Kakamega county,,0.416667,34.750000,POINT (34.75 0.416667),130030,Kenya,501,Africa,1,4,2020-04-01 00:00:00.000,2020-04-22 00:00:00.000,0,0,1,0,1,1,1,501,
339524,KEN-2020-3-936-11,2020,0,Clear,3,91,469,Government of Kenya - Civilians,91,936,Government of Kenya - Civilians,91,91,Government of Kenya,9999,1,Civilians,2,"""HRW,2020-04-22,Kenya: Police Brutality During Curfew"";""All Africa,2020-04-23,COVID-19 Roundup - Extra S.africa Troops, Kenyan Abuses and Ethiopian Airlines Fights for Survival  
CR  Radio France Internationale""",HRW;All Africa,2020-04-22;2020-04-23,"Kenya: Police Brutality During Curfew;COVID-19 Roundup - Extra S.africa Troops, Kenyan Abuses and Ethiopian Airlines Fights for Survival  
CR  Radio France Internationale",HRW,1,Mumias town,Mumias,Kakamega county,Mumias West constituency,0.334740,34.487960,POINT (34.48796 0.33474),130029,Kenya,501,Africa,1,4,2020-04-01 00:00:00.000,2020-04-22 00:00:00.000,0,0,1,0,1,1,1,501,
341645,KEN-2020-3-936-12,2020,0,Clear,3,91,469,Government of Kenya - Civilians,91,936,Government of Kenya - Civilians,91,91,Government of Kenya,9999,1,Civilians,3,"""Reuters News,2020-05-04,Nigeria reopens main cities Lagos and Abuja as lockdowns phased out"";""The Star (Kenya),2020-05-04,Man answering nature's call 'killed by curfew cops'"";""The Star (Kenya),2020-05-04,Mathare residents ferry body of man 'beaten by cop' during curfew to Muthaiga""",Reuters News;The Star (Kenya);The Star (Kenya),2020-05-04;2020-05-04;2020-05-04,Nigeria reopens main cities Lagos and Abuja as lockdowns phased out;Man answering nature's call 'killed by curfew cops';Mathare residents ferry body of man 'beaten by cop' during curfew to Muthaiga,residents of Mathare,3,Mathare  constituency,"Mathare, a slum in the capital city Nairobi",Nairobi city county,Mathare  constituency,-1.261701,36.850540,POINT (36.85054 -1.261701),127874,Kenya,501,Africa,1,2,2020-05-03 00:00:00.000,2020-05-04 00:00:00.000,0,0,1,0,1,1,1,501,
345910,KEN-2020-3-936-14,2020,0,Clear,3,91,469,Government of Kenya - Civilians,91,936,Government of Kenya - Civilians,91,91,Government of Kenya,9999,1,Civilians,4,"""The Star (Kenya),2020-06-02,Homeless, harmless and shot dead in Mathare slums"";""All Africa,2020-06-03,Calls for Accountability Mount as Police Murder Unarmed Homeless Man in Mathare"";""BBC Monitoring Africa,2020-06-03,Covid-19 Security: Kenyans condemn police brutality during curfew hours"";""Crisis Watch,2020-07-01,Kenya  JUNE 2020""",The Star (Kenya);All Africa;BBC Monitoring Africa;Crisis Watch,2020-06-02;2020-06-03;2020-06-03;2020-07-01,"Homeless, harmless and shot dead in Mathare slums;Calls for Accountability Mount as Police Murder Unarmed Homeless Man in Mathare;Covid-19 Security: Kenyans condemn police brutality during curfew hours;Kenya  JUNE 2020",eyewitness; CrisisWatch,3,Mathare  constituency,Mathare,Nairobi city county,Mathare  constituency,-1.261701,36.850540,POINT (36.85054 -1.261701),127874,Kenya,501,Africa,1,2,2020-06-01 00:00:00.000,2020-06-02 00:00:00.000,0,0,1,0,1,1,1,501,
346028,KEN-2020-3-936-16,2020,0,Clear,3,91,469,Government of Kenya - Civilians,91,936,Government of Kenya - Civilians,91,91,Government of Kenya,9999,1,Civilians,4,"""Agence France Presse,2020-06-25,Three killed as Kenyan police fire on protesters"";""The Star (Kenya),2020-06-25,Two die in riot after cop kills cobbler in Sh50 bribe row"";""The Star (Kenya),2020-06-25,IG Mutyambai orders arrest of police officer involved in Lessos killings"";""Africa Research Bulletin,2020-07-20,KENYA: Police Brutality Protests""",Agence France Presse;The Star (Kenya);The Star (Kenya);Africa Research Bulletin,2020-06-25;2020-06-25;2020-06-25;2020-07-20,Three killed as Kenyan police fire on protesters;Two die in riot after cop kills cobbler in Sh50 bribe row;IG Mutyambai orders arrest of police officer involved in Lessos killings;KENYA: Police Brutality Protests,police officials,1,Lessos town,Lessos,Nandi county,Nandi Hills constituency,0.214110,35.299990,POINT (35.29999 0.21411),130031,Kenya,501,Africa,1,1,2020-06-25 00:00:00.000,2020-06-25 00:00:00.000,0,0,1,0,1,1,1,501,
346029,KEN-2020-3-936-17,2020,0,Clear,3,91,469,Government of Kenya - Civilians,91,936,Government of Kenya - Civilians,91,91,Government of Kenya,9999,1,Civilians,4,"""Africa Research Bulletin,2020-07-20,KENYA: Police Brutality Protests"";""The Star (Kenya),2020-06-25,Two die in riot after cop kills cobbler in Sh50 bribe row"";""The Star (Kenya),2020-06-25,IG Mutyambai orders arrest of police officer involved in Lessos killings"";""Agence France Presse,2020-06-25,Three killed as Kenyan police fire on protesters""",Africa Research Bulletin;The Star (Kenya);The Star (Kenya);Agence France Presse,2020-07-20;2020-06-25;2020-06-25;2020-06-25,KENYA: Police Brutality Protests;Two die in riot after cop kills cobbler in Sh50 bribe row;IG Mutyambai orders arrest of police officer involved in Lessos killings;Three killed as Kenyan police fire on protesters,police officials,1,Lessos town,Lessos,Nandi county,Nandi Hills constituency,0.214110,35.299990,POINT (35.29999 0.21411),130031,Kenya,501,Africa,1,1,2020-06-25 00:00:00.000,2020-06-25 00:00:00.000,0,0,2,0,2,2,2,501,
348446,KEN-2020-3-936-18,2020,0,Clear,3,91,469,Government of Kenya - Civilians,91,936,Government of Kenya - Civilians,91,91,Government of Kenya,9999,1,Civilians,1,"""The Star (Kenya),2020-07-09,Family of man killed by forest officers demand justice""",The Star (Kenya),2020-07-09,Family of man killed by forest officers demand justice,Father of the victim,3,Mt. Elgon constituency,Kipsigon,Bungoma county,Mt. Elgon constituency,0.961375,34.602319,POINT (34.602319 0.961375),130750,Kenya,501,Africa,1,2,2020-07-07 00:00:00.000,2020-07-09 00:00:00.000,0,0,1,0,1,1,1,501,
379524,KEN-2021-3-936-0,2021,0,Clear,3,91,469,Government of Kenya - Civilians,91,936,Government of Kenya - Civilians,91,91,Government of Kenya,9999,1,Civilians,1,"""The Star (Kenya),2021-01-04,Bring justice to Mandera victims of police torture, Ipoa told""",The Star (Kenya),2021-01-04,"Bring justice to Mandera victims of police torture, Ipoa told",Mandera residents,2,Kutulo locality,outskirts of Kotulo town,Mandera county,Mandera South constituency,2.460268,40.591054,POINT (40.591054 2.460268),132922,Kenya,501,Africa,1,2,2021-01-03 00:00:00.000,2021-01-04 00:00:00.000,0,0,1,0,1,1,1,501,
413684,KEN-2021-3-936-3,2021,0,Clear,3,91,469,Government of Kenya - Civilians,91,936,Government of Kenya - Civilians,91,91,Government of Kenya,9999,1,Civilians,2,"""The Star (Kenya),2021-08-25,[PHOTOS] Two killed in Kahawa West protests over demolitions"";""The Star (Kenya),2021-08-25,Ipoa probes fatal shooting during Kahawa West protests""",The Star (Kenya);The Star (Kenya),2021-08-25;2021-08-25,[PHOTOS] Two killed in Kahawa West protests over demolitions;Ipoa probes fatal shooting during Kahawa West protests,,3,Githunguri constituency,"Githurai, Kahawa area, Kiambu County",Kiambu county,Githunguri constituency,-1.071674,36.781446,POINT (36.781446 -1.071674),127874,Kenya,501,Africa,1,1,2021-08-25 00:00:00.000,2021-08-25 00:00:00.000,0,0,2,0,2,2,2,501,
442260,KEN-2022-3-936-0,2022,0,Clear,3,91,469,Government of Kenya - Civilians,91,936,Government of Kenya - Civilians,91,91,Government of Kenya,9999,1,Civilians,5,"""Xinhua News Agency,2022-06-02,Kenyan police kill four over protests against wildlife invasion"";""The Star (Kenya),2022-06-02,Lenku mourns with families of 4 killed in Kajiado demo"";""The Star (Kenya),2022-06-02,GSU officers open fire on protestors killing four on spot"";""BBC Monitoring Africa,2022-06-03,Kenyan police kill four at protest over wildlife attacks"";""The Star (Kenya),2022-11-04,10 GSU officers to face murder charges over Masimba shooting""",Xinhua News Agency;The Star (Kenya);The Star (Kenya);BBC Monitoring Africa;The Star (Kenya),2022-06-02;2022-06-02;2022-06-02;2022-06-03;2022-11-04,Kenyan police kill four over protests against wildlife invasion;Lenku mourns with families of 4 killed in Kajiado demo;GSU officers open fire on protestors killing four on spot;Kenyan police kill four at protest over wildlife attacks;10 GSU officers to face murder charges over Masimba shooting,,1,Masimba town,"Masimba area, Kajiado County",Kajiado county,Kajiado East constituency,-2.155671,37.590177,POINT (37.590177 -2.155671),126436,Kenya,501,Africa,1,1,2022-06-02 00:00:00.000,2022-06-02 00:00:00.000,0,0,4,0,4,4,4,501,
44116,KEN-2006-3-1565-3,2006,0,Clear,3,704,601,SLDF - Civilians,704,1068,SLDF - Civilians,704,704,SLDF,9999,1,Civilians,-1,"HRW July 2008 ""All the men have  gone War Crimes in Kenyas Mt. Elgon Conflict",,,,,3,Mt. Elgon district,Mt. Elgon district,Western province,Mt. Elgon district,0.950000,34.616667,POINT (34.616667 0.95),130750,Kenya,501,Africa,2,5,2006-01-01 00:00:00.000,2006-12-31 00:00:00.000,0,0,7,0,7,7,7,,
44098,KEN-2006-3-1565-4,2006,0,Clear,3,704,601,SLDF - Civilians,704,1068,SLDF - Civilians,704,704,SLDF,9999,1,Civilians,-1,"Medecine Sans Frontier May 2008 ""MOUNT ELGON: DOES ANYBODY CARE? MSF takes stock after one year in the heart of the crisis in Mount Elgon.",,,,,3,Mt. Elgon district,Mt. Elgon district,Western province,Mt. Elgon district,0.950000,34.616667,POINT (34.616667 0.95),130750,Kenya,501,Africa,2,5,2006-04-01 00:00:00.000,2006-05-31 00:00:00.000,0,0,15,0,15,15,15,,
44171,KEN-2006-3-1565-6,2006,0,Clear,3,704,601,SLDF - Civilians,704,1068,SLDF - Civilians,704,704,SLDF,9999,1,Civilians,-1,"Report into Violations of Human Rights in Mt Elgon Region, Kenyan Police, www.scribd.com/doc/6337563/Kenya-Police-Inquiry-into-the-Mt-Elgon-violence",,,,,2,Chepkurkur,"Chepkurkur (location, kopsiro division; Kapkikai village in there)",Western province,Mt. Elgon district,0.870083,34.538306,POINT (34.538306 0.8700834),130750,Kenya,501,Africa,1,1,2006-12-05 00:00:00.000,2006-12-05 00:00:00.000,0,0,2,0,2,2,2,,
44119,KEN-2007-3-1565-6,2007,1,Clear,3,704,601,SLDF - Civilians,704,1068,SLDF - Civilians,704,704,SLDF,9999,1,Civilians,-1,"Medecine Sans Frontier May 2008 ""MOUNT ELGON: DOES ANYBODY CARE? MSF takes stock after one year in the heart of the crisis in Mount Elgon.",,,,,3,Mt. Elgon district,Mt. Elgon district,Western province,Mt. Elgon district,0.950000,34.616667,POINT (34.616667 0.95),130750,Kenya,501,Africa,1,5,2007-01-01 00:00:00.000,2007-03-10 00:00:00.000,0,0,0,0,0,2,0,,
44178,KEN-2007-3-1565-12,2007,1,Clear,3,704,601,SLDF - Civilians,704,1068,SLDF - Civilians,704,704,SLDF,9999,1,Civilians,-1,"Report of the UN Special Rapporteur on extrajudicial, summary or arbitrary executions Mr. Philip Alston, 26 may 2009",,,,,3,Mt. Elgon district,Mt. Elgon district,Western province,Mt. Elgon district,0.950000,34.616667,POINT (34.616667 0.95),130750,Kenya,501,Africa,1,4,2007-01-01 00:00:00.000,2007-01-31 00:00:00.000,0,0,1,0,1,1,1,,
43455,KEN-2007-3-1565-2,2007,1,Clear,3,704,601,SLDF - Civilians,704,1068,SLDF - Civilians,704,704,SLDF,9999,1,Civilians,-1,"HRW July 2008 ""All the men have  gone War Crimes in Kenyas Mt. Elgon Conflict",,,,,3,Mt. Elgon district,Mt. Elgon district,Western province,Mt. Elgon district,0.950000,34.616667,POINT (34.616667 0.95),130750,Kenya,501,Africa,1,5,2007-01-01 00:00:00.000,2007-12-31 00:00:00.000,0,0,5,0,5,5,5,,
44058,KEN-2007-3-1565-3,2007,1,Clear,3,704,601,SLDF - Civilians,704,1068,SLDF - Civilians,704,704,SLDF,9999,1,Civilians,-1,"Medecine Sans Frontier May 2008 ""MOUNT ELGON: DOES ANYBODY CARE? MSF takes stock after one year in the heart of the crisis in Mount Elgon.",,,,,3,Mt. Elgon district,Mt. Elgon district,Western province,Mt. Elgon district,0.950000,34.616667,POINT (34.616667 0.95),130750,Kenya,501,Africa,1,4,2007-04-01 00:00:00.000,2007-04-30 00:00:00.000,0,0,1,0,1,1,1,,
43874,KEN-2007-3-1565-10,2007,1,Clear,3,704,601,SLDF - Civilians,704,1068,SLDF - Civilians,704,704,SLDF,9999,1,Civilians,-1,"SIMIYU Robert Romborah, 2008, Militianisation of resource conflicts - The case of land-based conflict in the Mount Elgon region of Western Kenya, Monograph 152, October 08, p.79",,,,,1,Kitale town,Kitale town,Rift Valley province,Trans Nzoia district,1.016667,35.000000,POINT (35 1.016667),131471,Kenya,501,Africa,1,4,2007-05-01 00:00:00.000,2007-05-31 00:00:00.000,0,0,0,11,11,11,11,,
43886,KEN-2007-3-1565-15,2007,1,Clear,3,704,601,SLDF - Civilians,704,1068,SLDF - Civilians,704,704,SLDF,9999,1,Civilians,-1,"Report into Violations of Human Rights in Mt Elgon Region, Kenyan Police, www.scribd.com/doc/6337563/Kenya-Police-Inquiry-into-the-Mt-Elgon-violence",,,,,2,Terem,"Terem (sublocation of Kopsiro Division, Simwotwet village in there)",Western province,Mt. Elgon district,0.824583,34.615361,POINT (34.6153611 0.8245834),130750,Kenya,501,Africa,1,1,2007-05-11 00:00:00.000,2007-05-11 00:00:00.000,0,0,2,0,2,2,2,,
43844,KEN-2007-3-1565-11,2007,1,Clear,3,704,601,SLDF - Civilians,704,1068,SLDF - Civilians,704,704,SLDF,9999,1,Civilians,-1,"SIMIYU Robert Romborah, 2008, Militianisation of resource conflicts - The case of land-based conflict in the Mount Elgon region of Western Kenya, Monograph 152, October 08, p.79",,,,,3,Mt. Elgon district,Mt. Elgon district,Western province,Mt. Elgon district,0.950000,34.616667,POINT (34.616667 0.95),130750,Kenya,501,Africa,1,4,2007-06-01 00:00:00.000,2007-06-30 00:00:00.000,0,0,1,0,1,1,1,,
43897,KEN-2007-3-1565-8,2007,1,Clear,3,704,601,SLDF - Civilians,704,1068,SLDF - Civilians,704,704,SLDF,9999,1,Civilians,-1,"SIMIYU Robert Romborah, 2008, Militianisation of resource conflicts - The case of land-based conflict in the Mount Elgon region of Western Kenya, Monograph 152, October 08",,,,,3,Mt. Elgon district,Mt. Elgon district,Western province,Mt. Elgon district,0.950000,34.616667,POINT (34.616667 0.95),130750,Kenya,501,Africa,1,1,2007-07-30 00:00:00.000,2007-07-30 00:00:00.000,0,0,1,0,1,1,1,,
43811,KEN-2007-3-1565-13.1,2007,1,Clear,3,704,601,SLDF - Civilians,704,1068,SLDF - Civilians,704,704,SLDF,9999,1,Civilians,-1,"Report of the UN Special Rapporteur on extrajudicial, summary or arbitrary executions Mr. Philip Alston, 26 may 2009",,,,,3,Mt. Elgon district,Mt. Elgon district,Western province,Mt. Elgon district,0.950000,34.616667,POINT (34.616667 0.95),130750,Kenya,501,Africa,1,5,2007-09-01 00:00:00.000,2007-12-31 00:00:00.000,0,0,1,0,1,1,1,,
44208,KEN-2007-3-1565-13.2,2007,1,Clear,3,704,601,SLDF - Civilians,704,1068,SLDF - Civilians,704,704,SLDF,9999,1,Civilians,-1,"Report of the UN Special Rapporteur on extrajudicial, summary or arbitrary executions Mr. Philip Alston, 26 may 2009",,,,,3,Mt. Elgon district,Mt. Elgon district,Western province,Mt. Elgon district,0.950000,34.616667,POINT (34.616667 0.95),130750,Kenya,501,Africa,1,5,2007-09-01 00:00:00.000,2007-12-31 00:00:00.000,0,0,3,0,3,3,3,,
44146,KEN-2007-3-1565-14,2007,1,Clear,3,704,601,SLDF - Civilians,704,1068,SLDF - Civilians,704,704,SLDF,9999,1,Civilians,-1,"Report of the UN Special Rapporteur on extrajudicial, summary or arbitrary executions Mr. Philip Alston, 26 may 2009",,,,,3,Mt. Elgon district,Mt. Elgon district,Western province,Mt. Elgon district,0.950000,34.616667,POINT (34.616667 0.95),130750,Kenya,501,Africa,1,4,2007-10-01 00:00:00.000,2007-10-31 00:00:00.000,0,0,1,0,1,1,1,,
44147,KEN-2007-3-1565-9,2007,1,Clear,3,704,601,SLDF - Civilians,704,1068,SLDF - Civilians,704,704,SLDF,9999,1,Civilians,-1,"SIMIYU Robert Romborah, 2008, Militianisation of resource conflicts - The case of land-based conflict in the Mount Elgon region of Western Kenya, Monograph 152, October 08",,,,,3,Mt. Elgon district,Mt. Elgon district,Western province,Mt. Elgon district,0.950000,34.616667,POINT (34.616667 0.95),130750,Kenya,501,Africa,1,1,2007-11-12 00:00:00.000,2007-11-12 00:00:00.000,0,0,4,0,4,4,4,,
43761,KEN-2007-3-1565-4,2007,1,Clear,3,704,601,SLDF - Civilians,704,1068,SLDF - Civilians,704,704,SLDF,9999,1,Civilians,-1,"BBC Monitoring Africa 2008-08-26 ""Kenyans urge state to exhume bodies of 40 militia victims",,,,,3,Mt. Elgon district,Mt. Elgon district,Western province,Mt. Elgon district,0.950000,34.616667,POINT (34.616667 0.95),130750,Kenya,501,Africa,2,4,2007-12-01 00:00:00.000,2007-12-31 00:00:00.000,0,0,0,0,0,40,0,,
44421,KEN-2007-3-1565-5,2007,1,Clear,3,704,601,SLDF - Civilians,704,1068,SLDF - Civilians,704,704,SLDF,9999,1,Civilians,-1,"BBC Monitoring Africa 2008-03-25 ""Kenya: Mass graves discovered in western district during raid on militia",,,,,3,Mt. Elgon district,Mt. Elgon district (Kimama village),Western province,Mt. Elgon district,0.950000,34.616667,POINT (34.616667 0.95),130750,Kenya,501,Africa,1,1,2007-12-31 00:00:00.000,2007-12-31 00:00:00.000,0,0,22,0,22,22,22,,
44422,KEN-2007-3-1565-7,2007,1,Clear,3,704,601,SLDF - Civilians,704,1068,SLDF - Civilians,704,704,SLDF,9999,1,Civilians,-1,"SIMIYU Robert Romborah, 2008, Militianisation of resource conflicts - The case of land-based conflict in the Mount Elgon region of Western Kenya, Monograph 152, October 08",,,,,3,Mt. Elgon district,Mt. Elgon district (Kimama village),Western province,Mt. Elgon district,0.950000,34.616667,POINT (34.616667 0.95),130750,Kenya,501,Africa,1,1,2007-12-31 00:00:00.000,2007-12-31 00:00:00.000,0,0,0,0,0,12,0,,
44375,KEN-2008-3-1565-9,2008,1,Clear,3,704,601,SLDF - Civilians,704,1068,SLDF - Civilians,704,704,SLDF,9999,1,Civilians,-1,"SIMIYU Robert Romborah, 2008, Militianisation of resource conflicts - The case of land-based conflict in the Mount Elgon region of Western Kenya, Monograph 152, October 08, p.79",,,,,1,Chesakaki village,Chesakaki village,Western province,Mt. Elgon district,0.800175,34.509092,POINT (34.509092 0.800175),130750,Kenya,501,Africa,1,4,2008-01-01 00:00:00.000,2008-01-31 00:00:00.000,0,0,22,0,22,22,22,,
44140,KEN-2008-3-1565-2,2008,1,Clear,3,704,601,SLDF - Civilians,704,1068,SLDF - Civilians,704,704,SLDF,9999,1,Civilians,-1,"All Africa 2008-05-25 ""Droves of Militia Surrender",,,,,3,Mt. Elgon district,Mt. Elgon district (Chepyuk town),Western province,Mt. Elgon district,0.950000,34.616667,POINT (34.616667 0.95),130750,Kenya,501,Africa,1,4,2008-01-01 00:00:00.000,2008-01-31 00:00:00.000,0,0,4,0,4,4,4,,
44079,KEN-2008-3-1565-3,2008,1,Clear,3,704,601,SLDF - Civilians,704,1068,SLDF - Civilians,704,704,SLDF,9999,1,Civilians,-1,"BBC Monitoring Africa 2008-01-24 ""Several areas in western Kenya report renewed violence",,,,,1,Molo town,Molo town,Rift Valley province,Nakuru district,-0.250000,35.733333,POINT (35.733333 -0.25),129312,Kenya,501,Africa,1,1,2008-01-24 00:00:00.000,2008-01-24 00:00:00.000,0,0,2,0,2,2,2,,
43850,KEN-2008-3-1565-4,2008,1,Clear,3,704,601,SLDF - Civilians,704,1068,SLDF - Civilians,704,704,SLDF,9999,1,Civilians,1,"""MSF,2008-05-01,MOUNT ELGON: DOES ANYBODY CARE?""",MSF,2008-05-01,MOUNT ELGON: DOES ANYBODY CARE?,,3,Mt. Elgon district,Mt. Elgon district (Chepyuk town),Western province,Mt. Elgon district,0.950000,34.616667,POINT (34.616667 0.95),130750,Kenya,501,Africa,1,4,2008-02-01 00:00:00.000,2008-02-28 00:00:00.000,0,0,6,0,6,6,6,,
43469,KEN-2008-3-1565-10,2008,1,Clear,3,704,601,SLDF - Civilians,704,1068,SLDF - Civilians,704,704,SLDF,9999,1,Civilians,-1,"Report of the UN Special Rapporteur on extrajudicial, summary or arbitrary executions Mr. Philip Alston, 26 may 2009",,,,,3,Mt. Elgon district,Mt. Elgon district,Western province,Mt. Elgon district,0.950000,34.616667,POINT (34.616667 0.95),130750,Kenya,501,Africa,1,4,2008-02-01 00:00:00.000,2008-02-29 00:00:00.000,0,0,1,0,1,1,1,,
43477,KEN-2008-3-1565-5,2008,1,Clear,3,704,601,SLDF - Civilians,704,1068,SLDF - Civilians,704,704,SLDF,9999,1,Civilians,-1,"Medecine Sans Frontier May 2008 ""MOUNT ELGON: DOES ANYBODY CARE? MSF takes stock after one year in the heart of the crisis in Mount Elgon.",,,,,3,Mt. Elgon district,Mt. Elgon district (Teldet town),Western province,Mt. Elgon district,0.950000,34.616667,POINT (34.616667 0.95),130750,Kenya,501,Africa,1,1,2008-02-10 00:00:00.000,2008-02-10 00:00:00.000,0,0,2,0,2,2,2,,
44154,KEN-2008-3-1565-7,2008,1,Clear,3,704,601,SLDF - Civilians,704,1068,SLDF - Civilians,704,704,SLDF,9999,1,Civilians,-1,"Associated Press Newswires 2008-03-14 ""Kenya military operation targets gunmen at center of land dispute"" AND BBC Monitoring Africa 2008-03-13 ""Tension high in western Kenya district following army intervention"" ap 2008-03-03 ""13 Killed in Attack in Western Kenya",,,,,3,Trans Nzoia district,Trans Nzoia district (Embakasi town),Rift Valley province,Trans Nzoia district,1.016667,35.000000,POINT (35 1.016667),131471,Kenya,501,Africa,1,1,2008-03-03 00:00:00.000,2008-03-03 00:00:00.000,0,0,13,0,13,13,13,,
43778,KEN-2008-3-1565-8,2008,1,Clear,3,704,601,SLDF - Civilians,704,1068,SLDF - Civilians,704,704,SLDF,9999,1,Civilians,-1,"Medecine Sans Frontier May 2008 ""MOUNT ELGON: DOES ANYBODY CARE? MSF takes stock after one year in the heart of the crisis in Mount Elgon.",,,,,3,Mt. Elgon district,Mt. Elgon district (Teldet town),Western province,Mt. Elgon district,0.950000,34.616667,POINT (34.616667 0.95),130750,Kenya,501,Africa,1,1,2008-04-13 00:00:00.000,2008-04-13 00:00:00.000,0,0,0,1,1,1,1,,
249844,KEN-2017-3-1068-0,2017,0,Clear,3,704,601,SLDF - Civilians,704,1068,SLDF - Civilians,704,704,SLDF,9999,1,Civilians,1,"""The Star (Kenya),2017-12-06,8 relatives killed in Mt Elgon, two men lynched in revenge attacks""",The Star (Kenya),2017-12-06,"8 relatives killed in Mt Elgon, two men lynched in revenge attacks",Police,2,Kopsiro locality,"Masaek and Kutere villages, Kopsiro",Bungoma county,Mt. Elgon constituency,0.871228,34.594268,POINT (34.594268 0.87122889),130750,Kenya,501,Africa,1,2,2017-12-04 00:00:00.000,2017-12-05 00:00:00.000,0,0,5,0,5,5,5,,
44043,KEN-2007-3-1575-4,2007,1,Clear,3,714,602,Mungiki - Civilians,714,1069,Mungiki - Civilians,714,714,Mungiki,9999,1,Civilians,-1,"Report of the UN Special Rapporteur on extrajudicial, summary or arbitrary executions Mr. Philip Alston, 26 may 2009",,,,,4,Nairobi province,"Nairobi area (along bus routes from Kiambu, Banana, and Githurai to Nairobi)",Nairobi province,,-1.283330,36.833330,POINT (36.83333 -1.28333),127874,Kenya,501,Africa,1,4,2007-03-01 00:00:00.000,2007-03-31 00:00:00.000,0,0,2,0,2,2,2,,
43573,KEN-2007-3-1575-1,2007,1,Clear,3,714,602,Mungiki - Civilians,714,1069,Mungiki - Civilians,714,714,Mungiki,9999,1,Civilians,-1,"ICG ""Kenya in Crisis"" February 2008",,,,,1,Kariobangi village,Kariobangi village,Nairobi province,Nairobi district,-1.250000,36.883333,POINT (36.883333 -1.25),127874,Kenya,501,Africa,1,1,2007-12-30 00:00:00.000,2007-12-30 00:00:00.000,0,0,38,0,38,38,38,,
43873,KEN-2008-3-1575-1,2008,1,Clear,3,714,602,Mungiki - Civilians,714,1069,Mungiki - Civilians,714,714,Mungiki,9999,1,Civilians,-1,"ICG ""Kenya in Crisis"" February 2008",,,,,1,Limuru town,Limuru town,Central province,Kiambu district,-1.100000,36.650000,POINT (36.65 -1.1),127874,Kenya,501,Africa,2,5,2008-01-01 00:00:00.000,2008-02-01 00:00:00.000,0,0,0,0,0,2,0,,
43946,KEN-2008-3-1575-8.1,2008,1,Clear,3,714,602,Mungiki - Civilians,714,1069,Mungiki - Civilians,714,714,Mungiki,9999,1,Civilians,-1,"ICG ""Kenya in Crisis"" February 2008",,,,,1,Naivasha town,Naivasha town,Rift Valley province,Nakuru district,-0.716667,36.433333,POINT (36.433333 -0.716667),128593,Kenya,501,Africa,2,2,2008-01-24 00:00:00.000,2008-01-28 00:00:00.000,0,0,2,0,2,2,2,,
44054,KEN-2008-3-1575-8.2,2008,1,Clear,3,714,602,Mungiki - Civilians,714,1069,Mungiki - Civilians,714,714,Mungiki,9999,1,Civilians,-1,"ICG ""Kenya in Crisis"" February 2008",,,,,1,Nakuru town,Nakuru town,Rift Valley province,Nakuru district,-0.283333,36.066667,POINT (36.066667 -0.283333),129313,Kenya,501,Africa,2,2,2008-01-24 00:00:00.000,2008-01-28 00:00:00.000,0,0,2,0,2,2,2,,
44091,KEN-2008-3-1575-4,2008,1,Clear,3,714,602,Mungiki - Civilians,714,1069,Mungiki - Civilians,714,714,Mungiki,9999,1,Civilians,-1,"HRW March 2008 ""Ballots to Bullets",,,,,1,Naivasha town,Naivasha town,Rift Valley province,Nakuru district,-0.716667,36.433333,POINT (36.433333 -0.716667),128593,Kenya,501,Africa,1,3,2008-01-24 00:00:00.000,2008-01-30 00:00:00.000,0,0,2,0,2,3,2,,
43748,KEN-2008-3-1575-7,2008,1,Clear,3,714,602,Mungiki - Civilians,714,1069,Mungiki - Civilians,714,714,Mungiki,9999,1,Civilians,-1,"HRW March 2008 ""Ballots to Bullets",,,,,1,Nakuru town,Nakuru town,Rift Valley province,Nakuru district,-0.283333,36.066667,POINT (36.066667 -0.283333),129313,Kenya,501,Africa,1,1,2008-01-24 00:00:00.000,2008-01-24 00:00:00.000,0,0,1,0,1,1,1,,
43402,KEN-2008-3-1575-5,2008,1,Clear,3,714,602,Mungiki - Civilians,714,1069,Mungiki - Civilians,714,714,Mungiki,9999,1,Civilians,-1,"HRW March 2008 ""Ballots to Bullets",,,,,2,Naivasha town,Naivasha town (near),Rift Valley province,Nakuru district,-0.716667,36.433333,POINT (36.433333 -0.716667),128593,Kenya,501,Africa,1,3,2008-01-24 00:00:00.000,2008-01-30 00:00:00.000,0,0,2,0,2,2,2,,
43869,KEN-2008-3-1575-9,2008,1,Clear,3,714,602,Mungiki - Civilians,714,1069,Mungiki - Civilians,714,714,Mungiki,9999,1,Civilians,-1,"HRW March 2008 ""Ballots to Bullets",,,,,1,Nakuru town,Nakuru town,Rift Valley province,Nakuru district,-0.283333,36.066667,POINT (36.066667 -0.283333),129313,Kenya,501,Africa,1,1,2008-01-25 00:00:00.000,2008-01-25 00:00:00.000,0,0,1,0,1,1,1,,
43762,KEN-2008-3-1575-10,2008,1,Clear,3,714,602,Mungiki - Civilians,714,1069,Mungiki - Civilians,714,714,Mungiki,9999,1,Civilians,-1,"HRW March 2008 ""Ballots to Bullets",,,,,1,Naivasha town,Naivasha town,Rift Valley province,Nakuru district,-0.716667,36.433333,POINT (36.433333 -0.716667),128593,Kenya,501,Africa,1,1,2008-01-27 00:00:00.000,2008-01-27 00:00:00.000,0,0,19,0,19,19,19,,
43698,KEN-2009-3-1575-1,2009,1,Clear,3,714,602,Mungiki - Civilians,714,1069,Mungiki - Civilians,714,714,Mungiki,9999,1,Civilians,-1,AFP 2009-01-10,,,,"police source, anonymous",1,Nairobi city,Nairobi city,Nairobi province,Nairobi district,-1.283333,36.816667,POINT (36.816667 -1.283333),127874,Kenya,501,Africa,1,1,2009-01-10 00:00:00.000,2009-01-10 00:00:00.000,0,0,7,0,7,7,7,,
43749,KEN-2009-3-1575-4,2009,1,Clear,3,714,602,Mungiki - Civilians,714,1069,Mungiki - Civilians,714,714,Mungiki,9999,1,Civilians,-1,"Report of the UN Special Rapporteur on extrajudicial, summary or arbitrary executions Mr. Philip Alston, 26 may 2009",,,,,6,Kenya,Kenya,,,1.000000,38.000000,POINT (38 1),131477,Kenya,501,Africa,1,4,2009-04-01 00:00:00.000,2009-04-30 00:00:00.000,0,0,0,0,0,30,0,,
43769,KEN-2009-3-1575-3,2009,1,Clear,3,714,602,Mungiki - Civilians,714,1069,Mungiki - Civilians,714,714,Mungiki,9999,1,Civilians,-1,"East African standart, 20090425, KENNEDY Agade Mkutu, 2009, Mitigation or armed criminality through an African indigenous approach - The case of the Sungusungu in Kenya, Crime Kaw Soc Change (2010) 53:183-204. p. 184",,,,,1,Gathaithi village,"Gathaithi (and Kiaruhiu villages inlarger Kirinyaga District, boundary to Nyeri East)",Central province,Kirinyaga district,-0.500000,37.333333,POINT (37.333333 -0.5),129315,Kenya,501,Africa,1,1,2009-04-21 00:00:00.000,2009-04-21 00:00:00.000,0,0,29,0,29,29,29,,
43750,KEN-2009-3-1575-2,2009,1,Clear,3,714,602,Mungiki - Civilians,714,1069,Mungiki - Civilians,714,714,Mungiki,9999,1,Civilians,-1,"Source: The Standard website, Nairobi, in English 23 Dec 09 in BBC Mon",,,,Police Spokesman Eric Kiraithe,1,Gachie town,Gachie town,Nairobi province,Nairobi district,-1.216667,36.783333,POINT (36.783333 -1.216667),127874,Kenya,501,Africa,1,1,2009-12-15 00:00:00.000,2009-12-15 00:00:00.000,0,0,1,0,1,1,1,,
31073,SOM-2011-3-1578-15,2011,1,Clear,3,717,604,Al-Shabaab - Civilians,717,1071,Al-Shabaab - Civilians,717,717,Al-Shabaab,9999,1,Civilians,-1,"Xinhua 6 November 2011 ""Kenya suspects Al_Shabaab behind attack in northern Kenya",,,,kenyan sources,1,Garissa town,Garissa town,North Eastern province,Garissa district,-0.453548,39.640108,POINT (39.640108 -0.453548),129320,Kenya,501,Africa,1,1,2011-11-05 00:00:00.000,2011-11-05 00:00:00.000,0,0,0,0,0,2,0,,
31069,SOM-2011-3-1578-17,2011,1,Clear,3,717,604,Al-Shabaab - Civilians,717,1071,Al-Shabaab - Civilians,717,717,Al-Shabaab,9999,1,Civilians,-1,"Xinhua 25 November 2011 ""Panic grips northern Kenya over terror attacks",,,,,1,Mandera town,Mandera,North Eastern province,Mandera district,3.936804,41.858383,POINT (41.858383 3.936804),135084,Kenya,501,Africa,1,1,2011-11-24 00:00:00.000,2011-11-24 00:00:00.000,0,0,6,0,6,6,6,,
31077,SOM-2011-3-1578-21,2011,1,Clear,3,717,604,Al-Shabaab - Civilians,717,1071,Al-Shabaab - Civilians,717,717,Al-Shabaab,9999,1,Civilians,-1,"BBC Monitoring Africa 21 December 2011 ""Uganda: Djibouti troops join AU mission in Somalia",,,,,1,Garissa town,Garissa town,North Eastern province,Garissa district,-0.453548,39.640108,POINT (39.640108 -0.453548),129320,Kenya,501,Africa,1,1,2011-12-19 00:00:00.000,2011-12-19 00:00:00.000,0,0,2,0,2,2,0,,
30342,SOM-2012-3-1578-2,2012,1,Clear,3,717,604,Al-Shabaab - Civilians,717,1071,Al-Shabaab - Civilians,717,717,Al-Shabaab,9999,1,Civilians,-1,"BBC Monitoring Africa 1 January 2012 ""Programme summary of Somalia's Radio Shabeelle news 0500 gmt 01 Jan 12"" // Reuters 1 January 2012 ""UPDATE 2-Gunmen attack bars in northeast Kenya, 5 dead",,,,"Radio Shabeelle, Mogadishu in Somali 0500 gmt 1 Jan 12",1,Garissa town,Garissa town,North Eastern province,Garissa district,-0.453548,39.640108,POINT (39.640108 -0.453548),129320,Kenya,501,Africa,1,1,2012-01-01 00:00:00.000,2012-01-01 00:00:00.000,0,0,0,0,0,5,0,,
31663,SOM-2012-3-1578-8,2012,1,Clear,3,717,604,Al-Shabaab - Civilians,717,1071,Al-Shabaab - Civilians,717,717,Al-Shabaab,9999,1,Civilians,-1,"BBC Monitoring Africa 5 Feb 2012 ""Suspected Somali Islamists said kill two refugees in northeastern Kenya",,,,"SomaliaReport.com, in English 5 Feb 12",1,Garissa town,Garissa town,North Eastern province,Garissa district,-0.453548,39.640108,POINT (39.640108 -0.453548),129320,Kenya,501,Africa,1,1,2012-02-03 00:00:00.000,2012-02-03 00:00:00.000,0,0,0,0,0,3,0,,
30379,SOM-2012-3-1578-14,2012,1,Clear,3,717,604,Al-Shabaab - Civilians,717,1071,Al-Shabaab - Civilians,717,717,Al-Shabaab,9999,1,Civilians,-1,"All Africa 10 March 2012 ""3 Killed in Suspected Shabaab Nairobi Attack"" // All Africa 11 March 2012 ""Death Toll in Nairobi Grenade Attack Hits Six"" // Reuters 12 March 2012 ""UPDATE 1-Kenya releases four suspects held over blasts"" // All Africa 14 March 2012 ""Al Shabaab Denies Nairobi Bombings",,,,,1,Nairobi city,Nairobi city,Nairobi province,Nairobi district,-1.283333,36.816667,POINT (36.816667 -1.283333),127874,Kenya,501,Africa,1,1,2012-03-10 00:00:00.000,2012-03-10 00:00:00.000,0,0,0,0,0,7,0,,
31659,SOM-2012-3-1578-17,2012,1,Clear,3,717,604,Al-Shabaab - Civilians,717,1071,Al-Shabaab - Civilians,717,717,Al-Shabaab,9999,1,Civilians,-1,"All Africa 2 April 2012 ""We Did It, Say Al Shabaab""  // All Africa 3 April 2012 ""'Several' Suspects Detained Over Mombasa Blasts",,,,,1,Mombasa town,Mombasa town,Coast province,Mombasa district,-4.050000,39.666667,POINT (39.666667 -4.05),123560,Kenya,501,Africa,1,1,2012-03-31 00:00:00.000,2012-03-31 00:00:00.000,0,0,0,0,0,2,0,,
31662,SOM-2012-3-1578-65,2012,1,Clear,3,717,604,Al-Shabaab - Civilians,717,1071,Al-Shabaab - Civilians,717,717,Al-Shabaab,9999,1,Civilians,-1,"AFP 2012-04-29 ""Grenade attack in Nairobi church kills one""; The People 2012-05-01 through BBC ""Kenyan minister blames Al-Shabab on church grenade attack""; AFP 2012-05-01 ""Kenya church grenade blast toll rises to two: medic""; AP 2012-05-04 ""Hundreds of Kenyan youth trained by Somali militants pose threat to nation, official says",,,,"police, witnesses, Internal Security Minister",1,Nairobi city,Nairobi (God House of Miracle Church in Nairobi's Ngara neighbourhood),Nairobi province,Nairobi district,-1.283333,36.816667,POINT (36.816667 -1.283333),127874,Kenya,501,Africa,1,1,2012-04-29 00:00:00.000,2012-04-29 00:00:00.000,0,0,0,0,0,2,0,,
31584,SOM-2012-3-1578-23,2012,1,Clear,3,717,604,Al-Shabaab - Civilians,717,1071,Al-Shabaab - Civilians,717,717,Al-Shabaab,9999,1,Civilians,-1,"Reuters 16 May 2012 ""Kenyan police arrest suspect in Mombasa grenade attack",,,,,1,Mombasa town,Mombasa town (Bella Vista night club),Coast province,Mombasa district,-4.050000,39.666667,POINT (39.666667 -4.05),123560,Kenya,501,Africa,1,1,2012-05-15 00:00:00.000,2012-05-15 00:00:00.000,0,0,1,0,1,1,1,,
31653,SOM-2012-3-1578-66,2012,1,Clear,3,717,604,Al-Shabaab - Civilians,717,1071,Al-Shabaab - Civilians,717,717,Al-Shabaab,9999,1,Civilians,-1,"Daily Nation 2012-05-21 through BBC ""Two refugees shot dead in northeastern Kenya camp",,,,"police, Garissa residents",1,Ifo refugee camp,Ifo (Ifo camp near Dadaab [northeastern Kenya] ),North Eastern province,Garissa district,0.110442,40.313964,POINT (40.313964 0.110442),130041,Kenya,501,Africa,1,1,2012-05-19 00:00:00.000,2012-05-19 00:00:00.000,0,0,0,0,0,1,0,,
31581,SOM-2012-3-1578-25,2012,1,Clear,3,717,604,Al-Shabaab - Civilians,717,1071,Al-Shabaab - Civilians,717,717,Al-Shabaab,9999,1,Civilians,-1,"All Africa 31 May 2012 ""Moi Avenue Blast Victim Dies",,,,,1,Nairobi city,Nairobi city,Nairobi province,Nairobi district,-1.283333,36.816667,POINT (36.816667 -1.283333),127874,Kenya,501,Africa,1,1,2012-05-28 00:00:00.000,2012-05-28 00:00:00.000,0,0,1,0,1,1,1,,
31655,SOM-2012-3-1578-67,2012,1,Clear,3,717,604,Al-Shabaab - Civilians,717,1071,Al-Shabaab - Civilians,717,717,Al-Shabaab,9999,1,Civilians,-1,"Xinhua 2012-05-30 ""At least 1 killed, 3 critically injured in grenade attack in N. Kenya",,,,police,1,Wajir town,Wajir,North Eastern province,Wajir district,1.747102,40.057315,POINT (40.057315 1.747102),132201,Kenya,501,Africa,1,1,2012-05-30 00:00:00.000,2012-05-30 00:00:00.000,0,0,0,0,0,1,0,,
31656,SOM-2012-3-1578-68,2012,1,Clear,3,717,604,Al-Shabaab - Civilians,717,1071,Al-Shabaab - Civilians,717,717,Al-Shabaab,9999,1,Civilians,-1,"AFP 2012-06-29 ""Aid worker kidnapped, driver killed in Kenya's Dadaab camp""; Xinhua 2012-06-29 ""Roundup: Kenyan soldiers pursue Al-Shabaab after abduction of 4 aid workers",,,,"police, Kenya's Red Cross, eye witnesses",1,Ifo 2 refugee camp,Dadaab's Ifo 2 camp,North Eastern province,Garissa district,0.145889,40.318467,POINT (40.3184674 0.1458899),130041,Kenya,501,Africa,1,1,2012-06-02 00:00:00.000,2012-06-02 00:00:00.000,0,0,0,0,0,1,0,,
31664,SOM-2012-3-1578-28,2012,1,Clear,3,717,604,Al-Shabaab - Civilians,717,1071,Al-Shabaab - Civilians,717,717,Al-Shabaab,9999,1,Civilians,-1,"Reuters 24 June 2012 ""At least one killed in blast in Kenyan port city of Mombasa""  // All Africa 25 June 2012 ""Death Toll in Mombasa Grenade Attack Hits Three",,,,,1,Mombasa town,Mombasa town,Coast province,Mombasa district,-4.050000,39.666667,POINT (39.666667 -4.05),123560,Kenya,501,Africa,1,1,2012-06-24 00:00:00.000,2012-06-24 00:00:00.000,0,0,0,0,0,3,0,,
31591,SOM-2012-3-1578-29,2012,1,Clear,3,717,604,Al-Shabaab - Civilians,717,1071,Al-Shabaab - Civilians,717,717,Al-Shabaab,9999,1,Civilians,-1,"Reuters 1 July 2012 ""At least 10 killed in blasts at Kenya churches - police""  // Reuters 1 July 2012 ""UPDATE 4-Attacks on Kenyan churches kill 17""  // All Africa 6 July 2012 ""We Will Hunt You Down, Kibaki Tells Al Shabaab""  // IHS Jane's Intelligence Review, Kenya 16 Jul 2012 ""Gunmen kill 18 in co-ordinated attacks on two Kenyan churches",,,,,1,Garissa town,Garissa town,North Eastern province,Garissa district,-0.453548,39.640108,POINT (39.640108 -0.453548),129320,Kenya,501,Africa,1,1,2012-07-01 00:00:00.000,2012-07-01 00:00:00.000,0,0,17,0,17,17,17,,
31657,SOM-2012-3-1578-69,2012,1,Clear,3,717,604,Al-Shabaab - Civilians,717,1071,Al-Shabaab - Civilians,717,717,Al-Shabaab,9999,1,Civilians,-1,"Shabeelle Media Network website 2012-07-30 through BBC ""One killed in Somalia, Kenya border attack",,,,eyewitnesses,1,Mandera town,Mandera town,North Eastern province,Mandera district,3.936804,41.858383,POINT (41.858383 3.936804),135084,Kenya,501,Africa,1,1,2012-07-29 00:00:00.000,2012-07-29 00:00:00.000,0,0,0,0,0,1,0,,
31632,SOM-2012-3-1578-64,2012,1,Clear,3,717,604,Al-Shabaab - Civilians,717,1071,Al-Shabaab - Civilians,717,717,Al-Shabaab,9999,1,Civilians,-1,ARB vol 49(8): 19372,,,,Sunday Nation 5/8 2012,1,Nairobi city,Nairobi city (Eastleigh),Nairobi province,Nairobi district,-1.283333,36.816667,POINT (36.816667 -1.283333),127874,Kenya,501,Africa,1,1,2012-08-01 00:00:00.000,2012-08-01 00:00:00.000,0,0,3,0,3,3,3,,
31635,SOM-2012-3-1578-63,2012,1,Clear,3,717,604,Al-Shabaab - Civilians,717,1071,Al-Shabaab - Civilians,717,717,Al-Shabaab,9999,1,Civilians,-1,ARB vol 49(8): 19372,,,,Sunday Nation 5/8 2012,1,Nairobi city,Nairobi city (Eastleigh),Nairobi province,Nairobi district,-1.283333,36.816667,POINT (36.816667 -1.283333),127874,Kenya,501,Africa,1,1,2012-08-03 00:00:00.000,2012-08-03 00:00:00.000,0,0,1,0,1,1,1,,
31646,SOM-2012-3-1578-42,2012,1,Clear,3,717,604,Al-Shabaab - Civilians,717,1071,Al-Shabaab - Civilians,717,717,Al-Shabaab,9999,1,Civilians,-1,"Reuters 30 september 2012 ""Two Kenyan police officers shot dead near Somalia border",,,,,1,Nairobi city,Nairobi city,Nairobi province,Nairobi district,-1.283333,36.816667,POINT (36.816667 -1.283333),127874,Kenya,501,Africa,1,1,2012-09-30 00:00:00.000,2012-09-30 00:00:00.000,0,0,0,0,0,1,0,,
31660,SOM-2012-3-1578-70,2012,1,Clear,3,717,604,Al-Shabaab - Civilians,717,1071,Al-Shabaab - Civilians,717,717,Al-Shabaab,9999,1,Civilians,-1,"Xinhua 2012-10 16 ""Suspected Al-Shabaab militants shot deadSafaricom engineer",,,,"police, witness",2,Kulan village,"Kulan area, about 50 km from Liboi town near the border with Somalia",North Eastern province,Garissa district,0.213826,40.666534,POINT (40.666534 0.213826),130042,Kenya,501,Africa,1,1,2012-10-16 00:00:00.000,2012-10-16 00:00:00.000,0,0,0,0,0,1,0,,
31661,SOM-2012-3-1578-47,2012,1,Clear,3,717,604,Al-Shabaab - Civilians,717,1071,Al-Shabaab - Civilians,717,717,Al-Shabaab,9999,1,Civilians,-1,"Reuters 4 November 2012 ""UPDATE 2-Blast in Kenya's Garissa kills one -official",,,,,1,Garissa town,Garissa town,North Eastern province,Garissa district,-0.453548,39.640108,POINT (39.640108 -0.453548),129320,Kenya,501,Africa,1,1,2012-11-04 00:00:00.000,2012-11-04 00:00:00.000,0,0,0,0,0,1,0,,
31644,SOM-2012-3-1578-48,2012,1,Clear,3,717,604,Al-Shabaab - Civilians,717,1071,Al-Shabaab - Civilians,717,717,Al-Shabaab,9999,1,Civilians,-1,"Reuters 19 November 2012 ""UPDATE 4-Bomb rips through Nairobi minibus, killing six""  // BBC Monitoring Africa 19 November 2012 ""Programme summary of Somalia's Radio Voice of Mudug news 1700 gmt 18 Nov 12""  // Reuters 19 November 2012 ""UPDATE 3-Rioters attack ethnic Somalis in Kenyan capital""  //  BBC Monitoring Africa 20 November 2012 ""Somali president says Kenyan capital blast cowardly act",,,,"red cross   //  Radio Voice of Mudug, in Somali 1700 gmt 18 Nov 12  //  Radio Bar-Kulan website, Nairobi, in Somali on 20 Nov 12",1,Nairobi city,Nairobi city (Eastleigh),Nairobi province,Nairobi district,-1.283333,36.816667,POINT (36.816667 -1.283333),127874,Kenya,501,Africa,1,1,2012-11-18 00:00:00.000,2012-11-18 00:00:00.000,0,0,10,0,10,10,10,,
31658,SOM-2012-3-1578-53,2012,1,Clear,3,717,604,Al-Shabaab - Civilians,717,1071,Al-Shabaab - Civilians,717,717,Al-Shabaab,9999,1,Civilians,-1,"All Africa 8 December 2012 ""Death Toll in Eastleigh Grenade Attack Rises to Five",,,,,1,Nairobi city,Nairobi city (Eastleigh),Nairobi province,Nairobi district,-1.283333,36.816667,POINT (36.816667 -1.283333),127874,Kenya,501,Africa,1,1,2012-12-05 00:00:00.000,2012-12-05 00:00:00.000,0,0,0,0,0,1,0,,
30373,SOM-2012-3-1578-54,2012,1,Clear,3,717,604,Al-Shabaab - Civilians,717,1071,Al-Shabaab - Civilians,717,717,Al-Shabaab,9999,1,Civilians,-1,"All Africa 8 December 2012 ""Death Toll in Eastleigh Grenade Attack Rises to Five",,,,,1,Nairobi city,Nairobi city (Eastleigh),Nairobi province,Nairobi district,-1.283333,36.816667,POINT (36.816667 -1.283333),127874,Kenya,501,Africa,1,1,2012-12-07 00:00:00.000,2012-12-07 00:00:00.000,0,0,0,0,0,5,0,,
31665,SOM-2012-3-1578-55,2012,1,Clear,3,717,604,Al-Shabaab - Civilians,717,1071,Al-Shabaab - Civilians,717,717,Al-Shabaab,9999,1,Civilians,-1,"Xinhua 20 December 2012 ""1st LD Writethru: Three people shot dead in N. Kenya",,,,,1,Garissa town,Garissa town,North Eastern province,Garissa district,-0.453548,39.640108,POINT (39.640108 -0.453548),129320,Kenya,501,Africa,1,1,2012-12-20 00:00:00.000,2012-12-20 00:00:00.000,0,0,0,0,0,3,0,,
62690,SOM-2013-3-1578-5,2013,1,Clear,3,717,604,Al-Shabaab - Civilians,717,1071,Al-Shabaab - Civilians,717,717,Al-Shabaab,9999,1,Civilians,18,"""ICG Crisis Watch,2013-10-01,Crisis Watch Kenya   |  1 Oct 2013"";""Agence France Presse,2013-09-21,Fierce gunbattle, casualties in upmarket Nairobi shopping mall: police"";""Agence France Presse,2013-09-21,At least six killed in Nairobi mall gun attack"";""Agence France Presse,2013-09-21,At least 20 killed in Nairobi mall 'terror' attack"";""Dow Jones News Service,2013-09-22,Death Toll Rises to 59 in Kenya Mall Attack"";""Agence France Presse,2013-09-22,Death toll in Kenya mall siege rises to 68: Red Cross"";""Agence France Presse,2013-09-24,Kenya president says mall siege over, 'losses immense'"";""BBC Monitoring Africa,2013-09-25,Kenyan forces give horrific accounts on mall siege, death toll may rise"";""Agence France Presse,2013-09-23,Kenya hostages evacuated, mall siege nears end: govt spokesman"";""All Africa,2013-10-16,23 People Still Missing Almost a Month After Westgate Attack"";""Africa Research Bulletin,2013-10-16,Nairobi Shopping Mall Massacre (pp. 19835-7)"";""Dow Jones News Service,2013-09-24,Kenyan Forces Hunt for Remaining Holdouts at Westgate Mall"";""Agence France Presse,2013-09-28,Reports warned of Nairobi attack: newspapers"";""Associated Press Newswires,2013-09-29,Nairobi morgue's last victim of mall attack is ID'd; a nation's grief is one mother's tragedy"";""Associated Press Newswires,2013-10-02,Questions persist about the Kenya mall attack: How many attackers, hostages? Claims in doubt"";""Dow Jones Top Global Market Stories,2013-10-02,Investigators Pull 2 More Bodies From Westgate Mall Rubble"";""Agence France Presse,2014-09-05,Shebab leader Godane, Al-Qaeda's top man in Somalia"";""Agence France Presse,2014-09-17,Kenya Westgate massacre: developments one year on""",ICG Crisis Watch;Agence France Presse;Agence France Presse;Agence France Presse;Dow Jones News Service;Agence France Presse;Agence France Presse;BBC Monitoring Africa;Agence France Presse;All Africa;Africa Research Bulletin;Dow Jones News Service;Agence France Presse;Associated Press Newswires;Associated Press Newswires;Dow Jones Top Global Market Stories;Agence France Presse;Agence France Presse,2013-10-01;2013-09-21;2013-09-21;2013-09-21;2013-09-22;2013-09-22;2013-09-24;2013-09-25;2013-09-23;2013-10-16;2013-10-16;2013-09-24;2013-09-28;2013-09-29;2013-10-02;2013-10-02;2014-09-05;2014-09-17,"Crisis Watch Kenya   |  1 Oct 2013;Fierce gunbattle, casualties in upmarket Nairobi shopping mall: police;At least six killed in Nairobi mall gun attack;At least 20 killed in Nairobi mall 'terror' attack;Death Toll Rises to 59 in Kenya Mall Attack;Death toll in Kenya mall siege rises to 68: Red Cross;Kenya president says mall siege over, 'losses immense';Kenyan forces give horrific accounts on mall siege, death toll may rise;Kenya hostages evacuated, mall siege nears end: govt spokesman;23 People Still Missing Almost a Month After Westgate Attack;Nairobi Shopping Mall Massacre (pp. 19835-7);Kenyan Forces Hunt for Remaining Holdouts at Westgate Mall;Reports warned of Nairobi attack: newspapers;Nairobi morgue's last victim of mall attack is ID'd; a nation's grief is one mother's tragedy;Questions persist about the Kenya mall attack: How many attackers, hostages? Claims in doubt;Investigators Pull 2 More Bodies From Westgate Mall Rubble;Shebab leader Godane, Al-Qaeda's top man in Somalia;Kenya Westgate massacre: developments one year on",Kenyan officials; al-Shabaab; Kenyan Red Cross,1,Nairobi city,Westgate shopping mall in Nairobi,Nairobi city county,,-1.283333,36.816667,POINT (36.816667 -1.283333),127874,Kenya,501,Africa,1,2,2013-09-21 00:00:00.000,2013-09-22 00:00:00.000,0,0,61,0,61,63,61,,
151176,SOM-2014-3-1578-27,2014,1,Clear,3,717,604,Al-Shabaab - Civilians,717,1071,Al-Shabaab - Civilians,717,717,Al-Shabaab,9999,1,Civilians,4,"""Agence France Presse,2014-03-23,Gunmen kill two in attack on Kenyan church: police"";""BBC Monitoring Africa,2014-03-30,Kenyan affiliate of Somali terror group behind Likoni attack - report"";""Xinhua News Agency,2014-03-23,Roundup: Death toll from church attack in Mombasa rises to four"";""Reuters News,2014-03-23,UPDATE 4-Gunmen kill six in attack on Kenyan church""",Agence France Presse;BBC Monitoring Africa;Xinhua News Agency;Reuters News,2014-03-23;2014-03-30;2014-03-23;2014-03-23,Gunmen kill two in attack on Kenyan church: police;Kenyan affiliate of Somali terror group behind Likoni attack - report;Roundup: Death toll from church attack in Mombasa rises to four;UPDATE 4-Gunmen kill six in attack on Kenyan church,"police, witnesses, Kenyan Red Cross",1,Likoni town,"Joy in Jesus Church in Likoni, near Mombasa",Mombasa county,Likoni Constitiency,-4.083936,39.661606,POINT (39.661606 -4.083936),123560,Kenya,501,Africa,1,1,2014-03-23 00:00:00.000,2014-03-23 00:00:00.000,0,0,0,0,0,4,0,,
151227,SOM-2014-3-1578-29,2014,1,Clear,3,717,604,Al-Shabaab - Civilians,717,1071,Al-Shabaab - Civilians,717,717,Al-Shabaab,9999,1,Civilians,7,"""BBC Monitoring Africa,2014-05-08,Kenya police arrest four suspects linked to Nairobi twin blasts"";""BBC Monitoring Africa,2014-05-21,Kenyan terror suspect arraigned in court"";""Agence France Presse,2014-05-04,Two killed, dozens wounded in twin Nairobi bus bombings"";""Associated Press Newswires,2014-05-04,Kenya police: 3 dead in 2 explosions in Nairobi"";""Reuters News,2014-05-04,Three people killed in blasts targeting buses in Kenyan capital"";""BBC Monitoring Africa,2014-05-05,Death toll from blast in Kenyan capital rises to three"";""BBC Monitoring Africa,2014-07-22,Father of man linked with Kenyan bombings charged with terrorism""",BBC Monitoring Africa;BBC Monitoring Africa;Agence France Presse;Associated Press Newswires;Reuters News;BBC Monitoring Africa;BBC Monitoring Africa,2014-05-08;2014-05-21;2014-05-04;2014-05-04;2014-05-04;2014-05-05;2014-07-22,"Kenya police arrest four suspects linked to Nairobi twin blasts;Kenyan terror suspect arraigned in court;Two killed, dozens wounded in twin Nairobi bus bombings;Kenya police: 3 dead in 2 explosions in Nairobi;Three people killed in blasts targeting buses in Kenyan capital;Death toll from blast in Kenyan capital rises to three;Father of man linked with Kenyan bombings charged with terrorism","Kenya's Disaster Operation Centre, police",2,Nairobi city,"Nairobi (along the Thika Road highway, an area around eight kilometres (five miles) northwest of Nairobi's city centre)",Nairobi city county,,-1.283333,36.816667,POINT (36.816667 -1.283333),127874,Kenya,501,Africa,1,1,2014-05-04 00:00:00.000,2014-05-04 00:00:00.000,0,0,3,0,3,3,2,,
151229,SOM-2014-3-1578-30,2014,1,Clear,3,717,604,Al-Shabaab - Civilians,717,1071,Al-Shabaab - Civilians,717,717,Al-Shabaab,9999,1,Civilians,3,"""Agence France Presse,2014-05-16,Four killed in twin Nairobi blasts"";""Agence France Presse,2014-05-16,Eight dead, more than 70 wounded in Nairobi blasts: hospital"";""Agence France Presse,2014-05-16,Ten dead, more than 70 wounded in Nairobi blasts""",Agence France Presse;Agence France Presse;Agence France Presse,2014-05-16;2014-05-16;2014-05-16,"Four killed in twin Nairobi blasts;Eight dead, more than 70 wounded in Nairobi blasts: hospital;Ten dead, more than 70 wounded in Nairobi blasts","National Disaster Operation Centre, Kenyan Red Cross",1,Nairobi city,"Gikomba Market area, Nairobi",Nairobi city county,,-1.283333,36.816667,POINT (36.816667 -1.283333),127874,Kenya,501,Africa,2,1,2014-05-16 00:00:00.000,2014-05-16 00:00:00.000,0,0,0,0,0,10,0,,
151246,SOM-2014-3-1578-31,2014,1,Clear,3,717,604,Al-Shabaab - Civilians,717,1071,Al-Shabaab - Civilians,717,717,Al-Shabaab,9999,1,Civilians,1,"""BBC Monitoring Africa,2014-05-29,Five killed in clashes between rival clans in northeastern Kenya""",BBC Monitoring Africa,2014-05-29,Five killed in clashes between rival clans in northeastern Kenya,witnesses,2,Mandera town,"Ledi, six kilometres from Mandera town",Mandera county,Mandera East constituency,3.936631,41.867011,POINT (41.867011 3.936631),135084,Kenya,501,Africa,1,1,2014-05-28 00:00:00.000,2014-05-28 00:00:00.000,0,0,0,0,0,1,0,,
151247,SOM-2014-3-1578-32,2014,1,Clear,3,717,604,Al-Shabaab - Civilians,717,1071,Al-Shabaab - Civilians,717,717,Al-Shabaab,9999,1,Civilians,1,"""BBC Monitoring Africa,2014-05-29,Five killed in clashes between rival clans in northeastern Kenya""",BBC Monitoring Africa,2014-05-29,Five killed in clashes between rival clans in northeastern Kenya,Mandera East OCPD [Officer Commanding Police Division] Ekai Maruki,1,Arabia locality,"Arabia, Mandera county (on road fom Mandera to Nairobi",Mandera county,Mandera East constituency,3.557635,41.505665,POINT (41.505665 3.557635),135084,Kenya,501,Africa,1,1,2014-05-28 00:00:00.000,2014-05-28 00:00:00.000,0,0,0,0,0,5,0,,
151294,SOM-2014-3-1578-33,2014,1,Clear,3,717,604,Al-Shabaab - Civilians,717,1071,Al-Shabaab - Civilians,717,717,Al-Shabaab,9999,1,Civilians,26,"""Agence France Presse,2014-06-15,Gunmen attack Kenyan coastal town: army"";""Agence France Presse,2014-06-16,Islamist gunmen kill at least 26 in Kenya attack: official"";""Agence France Presse,2014-06-16,34 killed in Kenya attack: Red Cross, officials"";""Agence France Presse,2014-06-16,Suspected Somali militants kill 48 in Kenya attack: Red Cross"";""Agence France Presse,2014-06-16,Islamist gunmen kill at least 49 in Kenya attack"";""Agence France Presse,2014-06-16,Security boosted across Kenya after attack: interior minister"";""Associated Press Newswires,2014-06-16,Gunmen singled out non-Muslims in Kenya attack"";""Agence France Presse,2014-06-16,Somalia's Shebab massacre dozens in Kenyan coastal town"";""Agence France Presse,2014-06-17,Kenya president blames 'local political networks' for attacks"";""Xinhua News Agency,2014-06-17,2nd LD Writethru: Kenya's leader rules out Al-Shabaab links to attacks on civilians"";""Reuters News,2014-06-17,UPDATE 3-President says Kenyan politics not Islamists behind attacks"";""BBC Monitoring Africa,2014-06-17,Kenyan Kikuyu language radio doubts Mpeketoni attacks work of Al-Shabab"";""BBC Monitoring Africa,2014-06-18,Kenyan police arrest two suspects over Mpeketoni attack"";""Agence France Presse,2014-06-18,Shebab again claim Kenya attacks, urge Muslim uprising"";""Agence France Presse,2014-06-18,Kenyan opposition leader denies role in coast massacres"";""BBC Monitoring Africa,2014-06-19,Security experts divided over motivation behind attacks in Kenyan coast - report"";""BBC Monitoring Africa,2014-06-22,Somali terror group's involvement in Kenyan coast attacks viewed"";""BBC Monitoring Africa,2014-06-19,Eyewitnesses say ""white man"" commanded Kenyan coastal town attackers"";""BBC Monitoring Africa,2014-06-21,UK, US say Kenya killings linked to terrorism"";""BBC Monitoring Africa,2014-06-25,Five suspects appear in Kenyan court over coastal town attack"";""Agence France Presse,2014-06-26,Kenya arrests governor after coastal attacks: police"";""BBC Monitoring Africa,2014-07-04,Report blames Al-Shabab for Kenya's Mpeketoni attack"";""BBC Monitoring Africa,2014-07-13,Kenyan intelligence agency says attackers planning more raids in coastal region"";""BBC Monitoring Africa,2014-07-25,Kenyan soldiers arrest Tanzanian suspects linked to Mpeketoni attacks"";""BBC Monitoring Africa,2014-08-12,Kenyan security forces arrest ""gang leader"" in coastal region"";""Agence France Presse,2014-09-10,Case thrown out against Kenya governor linked to massacres""",Agence France Presse;Agence France Presse;Agence France Presse;Agence France Presse;Agence France Presse;Agence France Presse;Associated Press Newswires;Agence France Presse;Agence France Presse;Xinhua News Agency;Reuters News;BBC Monitoring Africa;BBC Monitoring Africa;Agence France Presse;Agence France Presse;BBC Monitoring Africa;BBC Monitoring Africa;BBC Monitoring Africa;BBC Monitoring Africa;BBC Monitoring Africa;Agence France Presse;BBC Monitoring Africa;BBC Monitoring Africa;BBC Monitoring Africa;BBC Monitoring Africa;Agence France Presse,2014-06-15;2014-06-16;2014-06-16;2014-06-16;2014-06-16;2014-06-16;2014-06-16;2014-06-16;2014-06-17;2014-06-17;2014-06-17;2014-06-17;2014-06-18;2014-06-18;2014-06-18;2014-06-19;2014-06-22;2014-06-19;2014-06-21;2014-06-25;2014-06-26;2014-07-04;2014-07-13;2014-07-25;2014-08-12;2014-09-10,"Gunmen attack Kenyan coastal town: army;Islamist gunmen kill at least 26 in Kenya attack: official;34 killed in Kenya attack: Red Cross, officials;Suspected Somali militants kill 48 in Kenya attack: Red Cross;Islamist gunmen kill at least 49 in Kenya attack;Security boosted across Kenya after attack: interior minister;Gunmen singled out non-Muslims in Kenya attack;Somalia's Shebab massacre dozens in Kenyan coastal town;Kenya president blames 'local political networks' for attacks;2nd LD Writethru: Kenya's leader rules out Al-Shabaab links to attacks on civilians;UPDATE 3-President says Kenyan politics not Islamists behind attacks;Kenyan Kikuyu language radio doubts Mpeketoni attacks work of Al-Shabab;Kenyan police arrest two suspects over Mpeketoni attack;Shebab again claim Kenya attacks, urge Muslim uprising;Kenyan opposition leader denies role in coast massacres;Security experts divided over motivation behind attacks in Kenyan coast - report;Somali terror group's involvement in Kenyan coast attacks viewed;Eyewitnesses say ""white man"" commanded Kenyan coastal town attackers;UK, US say Kenya killings linked to terrorism;Five suspects appear in Kenyan court over coastal town attack;Kenya arrests governor after coastal attacks: police;Report blames Al-Shabab for Kenya's Mpeketoni attack;Kenyan intelligence agency says attackers planning more raids in coastal region;Kenyan soldiers arrest Tanzanian suspects linked to Mpeketoni attacks;Kenyan security forces arrest ""gang leader"" in coastal region;Case thrown out against Kenya governor linked to massacres","Benson Maisori, deputy commissioner for the district; army; KHRC; al-Shabaab",1,Mpeketoni town,Mpeketoni which lies on the mainland some 30 kilometres (20 miles) southwest of Lamu island,Lamu county,Lamu West constituency,-2.392715,40.694218,POINT (40.694218 -2.392715),126442,Kenya,501,Africa,1,2,2014-06-15 00:00:00.000,2014-06-16 00:00:00.000,0,0,48,0,48,48,48,,
151296,SOM-2014-3-1578-34,2014,1,Clear,3,717,604,Al-Shabaab - Civilians,717,1071,Al-Shabaab - Civilians,717,717,Al-Shabaab,9999,1,Civilians,18,"""BBC Monitoring Africa,2014-06-17,Kenyan Kikuyu language radio doubts Mpeketoni attacks work of Al-Shabab"";""Reuters News,2014-06-17,UPDATE 3-President says Kenyan politics not Islamists behind attacks"";""Agence France Presse,2014-06-18,Kenyan officials deny women kidnapped in coastal attacks"";""BBC Monitoring Africa,2014-06-18,Kenyan police arrest two suspects over Mpeketoni attack"";""Reuters News,2014-06-17,CORRECTED-Islamist militants kill 8 more in new attack on Kenya coast"";""Agence France Presse,2014-06-17,At least 10 dead as Islamists strike again on Kenya's coast"";""BBC Monitoring Africa,2014-06-17,USA condemns terrorist attack on Kenya's coastal town"";""Agence France Presse,2014-06-17,Kenya president blames 'local political networks' for attacks"";""Agence France Presse,2014-06-18,Kenyan opposition leader denies role in coast massacres"";""BBC Monitoring Africa,2014-06-19,Security experts divided over motivation behind attacks in Kenyan coast - report"";""Agence France Presse,2014-06-18,Shebab again claim Kenya attacks, urge Muslim uprising"";""Xinhua News Agency,2014-06-17,2nd LD Writethru: Kenya's leader rules out Al-Shabaab links to attacks on civilians"";""BBC Monitoring Africa,2014-07-04,Report blames Al-Shabab for Kenya's Mpeketoni attack"";""BBC Monitoring Africa,2014-06-25,Five suspects appear in Kenyan court over coastal town attack"";""Agence France Presse,2014-06-26,Kenya arrests governor after coastal attacks: police"";""BBC Monitoring Africa,2014-06-21,UK, US say Kenya killings linked to terrorism"";""BBC Monitoring Africa,2014-06-22,Somali terror group's involvement in Kenyan coast attacks viewed"";""BBC Monitoring Africa,2014-06-19,Eyewitnesses say ""white man"" commanded Kenyan coastal town attackers""",BBC Monitoring Africa;Reuters News;Agence France Presse;BBC Monitoring Africa;Reuters News;Agence France Presse;BBC Monitoring Africa;Agence France Presse;Agence France Presse;BBC Monitoring Africa;Agence France Presse;Xinhua News Agency;BBC Monitoring Africa;BBC Monitoring Africa;Agence France Presse;BBC Monitoring Africa;BBC Monitoring Africa;BBC Monitoring Africa,2014-06-17;2014-06-17;2014-06-18;2014-06-18;2014-06-17;2014-06-17;2014-06-17;2014-06-17;2014-06-18;2014-06-19;2014-06-18;2014-06-17;2014-07-04;2014-06-25;2014-06-26;2014-06-21;2014-06-22;2014-06-19,"Kenyan Kikuyu language radio doubts Mpeketoni attacks work of Al-Shabab;UPDATE 3-President says Kenyan politics not Islamists behind attacks;Kenyan officials deny women kidnapped in coastal attacks;Kenyan police arrest two suspects over Mpeketoni attack;CORRECTED-Islamist militants kill 8 more in new attack on Kenya coast;At least 10 dead as Islamists strike again on Kenya's coast;USA condemns terrorist attack on Kenya's coastal town;Kenya president blames 'local political networks' for attacks;Kenyan opposition leader denies role in coast massacres;Security experts divided over motivation behind attacks in Kenyan coast - report;Shebab again claim Kenya attacks, urge Muslim uprising;2nd LD Writethru: Kenya's leader rules out Al-Shabaab links to attacks on civilians;Report blames Al-Shabab for Kenya's Mpeketoni attack;Five suspects appear in Kenyan court over coastal town attack;Kenya arrests governor after coastal attacks: police;UK, US say Kenya killings linked to terrorism;Somali terror group's involvement in Kenyan coast attacks viewed;Eyewitnesses say ""white man"" commanded Kenyan coastal town attackers","Kenya Red Cross, Al-Shabaab",2,Mpeketoni town,Poromoko area near Mpeketoni,Lamu county,Lamu West constituency,-2.392715,40.694218,POINT (40.694218 -2.392715),126442,Kenya,501,Africa,1,2,2014-06-16 00:00:00.000,2014-06-17 00:00:00.000,0,0,7,2,9,20,9,,
151302,SOM-2014-3-1578-35,2014,1,Clear,3,717,604,Al-Shabaab - Civilians,717,1071,Al-Shabaab - Civilians,717,717,Al-Shabaab,9999,1,Civilians,9,"""Agence France Presse,2014-07-06,Shooting reported in violence-hit Kenyan coastal region"";""Agence France Presse,2014-07-06,Thirteen killed in new attacks in Kenya's Lamu coastal region: Red Cross"";""Xinhua News Agency,2014-07-06,1st LD: At least 15 killed in twin attacks on Kenya's coastal region"";""Agence France Presse,2014-07-06,At least 18 killed in new attacks in Kenyan coastal region"";""Agence France Presse,2014-07-06,Over 20 killed in Kenya coastal attacks: police, aid agency"";""Associated Press Newswires,2014-07-06,Red Cross: 22 dead in attacks on Kenyan coast"";""BBC Monitoring Africa,2014-07-06,Al-Shabab spokesman claims attack on Kenyan coast"";""BBC Monitoring Africa,2014-07-09,Kenyan coastal attack survivors recount ordeal; claim Asian men led assault"";""BBC Monitoring Africa,2014-07-29,Kenya police arrest suspects behind 6 July killings in coastal village""",Agence France Presse;Agence France Presse;Xinhua News Agency;Agence France Presse;Agence France Presse;Associated Press Newswires;BBC Monitoring Africa;BBC Monitoring Africa;BBC Monitoring Africa,2014-07-06;2014-07-06;2014-07-06;2014-07-06;2014-07-06;2014-07-06;2014-07-06;2014-07-09;2014-07-29,"Shooting reported in violence-hit Kenyan coastal region;Thirteen killed in new attacks in Kenya's Lamu coastal region: Red Cross;1st LD: At least 15 killed in twin attacks on Kenya's coastal region;At least 18 killed in new attacks in Kenyan coastal region;Over 20 killed in Kenya coastal attacks: police, aid agency;Red Cross: 22 dead in attacks on Kenyan coast;Al-Shabab spokesman claims attack on Kenyan coast;Kenyan coastal attack survivors recount ordeal; claim Asian men led assault;Kenya police arrest suspects behind 6 July killings in coastal village","Kenya's National Disaster Operations Centre, Kenyan Red Cross; Al-Shabaab",1,Hindi village,Hindi trading centre near the town of Mpeketoni and ca 15 km from Lamu,Lamu county,Lamu West constituency,-2.178380,40.818780,POINT (40.81878 -2.17838),126442,Kenya,501,Africa,1,1,2014-07-05 00:00:00.000,2014-07-05 00:00:00.000,0,0,13,0,13,13,13,,
151311,SOM-2014-3-1578-36,2014,1,Clear,3,717,604,Al-Shabaab - Civilians,717,1071,Al-Shabaab - Civilians,717,717,Al-Shabaab,9999,1,Civilians,7,"""Agence France Presse,2014-07-19,At least two dead in attack on Kenyan coast: police"";""Agence France Presse,2014-07-19,Shebab militants claim attack on Kenya bus that killed 7"";""Agence France Presse,2014-07-19,Shebab militants claim attack on Kenya bus that killed 7"";""Dow Jones Institutional News,2014-07-19,Kenya Red Cross: 7 Die in Militant Attack on Coast"";""BBC Monitoring Africa,2014-07-19,Kenya bans night travel ban on coastal road as Somalia's Al-Shabab claims attack"";""BBC Monitoring Africa,2014-07-20,Somalia: Interview with Al-Shabab military spokesman on Kenya coastal attack"";""Agence France Presse,2014-07-19,Shebab claims deadly strike on Kenya bus""",Agence France Presse;Agence France Presse;Agence France Presse;Dow Jones Institutional News;BBC Monitoring Africa;BBC Monitoring Africa;Agence France Presse,2014-07-19;2014-07-19;2014-07-19;2014-07-19;2014-07-19;2014-07-20;2014-07-19,At least two dead in attack on Kenyan coast: police;Shebab militants claim attack on Kenya bus that killed 7;Shebab militants claim attack on Kenya bus that killed 7;Kenya Red Cross: 7 Die in Militant Attack on Coast;Kenya bans night travel ban on coastal road as Somalia's Al-Shabab claims attack;Somalia: Interview with Al-Shabab military spokesman on Kenya coastal attack;Shebab claims deadly strike on Kenya bus,"police, Kenyan Red Cross, al-Shabaab",2,Witu village,"Corner Mbaya, 5 kilometers from the coastal town of Witu in Lamu county",Lamu county,Lamu West constituency,-2.389545,40.436929,POINT (40.436929 -2.389545),126441,Kenya,501,Africa,1,1,2014-07-18 00:00:00.000,2014-07-18 00:00:00.000,0,0,3,4,7,7,7,,
151391,SOM-2014-3-1578-37,2014,1,Clear,3,717,604,Al-Shabaab - Civilians,717,1071,Al-Shabaab - Civilians,717,717,Al-Shabaab,9999,1,Civilians,2,"""BBC Monitoring Africa,2014-08-14,Suspected Al-Shabab militia kill three people in northeastern Kenya"";""BBC Monitoring Africa,2014-08-17,Suspected Al-Shabab militants rob civilians in northeastern Kenyan town""",BBC Monitoring Africa;BBC Monitoring Africa,2014-08-14;2014-08-17,Suspected Al-Shabab militia kill three people in northeastern Kenya;Suspected Al-Shabab militants rob civilians in northeastern Kenyan town,Mandera County Commissioner Alex Ole Nkoyo,1,Fino locality,"Fino, Lafey sub-county, in Mandera County",Mandera county,Lafey constituency,3.375578,41.418119,POINT (41.418119 3.375578),134363,Kenya,501,Africa,1,1,2014-08-13 00:00:00.000,2014-08-13 00:00:00.000,0,0,0,0,0,1,0,,
151392,SOM-2014-3-1578-38,2014,1,Clear,3,717,604,Al-Shabaab - Civilians,717,1071,Al-Shabaab - Civilians,717,717,Al-Shabaab,9999,1,Civilians,2,"""BBC Monitoring Africa,2014-08-14,Suspected Al-Shabab militia kill three people in northeastern Kenya"";""All Africa,2014-08-15,Alshabaab Suspects Murder People in North-Eastern Kenya""",BBC Monitoring Africa;All Africa,2014-08-14;2014-08-15,Suspected Al-Shabab militia kill three people in northeastern Kenya;Alshabaab Suspects Murder People in North-Eastern Kenya,,1,Garissa town,Bulxan area of Garissa town,Garissa county,Garissa township constituency,-0.453548,39.640108,POINT (39.640108 -0.453548),129320,Kenya,501,Africa,1,1,2014-08-13 00:00:00.000,2014-08-13 00:00:00.000,0,0,0,0,0,2,0,,
151394,SOM-2014-3-1578-39,2014,1,Clear,3,717,604,Al-Shabaab - Civilians,717,1071,Al-Shabaab - Civilians,717,717,Al-Shabaab,9999,1,Civilians,3,"""BBC Monitoring Africa,2014-08-23,Suspected Al-Shabab militants behead Kenyan man"";""Agence France Presse,2014-08-23,Suspected Shebab militants behead Kenyan driver"";""Xinhua News Agency,2014-08-22,Somali militants behead abducted Kenyan driver""",BBC Monitoring Africa;Agence France Presse;Xinhua News Agency,2014-08-23;2014-08-23;2014-08-22,Suspected Al-Shabab militants behead Kenyan man;Suspected Shebab militants behead Kenyan driver;Somali militants behead abducted Kenyan driver,"Lamu County Commissioner Njenga Miiri, police",2,Boni forest (Lamu county),Boni forest near Lamu,Lamu county,Lamu East constituency,-1.717327,41.334830,POINT (41.3348306 -1.7173278),127163,Kenya,501,Africa,1,1,2014-08-22 00:00:00.000,2014-08-22 00:00:00.000,0,0,1,0,1,1,1,,
152545,SOM-2014-3-1578-40,2014,1,Clear,3,717,604,Al-Shabaab - Civilians,717,1071,Al-Shabaab - Civilians,717,717,Al-Shabaab,9999,1,Civilians,5,"""Xinhua News Agency,2014-11-22,1st LD Writethru: At least 28 killed in northern Kenya bus attack"";""Agence France Presse,2014-11-22,Gunmen execute 28 on Kenya bus near Somalia border: police"";""Agence France Presse,2014-11-22,Gunmen execute 28 on Kenya bus near Somalia border: police"";""Agence France Presse,2014-11-22,Shebab Islamists claim responsibility for Kenya's deadly bus attack"";""Xinhua News Agency,2014-11-22,Al-Shabaab claims responsibility for Kenya bus attack""",Xinhua News Agency;Agence France Presse;Agence France Presse;Agence France Presse;Xinhua News Agency,2014-11-22;2014-11-22;2014-11-22;2014-11-22;2014-11-22,1st LD Writethru: At least 28 killed in northern Kenya bus attack;Gunmen execute 28 on Kenya bus near Somalia border: police;Gunmen execute 28 on Kenya bus near Somalia border: police;Shebab Islamists claim responsibility for Kenya's deadly bus attack;Al-Shabaab claims responsibility for Kenya bus attack,"government officials and police, Kenyan Red Cross",2,Mandera town,"a few kilometres from Mandera, northern Kenya",Mandera county,Mandera East constituency,3.936631,41.867011,POINT (41.867011 3.936631),135084,Kenya,501,Africa,1,1,2014-11-22 00:00:00.000,2014-11-22 00:00:00.000,0,0,28,0,28,28,28,,
152550,SOM-2014-3-1578-42,2014,1,Clear,3,717,604,Al-Shabaab - Civilians,717,1071,Al-Shabaab - Civilians,717,717,Al-Shabaab,9999,1,Civilians,4,"""Agence France Presse,2014-12-01,Casualties in northeast Kenya town attack: Red Cross"";""Agence France Presse,2014-12-01,One killed, dozen wounded in northeast Kenya attack"";""Xinhua News Agency,2014-12-01,1st LD Writethru: At least 1 killed, 12 injured in northern Kenya explosions"";""Dow Jones Institutional News,2014-12-02,Somali Militants Kill 36 in Kenya Border Attack""",Agence France Presse;Agence France Presse;Xinhua News Agency;Dow Jones Institutional News,2014-12-01;2014-12-01;2014-12-01;2014-12-02,"Casualties in northeast Kenya town attack: Red Cross;One killed, dozen wounded in northeast Kenya attack;1st LD Writethru: At least 1 killed, 12 injured in northern Kenya explosions;Somali Militants Kill 36 in Kenya Border Attack","Kenyan Red cross, Kenya's National Disaster Operation Centre",1,Wajir town,Wajir,Wajir county,Wajir East constituency,1.747102,40.057315,POINT (40.057315 1.747102),132201,Kenya,501,Africa,1,1,2014-12-01 00:00:00.000,2014-12-01 00:00:00.000,0,0,1,0,1,1,1,,
152567,SOM-2014-3-1578-41,2014,1,Clear,3,717,604,Al-Shabaab - Civilians,717,1071,Al-Shabaab - Civilians,717,717,Al-Shabaab,9999,1,Civilians,5,"""Agence France Presse,2014-12-02,Gunmen slaughter 36 in fresh northeast Kenya attack"";""Agence France Presse,2014-12-02,At least 36 feared dead in northeast Kenya attack: Red Cross"";""Agence France Presse,2014-12-02,Gunmen slaughter 36 in fresh northeast Kenya attack"";""Agence France Presse,2014-12-02,Somalia's Shebab claim latest Kenya massacre, vow more attacks"";""Dow Jones Institutional News,2014-12-02,Somali Militants Kill 36 in Kenya Border Attack -- 2nd Update""",Agence France Presse;Agence France Presse;Agence France Presse;Agence France Presse;Dow Jones Institutional News,2014-12-02;2014-12-02;2014-12-02;2014-12-02;2014-12-02,"Gunmen slaughter 36 in fresh northeast Kenya attack;At least 36 feared dead in northeast Kenya attack: Red Cross;Gunmen slaughter 36 in fresh northeast Kenya attack;Somalia's Shebab claim latest Kenya massacre, vow more attacks;Somali Militants Kill 36 in Kenya Border Attack -- 2nd Update",police and the Red Cross,2,Mandera town,"Koromey, about 20 km from Mandera",Mandera county,Mandera East constituency,3.936631,41.867011,POINT (41.867011 3.936631),135084,Kenya,501,Africa,1,1,2014-12-02 00:00:00.000,2014-12-02 00:00:00.000,0,0,36,0,36,36,36,,
206307,SOM-2015-3-1578-20,2015,1,Clear,3,717,604,Al-Shabaab - Civilians,717,1071,Al-Shabaab - Civilians,717,717,Al-Shabaab,9999,1,Civilians,4,"""BBC Monitoring Africa,2015-03-16,Al-Shabab kills one in attack in northeast Kenyan town"";""BBC Monitoring Africa,2015-03-16,Suspected Al-Shabab gunmen kill one, injure three in northeastern Kenya"";""BBC Monitoring Africa,2015-03-16,Gunmen kill four in northeastern Kenya"";""All Africa,2015-03-16,Mandera Governor, MPs Demand County Commissioner Be Replaced""",BBC Monitoring Africa;BBC Monitoring Africa;BBC Monitoring Africa;All Africa,2015-03-16;2015-03-16;2015-03-16;2015-03-16,"Al-Shabab kills one in attack in northeast Kenyan town;Suspected Al-Shabab gunmen kill one, injure three in northeastern Kenya;Gunmen kill four in northeastern Kenya;Mandera Governor, MPs Demand County Commissioner Be Replaced",Mandera East deputy County Commissioner Elvis Korir; Al-Shabab's Radio Andalus; police,1,Mandera town,Bulla-Mpya suburb in the outskirts of Mandera town,Mandera county,Mandera East constituency,3.936631,41.867011,POINT (41.867011 3.936631),135084,Kenya,501,Africa,1,1,2015-03-15 00:00:00.000,2015-03-15 00:00:00.000,0,0,4,0,4,4,4,,
206311,SOM-2015-3-1578-21,2015,1,Clear,3,717,604,Al-Shabaab - Civilians,717,1071,Al-Shabaab - Civilians,717,717,Al-Shabaab,9999,1,Civilians,3,"""Agence France Presse,2015-03-18,New Shebab attack in northeast Kenya kills three"";""Agence France Presse,2015-03-18,New Shebab attack in northeast Kenya kills four"";""All Africa,2015-03-18,Al-Shabab Attack Kills Four in Wajer""",Agence France Presse;Agence France Presse;All Africa,2015-03-18;2015-03-18;2015-03-18,New Shebab attack in northeast Kenya kills three;New Shebab attack in northeast Kenya kills four;Al-Shabab Attack Kills Four in Wajer,"Security sources/Local police; Abdulaziz Abu Musab, a spokesman for al-Shabaab",1,Wajir town,Wajir,Wajir county,Wajir East constituency,1.747102,40.057315,POINT (40.057315 1.747102),132201,Kenya,501,Africa,1,1,2015-03-17 00:00:00.000,2015-03-17 00:00:00.000,0,0,4,0,4,4,4,,
206331,SOM-2015-3-1578-22,2015,1,Clear,3,717,604,Al-Shabaab - Civilians,717,1071,Al-Shabaab - Civilians,717,717,Al-Shabaab,9999,1,Civilians,17,"""Agence France Presse,2015-04-03,Shock, defiance in Kenya after Shebab massacre 148 at university"";""Agence France Presse,2015-04-16,Somali Shebab university massacre gunmen were Kenyans: report"";""Agence France Presse,2015-04-05,One of Garissa attackers identified as Kenyan law graduate: official"";""All Africa,2015-04-05,Slain Garissa Terrorist Studied Law At Nairobi University"";""BBC Monitoring Africa,2015-04-08,Al-Shabab sympathizer writes article justifying Kenyan massacre"";""Agence France Presse,2015-04-02,Somalia's Shebab claim Kenya university attack"";""Agence France Presse,2015-04-02,At least 15 killed in Kenya university attack: police source, media reports"";""Xinhua News Agency,2015-04-02,1st LD: Unknown gunmen storm Kenyan college, hold hostages"";""Xinhua News Agency,2015-04-02,3rd LD Writethru-Roundup: Kenya launches manhunt for suspect behind university attack"";""Agence France Presse,2015-04-02,Two gunmen killed in Kenya university attack: government"";""Xinhua News Agency,2015-04-02,1st LD: Death toll from Kenyan university attack rises to 70: senior official"";""Agence France Presse,2015-04-02,Somali Islamists kill 70 as troops move to end Kenya siege"";""Agence France Presse,2015-04-02,At least 147 killed in Shebab attack on Kenyan university: official toll"";""Agence France Presse,2015-04-02,Somali Islamists kill 147 as troops end Kenya university massacre: official"";""BBC Monitoring Africa,2015-04-03,Garissa attack was unexpected - Kenyan interior minister"";""Agence France Presse,2015-04-03,Kenya university massacre toll rises to 148: interior minister"";""Agence France Presse,2015-04-04,'Gentle' ex-teacher accused of masterminding Kenya massacre""",Agence France Presse;Agence France Presse;Agence France Presse;All Africa;BBC Monitoring Africa;Agence France Presse;Agence France Presse;Xinhua News Agency;Xinhua News Agency;Agence France Presse;Xinhua News Agency;Agence France Presse;Agence France Presse;Agence France Presse;BBC Monitoring Africa;Agence France Presse;Agence France Presse,2015-04-03;2015-04-16;2015-04-05;2015-04-05;2015-04-08;2015-04-02;2015-04-02;2015-04-02;2015-04-02;2015-04-02;2015-04-02;2015-04-02;2015-04-02;2015-04-02;2015-04-03;2015-04-03;2015-04-04,"Shock, defiance in Kenya after Shebab massacre 148 at university;Somali Shebab university massacre gunmen were Kenyans: report;One of Garissa attackers identified as Kenyan law graduate: official;Slain Garissa Terrorist Studied Law At Nairobi University;Al-Shabab sympathizer writes article justifying Kenyan massacre;Somalia's Shebab claim Kenya university attack;At least 15 killed in Kenya university attack: police source, media reports;1st LD: Unknown gunmen storm Kenyan college, hold hostages;3rd LD Writethru-Roundup: Kenya launches manhunt for suspect behind university attack;Two gunmen killed in Kenya university attack: government;1st LD: Death toll from Kenyan university attack rises to 70: senior official;Somali Islamists kill 70 as troops move to end Kenya siege;At least 147 killed in Shebab attack on Kenyan university: official toll;Somali Islamists kill 147 as troops end Kenya university massacre: official;Garissa attack was unexpected - Kenyan interior minister;Kenya university massacre toll rises to 148: interior minister;'Gentle' ex-teacher accused of masterminding Kenya massacre",police and witnesses; al-Shabaab spokesman Sheikh Ali Mohamud Rage; Interior Cabinet Secretary Joseph Nkaissery,1,Garissa town,Moi University's College in Garissa,Garissa county,Garissa township constituency,-0.453548,39.640108,POINT (39.640108 -0.453548),129320,Kenya,501,Africa,1,1,2015-04-02 00:00:00.000,2015-04-02 00:00:00.000,0,0,142,10,152,152,152,,
206610,SOM-2015-3-1578-24,2015,1,Clear,3,717,604,Al-Shabaab - Civilians,717,1071,Al-Shabaab - Civilians,717,717,Al-Shabaab,9999,1,Civilians,6,"""Agence France Presse,2015-07-07,Gunmen kill 14 in northern Kenya attack: police"";""Agence France Presse,2015-07-07,Suspected Shebab kill 14 in northern Kenya attack"";""Xinhua News Agency,2015-07-07,Police pursue gunmen behind murder of 14 in Kenya's border town"";""Agence France Presse,2015-07-07,Suspected Shebab militants kill 14 workers in northern Kenya"";""Agence France Presse,2015-07-07,Shebab militants kill 14 workers in northern Kenya"";""All Africa,2015-07-07,Al Shabaab Attack On Kenyan Border Town Claims 14 People""",Agence France Presse;Agence France Presse;Xinhua News Agency;Agence France Presse;Agence France Presse;All Africa,2015-07-07;2015-07-07;2015-07-07;2015-07-07;2015-07-07;2015-07-07,Gunmen kill 14 in northern Kenya attack: police;Suspected Shebab kill 14 in northern Kenya attack;Police pursue gunmen behind murder of 14 in Kenya's border town;Suspected Shebab militants kill 14 workers in northern Kenya;Shebab militants kill 14 workers in northern Kenya;Al Shabaab Attack On Kenyan Border Town Claims 14 People,officials and Red Cross; al-Shabaab,2,Mandera town,"Soko Mbuzi, a livestock market just outside the town of Mandera",Mandera county,Mandera East constituency,3.936631,41.867011,POINT (41.867011 3.936631),135084,Kenya,501,Africa,1,1,2015-07-07 00:00:00.000,2015-07-07 00:00:00.000,0,0,14,0,14,14,14,,
233187,ETH-2016-3-1578-46,2016,1,Clear,3,717,604,Al-Shabaab - Civilians,717,1071,Al-Shabaab - Civilians,717,717,Al-Shabaab,9999,1,Civilians,3,"""Reuters News,2016-01-31,Three killed in suspected Islamist attack in northern Kenya"";""All Africa,2016-02-17,Police Probe 3 Al-Shabaab Suspects Over Murders in Kenyan Coast"";""Reuters News,2016-01-31,Three killed in suspected Islamist attack in northern Kenya""",Reuters News;All Africa;Reuters News,2016-01-31;2016-02-17;2016-01-31,Three killed in suspected Islamist attack in northern Kenya;Police Probe 3 Al-Shabaab Suspects Over Murders in Kenyan Coast;Three killed in suspected Islamist attack in northern Kenya,police and al-Shabaab,1,Pandanguo village,"Pandanguo village,Lamu county",Lamu county,Lamu West constituency,-2.234716,40.477810,POINT (40.47781 -2.234716),126441,Kenya,501,Africa,1,1,2016-01-31 00:00:00.000,2016-01-31 00:00:00.000,0,0,3,0,3,3,2,,
233211,ETH-2016-3-1578-47,2016,1,Clear,3,717,604,Al-Shabaab - Civilians,717,1071,Al-Shabaab - Civilians,717,717,Al-Shabaab,9999,1,Civilians,4,"""Xinhua News Agency,2016-05-29,Suspected Al-Shabaab returnees kill 3 Kenyans in the coast"";""Xinhua News Agency,2016-05-29,Kenyan police arrest 4 over shooting in coastal region"";""All Africa,2016-05-31,Police Release Photos of 8 Wanted Criminals at the Coast"";""Reuters News,2016-05-30,Suspected al Shabaab fighters kill 3 village elders in Kenya - police""",Xinhua News Agency;Xinhua News Agency;All Africa;Reuters News,2016-05-29;2016-05-29;2016-05-31;2016-05-30,Suspected Al-Shabaab returnees kill 3 Kenyans in the coast;Kenyan police arrest 4 over shooting in coastal region;Police Release Photos of 8 Wanted Criminals at the Coast;Suspected al Shabaab fighters kill 3 village elders in Kenya - police,Regional police commander Francis Wanjohi,2,Bongwe village,Bongwe area within Msambweni Division in Kwale County,Kwale county,Msambweni constituency,-4.287222,39.553055,POINT (39.5530556 -4.2872222),123560,Kenya,501,Africa,1,1,2016-05-29 00:00:00.000,2016-05-29 00:00:00.000,0,0,0,0,0,4,0,,
233265,ETH-2016-3-1578-49,2016,1,Clear,3,717,604,Al-Shabaab - Civilians,717,1071,Al-Shabaab - Civilians,717,717,Al-Shabaab,9999,1,Civilians,4,"""Agence France Presse,2016-07-01,Six killed in Kenya bus ambush"";""Xinhua News Agency,2016-07-01,At last six killed, several injured in Al-Shabaab attack in NE Kenya"";""Xinhua News Agency,2016-07-02,Roundup: Kenya launches security operation after attack on buses"";""Reuters News,2016-07-01,Six killed in attack in Kenya; al Shabaab claims responsibility""",Agence France Presse;Xinhua News Agency;Xinhua News Agency;Reuters News,2016-07-01;2016-07-01;2016-07-02;2016-07-01,"Six killed in Kenya bus ambush;At last six killed, several injured in Al-Shabaab attack in NE Kenya;Roundup: Kenya launches security operation after attack on buses;Six killed in attack in Kenya; al Shabaab claims responsibility",police chief Joseph Boinnet; al-Shabaab; Northeastern Regional Coordinator Mohamud Saleh,2,El Wak town,near El Wak in Mandera county,Mandera county,Banisa constituency,2.811916,40.929660,POINT (40.92966 2.811916),133642,Kenya,501,Africa,1,1,2016-06-30 00:00:00.000,2016-06-30 00:00:00.000,0,0,5,1,6,6,6,,
233323,ETH-2016-3-1578-50,2016,1,Clear,3,717,604,Al-Shabaab - Civilians,717,1071,Al-Shabaab - Civilians,717,717,Al-Shabaab,9999,1,Civilians,2,"""Xinhua News Agency,2016-07-10,Suspected Al-Shabaab gunmen kill Kenyan woman in border region"";""ARB,2016-08-10,KENYA Complex Security Situation""",Xinhua News Agency;ARB,2016-07-10;2016-08-10,Suspected Al-Shabaab gunmen kill Kenyan woman in border region;KENYA Complex Security Situation,"Deputy County Commissioner for Lafey town, Erick Ornyi",5,Between Mandera and Lafey,"between Mandera and Lafey, Mandera County, near the border with Somalia",Mandera county,,3.544825,41.484350,POINT (41.48435 3.544825),135083,Kenya,501,Africa,1,1,2016-07-09 00:00:00.000,2016-07-09 00:00:00.000,0,0,1,0,1,1,1,,
233332,ETH-2016-3-1578-51,2016,1,Clear,3,717,604,Al-Shabaab - Civilians,717,1071,Al-Shabaab - Civilians,717,717,Al-Shabaab,9999,1,Civilians,1,"""Xinhua News Agency,2016-08-28,Kenyan Muslim cleric killed by explosive devices near Somali border""",Xinhua News Agency,2016-08-28,Kenyan Muslim cleric killed by explosive devices near Somali border,"James Ole Serian, a regional security official",2,Ishakani,"near Ishakani border, Lamu county",Lamu county,Lamu East constituency,-1.688469,41.530707,POINT (41.530707 -1.688469),127164,Kenya,501,Africa,1,1,2016-08-27 00:00:00.000,2016-08-27 00:00:00.000,0,0,0,0,0,1,0,,
233615,ETH-2016-3-1578-52,2016,1,Clear,3,717,604,Al-Shabaab - Civilians,717,1071,Al-Shabaab - Civilians,717,717,Al-Shabaab,9999,1,Civilians,3,"""Reuters News,2016-10-06,Somali Islamist militants kill six in Kenya attack"";""Agence France Presse,2016-10-06,Shabaab kills six 'Christians' in northeast Kenya"";""Agence France Presse,2016-10-06,Six killed in suspected Shabaab attack in northeast Kenya""",Reuters News;Agence France Presse;Agence France Presse,2016-10-06;2016-10-06;2016-10-06,Somali Islamist militants kill six in Kenya attack;Shabaab kills six 'Christians' in northeast Kenya;Six killed in suspected Shabaab attack in northeast Kenya,"Governor Ali Roba, Police chief Joseph Boinnet, al-shabaab spokesman",1,Mandera town,Mandera town,Mandera county,Mandera East constituency,3.936631,41.867011,POINT (41.867011 3.936631),135084,Kenya,501,Africa,1,1,2016-10-06 00:00:00.000,2016-10-06 00:00:00.000,0,0,6,0,6,6,6,,
233620,ETH-2016-3-1578-53,2016,1,Clear,3,717,604,Al-Shabaab - Civilians,717,1071,Al-Shabaab - Civilians,717,717,Al-Shabaab,9999,1,Civilians,6,"""Agence France Presse,2016-10-25,Twelve killed in northeast Kenya bomb attack: police"";""BBC Monitoring Africa,2016-10-25,Al-Shabab says kills 15 in Kenya attack"";""Reuters News,2016-10-25,Twelve killed in attack in northeast Kenya - media"";""Agence France Presse,2016-10-25,Twelve killed in northeast Kenya bomb attack: police"";""Reuters News,2016-10-25,Attackers kill 12 in Kenyan guesthouse blast near Somali border"";""All Africa,2016-10-26,Police Probe Latest Mandera Shabaab Attack""",Agence France Presse;BBC Monitoring Africa;Reuters News;Agence France Presse;Reuters News;All Africa,2016-10-25;2016-10-25;2016-10-25;2016-10-25;2016-10-25;2016-10-26,Twelve killed in northeast Kenya bomb attack: police;Al-Shabab says kills 15 in Kenya attack;Twelve killed in attack in northeast Kenya - media;Twelve killed in northeast Kenya bomb attack: police;Attackers kill 12 in Kenyan guesthouse blast near Somali border;Police Probe Latest Mandera Shabaab Attack,"police , al-shabaab",2,Mandera town,Mandera town,Mandera county,Mandera East constituency,3.936631,41.867011,POINT (41.867011 3.936631),135084,Kenya,501,Africa,1,1,2016-10-25 00:00:00.000,2016-10-25 00:00:00.000,0,0,12,0,12,15,12,,
237059,ETH-2017-3-1071-1,2017,1,Clear,3,717,604,Al-Shabaab - Civilians,717,1071,Al-Shabaab - Civilians,717,717,Al-Shabaab,9999,1,Civilians,1,"""All Africa,2017-03-27,Explosion Kills Two People in Kenya's Border Town""",All Africa,2017-03-27,Explosion Kills Two People in Kenya's Border Town,A regional government official David Mbeki,4,Mandera county,"Hareeralesa village, Mandera county",Mandera county,,3.366667,40.700000,POINT (40.7 3.366667),134362,Kenya,501,Africa,1,1,2017-03-27 00:00:00.000,2017-03-27 00:00:00.000,0,0,0,0,0,2,0,,
241821,ETH-2017-3-1071-40,2017,1,Clear,3,717,604,Al-Shabaab - Civilians,717,1071,Al-Shabaab - Civilians,717,717,Al-Shabaab,9999,1,Civilians,1,"""Terrorism Monitor,2017-06-16,The Threat al-Shabaab Poses to Kenya’s Election """,Terrorism Monitor,2017-06-16,The Threat al-Shabaab Poses to Kenya’s Election,,1,Omar Jillo village,"Omar Jillo, Lafey sub-county in Mandera",Mandera county,Lafey constituency,3.793810,41.716670,POINT (41.71667 3.79381),135084,Kenya,501,Africa,1,1,2017-05-15 00:00:00.000,2017-05-15 00:00:00.000,0,0,1,0,1,1,1,,
238867,ETH-2017-3-1071-6,2017,1,Clear,3,717,604,Al-Shabaab - Civilians,717,1071,Al-Shabaab - Civilians,717,717,Al-Shabaab,9999,1,Civilians,2,"""Xinhua News Agency,2017-06-01,Al-Shabaab kills Kenyan teacher in border region"";""Reuters News,2017-06-01,At least one dead in attack on Kenyan town near Somalia border""",Xinhua News Agency;Reuters News,2017-06-01;2017-06-01,Al-Shabaab kills Kenyan teacher in border region;At least one dead in attack on Kenyan town near Somalia border,"Regional government official Mohamud Saleh 
A local official, Yasin Shabel",2,Fafi town,Fafi (near),Garissa county,Fafi constituency,-0.390187,40.325158,POINT (40.325158 -0.390187),129321,Kenya,501,Africa,1,1,2017-06-01 00:00:00.000,2017-06-01 00:00:00.000,0,0,1,0,1,1,1,,
238872,ETH-2017-3-1071-7,2017,1,Clear,3,717,604,Al-Shabaab - Civilians,717,1071,Al-Shabaab - Civilians,717,717,Al-Shabaab,9999,1,Civilians,1,"""Xinhua News Agency,2017-06-06,1st LD Writethru: Blast kills at least 4 in Kenya's border region""",Xinhua News Agency,2017-06-06,1st LD Writethru: Blast kills at least 4 in Kenya's border region,Dadaab local government official Harun Kamau,5,Dabaab - Kulan road,"along Dadaab-Kulan road
which was travelling from Dadaab to Doble 
on way to Liboi, Garissa county",Garissa county,Dadaab constituency,0.200000,40.500000,POINT (40.5 0.2),130042,Kenya,501,Africa,1,1,2017-06-06 00:00:00.000,2017-06-06 00:00:00.000,0,0,0,0,0,4,0,,
239544,ETH-2017-3-1071-14.1,2017,1,Clear,3,717,604,Al-Shabaab - Civilians,717,1071,Al-Shabaab - Civilians,717,717,Al-Shabaab,9999,1,Civilians,1,"""Agence France Presse,2017-07-08,At least 9 dead in latest attack on Kenya coast""",Agence France Presse,2017-07-08,At least 9 dead in latest attack on Kenya coast,regional police officer,1,Pandanguo village,Pandaguo village,Lamu county,Lamu West constituency,-2.234716,40.477810,POINT (40.47781 -2.234716),126441,Kenya,501,Africa,1,1,2017-07-08 00:00:00.000,2017-07-08 00:00:00.000,0,0,5,0,5,4,5,,
241289,ETH-2017-3-1071-14.2,2017,1,Clear,3,717,604,Al-Shabaab - Civilians,717,1071,Al-Shabaab - Civilians,717,717,Al-Shabaab,9999,1,Civilians,1,"""Agence France Presse,2017-07-08,At least 9 dead in latest attack on Kenya coast""",Agence France Presse,2017-07-08,At least 9 dead in latest attack on Kenya coast,regional police officer,3,Lamu West constituency,Jima village,Lamu county,Lamu West constituency,-2.170111,40.587514,POINT (40.587514 -2.170111),126442,Kenya,501,Africa,1,1,2017-07-08 00:00:00.000,2017-07-08 00:00:00.000,0,0,4,0,4,5,4,,
239575,ETH-2017-3-1071-15,2017,1,Clear,3,717,604,Al-Shabaab - Civilians,717,1071,Al-Shabaab - Civilians,717,717,Al-Shabaab,9999,1,Civilians,1,"""Xinhua News Agency,2017-07-20,Suspected Al-Shabaab raids Kenyan village, kills 2""",Xinhua News Agency,2017-07-20,"Suspected Al-Shabaab raids Kenyan village, kills 2",Local police and witnesses,2,Mararani settlement,Mararani area,Lamu county,Lamu East constituency,-1.703092,41.302693,POINT (41.302693 -1.703092),127163,Kenya,501,Africa,1,1,2017-07-20 00:00:00.000,2017-07-20 00:00:00.000,0,0,2,0,2,2,2,,
240434,ETH-2017-3-1071-16,2017,1,Clear,3,717,604,Al-Shabaab - Civilians,717,1071,Al-Shabaab - Civilians,717,717,Al-Shabaab,9999,1,Civilians,2,"""Xinhua News Agency,2017-08-02,1st LD-Writethru: 3 killed as Al-Shabaab ambushes commuter bus in coastal Kenya"";""The Star (Kenya),2017-08-02,Three killed after al Shabaab shoot at passenger bus in Lamu""",Xinhua News Agency;The Star (Kenya),2017-08-02;2017-08-02,1st LD-Writethru: 3 killed as Al-Shabaab ambushes commuter bus in coastal Kenya;Three killed after al Shabaab shoot at passenger bus in Lamu,government official,2,Nyangoro village,"Nyongoro area in Witu, Lamu county",Lamu county,Lamu West constituency,-2.328170,40.329870,POINT (40.32987 -2.32817),126441,Kenya,501,Africa,1,1,2017-08-02 00:00:00.000,2017-08-02 00:00:00.000,0,0,3,0,3,3,3,,
240688,ETH-2017-3-1071-21,2017,1,Clear,3,717,604,Al-Shabaab - Civilians,717,1071,Al-Shabaab - Civilians,717,717,Al-Shabaab,9999,1,Civilians,4,"""Reuters News,2017-08-18,Suspected al Shabaab attackers kill three in Kenya's Lamu: official"";""Agence France Presse,2017-08-18,Four 'hacked to death' in coastal Kenya: police"";""Agence France Presse,2017-08-18,Four 'hacked to death' in Kenya attack claimed by Shabaab"";""ICG,2017-08-31,Kenya  AUGUST 2017""",Reuters News;Agence France Presse;Agence France Presse;ICG,2017-08-18;2017-08-18;2017-08-18;2017-08-31,Suspected al Shabaab attackers kill three in Kenya's Lamu: official;Four 'hacked to death' in coastal Kenya: police;Four 'hacked to death' in Kenya attack claimed by Shabaab;Kenya  AUGUST 2017,police,1,Maleli village,Maleli village in Kenya's coastal county of Lamu,Lamu county,Lamu West constituency,-2.329430,40.376990,POINT (40.37699 -2.32943),126441,Kenya,501,Africa,1,2,2017-08-17 00:00:00.000,2017-08-18 00:00:00.000,0,0,0,4,4,4,4,,
240726,ETH-2017-3-1071-24,2017,1,Clear,3,717,604,Al-Shabaab - Civilians,717,1071,Al-Shabaab - Civilians,717,717,Al-Shabaab,9999,1,Civilians,3,"""Xinhua News Agency,2017-08-31,Urgent: At least 3 killed in suspected Al-Shabaab attack in Kenya"";""Xinhua News Agency,2017-08-31,1st LD-Writethru: At least 3 killed in suspected Al-Shabaab attack in Kenya"";""Reuters News,2017-08-31,Landmine kills three in northeast Kenya - official""",Xinhua News Agency;Xinhua News Agency;Reuters News,2017-08-31;2017-08-31;2017-08-31,Urgent: At least 3 killed in suspected Al-Shabaab attack in Kenya;1st LD-Writethru: At least 3 killed in suspected Al-Shabaab attack in Kenya;Landmine kills three in northeast Kenya - official,Lamu County Commissioner Gilbert Kitiyo,2,Nyangoro village,"Nyongoro area, Garsen-Lamu road, Tana River region",Lamu county,Lamu West constituency,-2.328170,40.329870,POINT (40.32987 -2.32817),126441,Kenya,501,Africa,1,1,2017-08-30 00:00:00.000,2017-08-30 00:00:00.000,0,0,3,0,3,3,3,,
241716,ETH-2017-3-1071-32.1,2017,1,Clear,3,717,604,Al-Shabaab - Civilians,717,1071,Al-Shabaab - Civilians,717,717,Al-Shabaab,9999,1,Civilians,3,"""Xinhua News Agency,2017-09-06,1st Ld-Writethru: Al-Shabaab suspects behead 4 in Kenya's coastal Lamu county"";""The Star (Kenya),2017-09-06,Suspected al Shabaab behead four in latest dawn raid in Lamu"";""Reuters News,2017-09-06,Suspected al Shabaab militants behead four in Kenya's Lamu County: official""",Xinhua News Agency;The Star (Kenya);Reuters News,2017-09-06;2017-09-06;2017-09-06,1st Ld-Writethru: Al-Shabaab suspects behead 4 in Kenya's coastal Lamu county;Suspected al Shabaab behead four in latest dawn raid in Lamu;Suspected al Shabaab militants behead four in Kenya's Lamu County: official,"Regional police commander Larry Kieng; Lamu county commissioner Gilbert Kitiyo; Abdiasis Abu Musab, al Shabaab's spokesman for military op",1,Hindi village,Silini-Mashamban village,Lamu county,Lamu West constituency,-2.178380,40.818780,POINT (40.81878 -2.17838),126442,Kenya,501,Africa,1,2,2017-09-05 00:00:00.000,2017-09-06 00:00:00.000,0,0,2,0,2,2,2,,
241721,ETH-2017-3-1071-32.2,2017,1,Clear,3,717,604,Al-Shabaab - Civilians,717,1071,Al-Shabaab - Civilians,717,717,Al-Shabaab,9999,1,Civilians,3,"""Xinhua News Agency,2017-09-06,1st Ld-Writethru: Al-Shabaab suspects behead 4 in Kenya's coastal Lamu county"";""The Star (Kenya),2017-09-06,Suspected al Shabaab behead four in latest dawn raid in Lamu"";""Reuters News,2017-09-06,Suspected al Shabaab militants behead four in Kenya's Lamu County: official""",Xinhua News Agency;The Star (Kenya);Reuters News,2017-09-06;2017-09-06;2017-09-06,1st Ld-Writethru: Al-Shabaab suspects behead 4 in Kenya's coastal Lamu county;Suspected al Shabaab behead four in latest dawn raid in Lamu;Suspected al Shabaab militants behead four in Kenya's Lamu County: official,"Regional police commander Larry Kieng; Lamu county commissioner Gilbert Kitiyo; Abdiasis Abu Musab, al Shabaab's spokesman for military op",3,Lamu West constituency,Bobo village,Lamu county,Lamu West constituency,-2.170111,40.587514,POINT (40.587514 -2.170111),126442,Kenya,501,Africa,1,1,2017-09-06 00:00:00.000,2017-09-06 00:00:00.000,0,0,1,0,1,1,1,,
253811,ETH-2018-3-1071-3,2018,1,Clear,3,717,604,Al-Shabaab - Civilians,717,1071,Al-Shabaab - Civilians,717,717,Al-Shabaab,9999,1,Civilians,3,"""Xinhua News Agency,2018-02-16,Suspected Al-Shabaab militants kill 3 in Kenyan school attack"";""All Africa,2018-02-21,Suspect Arrested After Al Shabaab Attack On Wajir Teachers
CR 	Shabelle Media Network"";""The Star Kenya,2018-02-16,Suspected al Shabaab kill four at Wajir school""",Xinhua News Agency;All Africa;The Star Kenya,2018-02-16;2018-02-21;2018-02-16,"Suspected Al-Shabaab militants kill 3 in Kenyan school attack;Suspect Arrested After Al Shabaab Attack On Wajir Teachers
CR 	Shabelle Media Network;Suspected al Shabaab kill four at Wajir school","Mohamud Saleh, coordinator of Kenya's northeastern region",1,Qarsa village,"Qarsa primary school near the borders with Somalia and Ethiopia, Wajir",Wajir county,Wajir East constituency,2.079300,40.748400,POINT (40.7484 2.0793),132922,Kenya,501,Africa,1,1,2018-02-16 00:00:00.000,2018-02-16 00:00:00.000,0,0,4,0,4,4,4,,
256623,ETH-2018-3-1071-15,2018,1,Clear,3,717,604,Al-Shabaab - Civilians,717,1071,Al-Shabaab - Civilians,717,717,Al-Shabaab,9999,1,Civilians,4,"""Agence France Presse,2018-05-04,4 killed in suspected Shabaab attack in northern Kenya"";""Xinhua News Agency,2018-05-04,Al-Shabab kills 3 Kenyan quarry workers"";""BBC Monitoring Africa,2018-05-04,Kenyan police rescue 150 people after al-Shabab attack"";""The Star Kenya,2018-05-05,Shabaab kill four quarry workers in Mandera""",Agence France Presse;Xinhua News Agency;BBC Monitoring Africa;The Star Kenya,2018-05-04;2018-05-04;2018-05-04;2018-05-05,4 killed in suspected Shabaab attack in northern Kenya;Al-Shabab kills 3 Kenyan quarry workers;Kenyan police rescue 150 people after al-Shabab attack;Shabaab kill four quarry workers in Mandera,Police,1,Shimbirr Faduma village,"Shimbir Fatuma, Mandera South subcounty",Mandera county,Mandera South constituency,3.034444,40.522778,POINT (40.522778 3.034444),134362,Kenya,501,Africa,1,1,2018-05-03 00:00:00.000,2018-05-03 00:00:00.000,0,0,4,0,4,4,4,,
265557,ETH-2018-3-1071-36,2018,1,Clear,3,717,604,Al-Shabaab - Civilians,717,1071,Al-Shabaab - Civilians,717,717,Al-Shabaab,9999,1,Civilians,1,"""BBC Monitoring Newsfile,2018-09-14,Al-Shabab executes two civilians in northeastern Kenya""",BBC Monitoring Newsfile,2018-09-14,Al-Shabab executes two civilians in northeastern Kenya,"Witness, The Star",4,Garissa county,Garissa County,Garissa county,,-0.500000,40.250000,POINT (40.25 -0.5),129321,Kenya,501,Africa,1,1,2018-09-14 00:00:00.000,2018-09-14 00:00:00.000,0,0,2,0,2,2,2,,
266364,ETH-2018-3-1071-44,2018,1,Clear,3,717,604,Al-Shabaab - Civilians,717,1071,Al-Shabaab - Civilians,717,717,Al-Shabaab,9999,1,Civilians,4,"""Garowe Online,2018-10-10,Somalia: Kenyan teachers killed in suspected Al-Shabaab attack"";""Goobjoog.com,2018-10-10,Al-Shabaab militants kill two teachers in Kenya’s Mandera county"";""Halbeeg,2018-10-15,Kenya identifies mastermind behind attack on a school in Mandera"";""BBC Monitoring Newsfile,2018-10-10,Suspected al-Shabab militants kill two Kenyan teachers""",Garowe Online;Goobjoog.com;Halbeeg;BBC Monitoring Newsfile,2018-10-10;2018-10-10;2018-10-15;2018-10-10,Somalia: Kenyan teachers killed in suspected Al-Shabaab attack;Al-Shabaab militants kill two teachers in Kenya’s Mandera county;Kenya identifies mastermind behind attack on a school in Mandera;Suspected al-Shabab militants kill two Kenyan teachers,"Garowe Online, Goobjoog.com, Halbeeg News",1,Arabia locality,"Arabia Boys Secondary School, Mandera county",Mandera county,Mandera East constituency,3.557635,41.505665,POINT (41.505665 3.557635),135084,Kenya,501,Africa,1,1,2018-10-10 00:00:00.000,2018-10-10 00:00:00.000,0,0,2,0,2,2,2,,
277166,ETH-2019-3-1071-0,2019,1,Clear,3,717,604,Al-Shabaab - Civilians,717,1071,Al-Shabaab - Civilians,717,717,Al-Shabaab,9999,1,Civilians,12,"""S/2019/884,2019-11-15,Report of the Secretary-General on Somalia"";""Reuters News,2019-01-16,Gunmen kill 15 in Kenya hotel compound attack claimed by Somali Islamists"";""Reuters News,2019-01-15,British, American killed in militant attack in Kenya capital: mortuary"";""Reuters News,2019-01-15,Six bodies removed from buildings near Nairobi hotel attack -witnesses"";""BBC Monitoring Newsfile,2019-01-15,Somali militants say 47 killed in Kenya hotel attack"";""Agence France Presse,2019-01-15,Five dead in attack on upmarket Nairobi hotel complex"";""Agence France Presse,2019-01-16,Kenya hotel attack death toll rises to 21: police chief"";""Reuters News,2019-01-16,Death toll from militant attack on Kenyan hotel complex rises to 21: police chief"";""Agence France Presse,2019-01-16,Kenyan president says Nairobi attackers 'eliminated', 14 victims"";""BBC Monitoring Newsfile,2019-01-15,Al-Shabab claims responsibility for Kenyan hotel attack"";""BBC Monitoring Newsfile,2019-01-15,Six gunmen reportedly behind Kenya hotel attack"";""The Star (Kenya),2019-01-26,Taveta: Thousands attend burial of GSU officer killed in Dusit terror attack""",S/2019/884;Reuters News;Reuters News;Reuters News;BBC Monitoring Newsfile;Agence France Presse;Agence France Presse;Reuters News;Agence France Presse;BBC Monitoring Newsfile;BBC Monitoring Newsfile;The Star (Kenya),2019-11-15;2019-01-16;2019-01-15;2019-01-15;2019-01-15;2019-01-15;2019-01-16;2019-01-16;2019-01-16;2019-01-15;2019-01-15;2019-01-26,"Report of the Secretary-General on Somalia;Gunmen kill 15 in Kenya hotel compound attack claimed by Somali Islamists;British, American killed in militant attack in Kenya capital: mortuary;Six bodies removed from buildings near Nairobi hotel attack -witnesses;Somali militants say 47 killed in Kenya hotel attack;Five dead in attack on upmarket Nairobi hotel complex;Kenya hotel attack death toll rises to 21: police chief;Death toll from militant attack on Kenyan hotel complex rises to 21: police chief;Kenyan president says Nairobi attackers 'eliminated', 14 victims;Al-Shabab claims responsibility for Kenyan hotel attack;Six gunmen reportedly behind Kenya hotel attack;Taveta: Thousands attend burial of GSU officer killed in Dusit terror attack","panel of Experts
Pro-al-Shabaab Somali memo,",1,Nairobi city,"the DusitD2 compound, 14 Riverside Drive, Nairobi",Nairobi city county,,-1.283333,36.816667,POINT (36.816667 -1.283333),127874,Kenya,501,Africa,1,1,2019-01-15 00:00:00.000,2019-01-15 00:00:00.000,0,0,20,0,20,20,20,,
299717,ETH-2019-3-1071-28,2019,1,Clear,3,717,604,Al-Shabaab - Civilians,717,1071,Al-Shabaab - Civilians,717,717,Al-Shabaab,9999,1,Civilians,2,"""The Star (Kenya),2019-08-13,Al Shabaab returnees accused of Imam's murder"";""BBC Monitoring Africa,2019-08-15,Programme summary of Somalia's Radio Simba news 1000 gmt 14 Aug 19""",The Star (Kenya);BBC Monitoring Africa,2019-08-13;2019-08-15,Al Shabaab returnees accused of Imam's murder;Programme summary of Somalia's Radio Simba news 1000 gmt 14 Aug 19,"Police, The Star",3,Msambweni constituency,"Msambweni, Kwale county",Kwale county,Msambweni constituency,-4.419777,39.460529,POINT (39.460529 -4.419777),123559,Kenya,501,Africa,1,1,2019-08-10 00:00:00.000,2019-08-10 00:00:00.000,0,0,2,0,2,3,0,,
319310,ETH-2019-3-1071-43,2019,1,Clear,3,717,604,Al-Shabaab - Civilians,717,1071,Al-Shabaab - Civilians,717,717,Al-Shabaab,9999,1,Civilians,1,"""BBC Monitoring Africa,2019-11-21,Programme summary of Somalia's Radio Goobjoog news 1130 gmt 20 Nov 19""",BBC Monitoring Africa,2019-11-21,Programme summary of Somalia's Radio Goobjoog news 1130 gmt 20 Nov 19,Goobjoog website,6,Kenya,Kenyan coastal area,,,1.000000,38.000000,POINT (38 1),131477,Kenya,501,Africa,1,1,2019-11-20 00:00:00.000,2019-11-20 00:00:00.000,0,0,2,0,2,2,2,,
322803,ETH-2020-3-1071-0,2020,1,Clear,3,717,604,Al-Shabaab - Civilians,717,1071,Al-Shabaab - Civilians,717,717,Al-Shabaab,9999,1,Civilians,5,"""Xinhua News Agency,2020-01-02,1st LD: 3 killed as suspected al-Shabab ambushes Kenyan commuter bus"";""BBC Monitoring Newsfile,2020-01-02,Terrorist attack leaves three dead in Kenya"";""The Star (Kenya),2020-01-02,Militants kill passengers, conductor in Lamu bus attack"";""Xinhua News Agency,2020-01-02,2nd LD Writethru-Roundup: Kenyan police launch manhunt for gunmen after bus attack kills 3"";""All Africa,2020-01-03,KDF Kills Four Suspects Linked to Thursday's Lamu Bus Ambush""",Xinhua News Agency;BBC Monitoring Newsfile;The Star (Kenya);Xinhua News Agency;All Africa,2020-01-02;2020-01-02;2020-01-02;2020-01-02;2020-01-03,"1st LD: 3 killed as suspected al-Shabab ambushes Kenyan commuter bus;Terrorist attack leaves three dead in Kenya;Militants kill passengers, conductor in Lamu bus attack;2nd LD Writethru-Roundup: Kenyan police launch manhunt for gunmen after bus attack kills 3;KDF Kills Four Suspects Linked to Thursday's Lamu Bus Ambush",local police,1,Nyangoro village,"Mombasa-Lamu route 
at Nyongoro area near Witu town in Lamu county",Lamu county,Lamu West constituency,-2.328170,40.329870,POINT (40.32987 -2.32817),126441,Kenya,501,Africa,1,1,2020-01-02 00:00:00.000,2020-01-02 00:00:00.000,0,0,3,0,3,3,3,,
326729,ETH-2020-3-1071-4,2020,1,Clear,3,717,604,Al-Shabaab - Civilians,717,1071,Al-Shabaab - Civilians,717,717,Al-Shabaab,9999,1,Civilians,6,"""Xinhua News Agency,2020-01-13,3 feared dead as al-Shabab raid police camp in NE Kenya"";""Agence France Presse,2020-01-13,Jihadists kill three teachers in attack on Kenya school"";""BBC Monitoring Newsfile,2020-01-13,Al-Shabab claims killing three teachers in Kenya"";""Xinhua News Agency,2020-01-13,3 teachers killed, 1 child injured as al-Shabab strikes NE Kenya"";""All Africa,2020-01-13,Al Shabaab Militants Kill Three Teachers in Kenya
CR 	Shabelle Media Network"";""The Star (Kenya),2020-01-16,Teacher killed in Garissa attack was to wed in April""",Xinhua News Agency;Agence France Presse;BBC Monitoring Newsfile;Xinhua News Agency;All Africa;The Star (Kenya),2020-01-13;2020-01-13;2020-01-13;2020-01-13;2020-01-13;2020-01-16,"3 feared dead as al-Shabab raid police camp in NE Kenya;Jihadists kill three teachers in attack on Kenya school;Al-Shabab claims killing three teachers in Kenya;3 teachers killed, 1 child injured as al-Shabab strikes NE Kenya;Al Shabaab Militants Kill Three Teachers in Kenya
CR 	Shabelle Media Network;Teacher killed in Garissa attack was to wed in April",Police and witnesses,1,Kamuthe Primary School,"Kamuthe primary school
Kamuthe, 40 kilometres (25 miles) south of the town of Garissa.",Garissa county,Fafi constituency,-0.731780,39.834060,POINT (39.83406 -0.73178),128600,Kenya,501,Africa,1,1,2020-01-13 00:00:00.000,2020-01-13 00:00:00.000,0,0,3,0,3,3,3,,
332384,ETH-2020-3-1071-7,2020,1,Clear,3,717,604,Al-Shabaab - Civilians,717,1071,Al-Shabaab - Civilians,717,717,Al-Shabaab,9999,1,Civilians,7,"""BBC Monitoring Newsfile,2020-02-19,Three killed in north-east Kenya militant attack"";""Agence France Presse,2020-02-19,Three dead in suspected Islamist attack in Kenya"";""Xinhua News Agency,2020-02-19,1st LD Writethru: 3 killed in Kenya bus attack"";""The Star (Kenya),2020-02-19,Three killed in Mandera-Nairobi bus attack"";""The Star (Kenya),2020-02-19,Al Shabaab kill three in attack on Nairobi-bound bus"";""All Africa,2020-02-21,Alshabab Militants Kill 3 in Kenya Bus Raid  
CR  Dalsan Radio"";""Africa Research Bulletin,2020-03-18,KENYA: Teachers Flee Increased Attacks""",BBC Monitoring Newsfile;Agence France Presse;Xinhua News Agency;The Star (Kenya);The Star (Kenya);All Africa;Africa Research Bulletin,2020-02-19;2020-02-19;2020-02-19;2020-02-19;2020-02-19;2020-02-21;2020-03-18,"Three killed in north-east Kenya militant attack;Three dead in suspected Islamist attack in Kenya;1st LD Writethru: 3 killed in Kenya bus attack;Three killed in Mandera-Nairobi bus attack;Al Shabaab kill three in attack on Nairobi-bound bus;Alshabab Militants Kill 3 in Kenya Bus Raid  
CR  Dalsan Radio;KENYA: Teachers Flee Increased Attacks",Daily Nation website,2,Sarman area,Sarman area in Mandera County,Mandera county,Mandera North constituency,3.896344,40.730907,POINT (40.730907 3.896344),135082,Kenya,501,Africa,1,1,2020-02-19 00:00:00.000,2020-02-19 00:00:00.000,0,0,3,0,3,3,3,,
336245,ETH-2020-3-1071-8,2020,1,Clear,3,717,604,Al-Shabaab - Civilians,717,1071,Al-Shabaab - Civilians,717,717,Al-Shabaab,9999,1,Civilians,3,"""BBC Monitoring Africa,2020-03-12,Kenyan town suspends bus services over insecurity"";""All Africa,2020-03-13,Bus Driver Recounts Al-Shabaab Attack in Kenya"";""Africa Research Bulletin,2020-04-30,KENYA: Police Brutality""",BBC Monitoring Africa;All Africa;Africa Research Bulletin,2020-03-12;2020-03-13;2020-04-30,Kenyan town suspends bus services over insecurity;Bus Driver Recounts Al-Shabaab Attack in Kenya;KENYA: Police Brutality,Radio Dalsan,1,Rhamu town,Ramu town,Mandera county,Mandera North constituency,3.931881,41.225615,POINT (41.225615 3.931881),135083,Kenya,501,Africa,1,2,2020-03-11 00:00:00.000,2020-03-12 00:00:00.000,0,0,2,0,2,2,2,,
336258,ETH-2020-3-1071-9,2020,1,Clear,3,717,604,Al-Shabaab - Civilians,717,1071,Al-Shabaab - Civilians,717,717,Al-Shabaab,9999,1,Civilians,4,"""Xinhua News Agency,2020-03-15,Roadside blast kills 3, injure 2 in NE Kenya"";""BBC Monitoring Africa,2020-03-16,BBCM Africa Watchlist for 16 March"";""All Africa,2020-03-16,Three People Killed After Ambulance Runs Over IED in Garissa  
CR  Shabelle Media Network"";""Africa Research Bulletin,2020-04-30,KENYA: Police Brutality""",Xinhua News Agency;BBC Monitoring Africa;All Africa;Africa Research Bulletin,2020-03-15;2020-03-16;2020-03-16;2020-04-30,"Roadside blast kills 3, injure 2 in NE Kenya;BBCM Africa Watchlist for 16 March;Three People Killed After Ambulance Runs Over IED in Garissa  
CR  Shabelle Media Network;KENYA: Police Brutality",regional government official,2,Hulugho locality,Sangailu-Hulugho road,Garissa county,Ijara constituency,-0.896324,40.967814,POINT (40.967814 -0.896324),128602,Kenya,501,Africa,1,1,2020-03-15 00:00:00.000,2020-03-15 00:00:00.000,0,0,3,0,3,3,3,,
374279,ETH-2020-3-1071-21,2020,1,Clear,3,717,604,Al-Shabaab - Civilians,717,1071,Al-Shabaab - Civilians,717,717,Al-Shabaab,9999,1,Civilians,2,"""The Star (Kenya),2020-12-30,Expectant woman survives Shabaab attack on ambulance in Mandera"";""Crisis Watch,2021-01-01,Kenya DECEMBER 2020""",The Star (Kenya);Crisis Watch,2020-12-30;2021-01-01,Expectant woman survives Shabaab attack on ambulance in Mandera;Kenya DECEMBER 2020,,1,El Wak town,Elwak,Mandera county,Banissa constituency,2.811916,40.929660,POINT (40.92966 2.811916),133642,Kenya,501,Africa,1,1,2020-12-30 00:00:00.000,2020-12-30 00:00:00.000,0,0,1,0,1,1,1,,
405207,ETH-2021-3-1071-11,2021,1,Clear,3,717,604,Al-Shabaab - Civilians,717,1071,Al-Shabaab - Civilians,717,717,Al-Shabaab,9999,1,Civilians,4,"""The Star (Kenya),2021-06-23,Al-Shabaab militants kill police reservist in Mandera attack"";""Xinhua News Agency,2021-06-21,Two civilians killed in al-Shabab attack in northeast Kenya"";""Strategic Intelligence,2021-07-01,Monthly Counter-Terrorism Intelligence Brief for East Africa (Kenya & Somalia) Shabaab Al-Mujahideen in Period of June 1st – June 30th, 2021: Tracking and Monitoring Al-Shabaab’s Activity in East Africa"";""Terrorism Monitor,2021-07-30,U.S. Troops to Combat al-Shabaab in Kenya Amid Mandera County’s Security Crisis""",The Star (Kenya);Xinhua News Agency;Strategic Intelligence;Terrorism Monitor,2021-06-23;2021-06-21;2021-07-01;2021-07-30,"Al-Shabaab militants kill police reservist in Mandera attack;Two civilians killed in al-Shabab attack in northeast Kenya;Monthly Counter-Terrorism Intelligence Brief for East Africa (Kenya & Somalia) Shabaab Al-Mujahideen in Period of June 1st – June 30th, 2021: Tracking and Monitoring Al-Shabaab’s Activity in East Africa;U.S. Troops to Combat al-Shabaab in Kenya Amid Mandera County’s Security Crisis",northeastern regional police commander,5,Kenya-Somalia border,on a road in Mandera South near the Kenya-Somalia border,Mandera county,Mandera South constituency,2.529985,40.912478,POINT (40.912478 2.529985),133642,Kenya,501,Africa,1,1,2021-06-21 00:00:00.000,2021-06-21 00:00:00.000,0,0,3,0,3,3,3,,
413626,ETH-2021-3-1071-20,2021,1,Clear,3,717,604,Al-Shabaab - Civilians,717,1071,Al-Shabaab - Civilians,717,717,Al-Shabaab,9999,1,Civilians,1,"""BBC Monitoring Africa,2021-08-08,Somali militants claim killing Kenyan construction workers""",BBC Monitoring Africa,2021-08-08,Somali militants claim killing Kenyan construction workers,Calamada website,5,Kenya-Somalia border,near Ras Kamboni town along the border,,,1.055266,40.970970,POINT (40.97097 1.055266),131482,Kenya,501,Africa,1,1,2021-08-08 00:00:00.000,2021-08-08 00:00:00.000,0,0,2,0,2,2,2,,
425469,ETH-2021-3-1071-28,2021,1,Clear,3,717,604,Al-Shabaab - Civilians,717,1071,Al-Shabaab - Civilians,717,717,Al-Shabaab,9999,1,Civilians,6,"""Xinhua News Agency,2021-12-08,3 killed in suicide attack in western Kenya"";""Reuters News,2021-12-08,Suspected Islamist kills two in western Kenya - police"";""AllAfrica,2021-12-09,Kenyan Man Detonates Explosives, Killing 2"";""Crisiswatch,2022-01-01,Kenya DECEMBER 2021"";""Halbeeg News,2021-12-09,Three killed in suspected al-Shabaab bomb in western Kenya"";""Africa Research Bulletin,2022-01-18,KENYA: Major Incidents""",Xinhua News Agency;Reuters News;AllAfrica;Crisiswatch;Halbeeg News;Africa Research Bulletin,2021-12-08;2021-12-08;2021-12-09;2022-01-01;2021-12-09;2022-01-18,"3 killed in suicide attack in western Kenya;Suspected Islamist kills two in western Kenya - police;Kenyan Man Detonates Explosives, Killing 2;Kenya DECEMBER 2021;Three killed in suspected al-Shabaab bomb in western Kenya;KENYA: Major Incidents",police,3,Nyakach constituency,"Kamloma village in Kisumu County 

Nyakach area",Kisumu county,Nyakach constituency,-0.308022,34.878451,POINT (34.878451 -0.308022),129310,Kenya,501,Africa,1,1,2021-12-07 00:00:00.000,2021-12-07 00:00:00.000,0,0,2,1,3,3,3,,
427555,ETH-2022-3-1071-1,2022,1,Clear,3,717,604,Al-Shabaab - Civilians,717,1071,Al-Shabaab - Civilians,717,717,Al-Shabaab,9999,1,Civilians,3,"""BBC Monitoring Africa,2022-01-17,Al-Shabab kills two civilians in north-eastern Kenya"";""Strategic Intelligence,2022-02-03,Monthly Counter-Terrorism Intelligence Brief for East Africa (Kenya & Somalia) Shabaab Al-Mujahideen in Period of January 1st – January 31st, 2022: Tracking and Monitoring Al-Shabaab’s Activity in East Africa"";""Africa Research Bulletin,2022-02-13,KENYA: County Attacks""",BBC Monitoring Africa;Strategic Intelligence;Africa Research Bulletin,2022-01-17;2022-02-03;2022-02-13,"Al-Shabab kills two civilians in north-eastern Kenya;Monthly Counter-Terrorism Intelligence Brief for East Africa (Kenya & Somalia) Shabaab Al-Mujahideen in Period of January 1st – January 31st, 2022: Tracking and Monitoring Al-Shabaab’s Activity in East Africa;KENYA: County Attacks",Somali Memo,2,Barissa town,Banisa area,Mandera county,Banissa constituency,3.943398,40.343312,POINT (40.343312 3.943398),135081,Kenya,501,Africa,1,1,2022-01-17 00:00:00.000,2022-01-17 00:00:00.000,0,0,2,0,2,2,2,,
428271,ETH-2022-3-1071-5,2022,1,Clear,3,717,604,Al-Shabaab - Civilians,717,1071,Al-Shabaab - Civilians,717,717,Al-Shabaab,9999,1,Civilians,1,"""Africa Research Bulletin,2022-02-13,KENYA: County Attacks""",Africa Research Bulletin,2022-02-13,KENYA: County Attacks,ARB,2,Lango la Simba locality,Lango la Simba area,Lamu county,Lamu West constituency,-2.295940,40.258000,POINT (40.258 -2.29594),126441,Kenya,501,Africa,1,1,2022-01-26 00:00:00.000,2022-01-26 00:00:00.000,0,0,6,0,6,6,6,,
433920,ETH-2022-3-1071-8,2022,1,Clear,3,717,604,Al-Shabaab - Civilians,717,1071,Al-Shabaab - Civilians,717,717,Al-Shabaab,9999,1,Civilians,2,"""Agence France Presse,2022-03-12,Five killed in attack near Kenya's border with Somalia"";""Crisiswatch,2022-04-01,Kenya MARCH 2022""",Agence France Presse;Crisiswatch,2022-03-12;2022-04-01,Five killed in attack near Kenya's border with Somalia;Kenya MARCH 2022,,4,Lamu county,a construction site in Lamu County,Lamu county,,-2.033333,40.783333,POINT (40.783333 -2.033333),126442,Kenya,501,Africa,1,1,2022-03-11 00:00:00.000,2022-03-11 00:00:00.000,0,0,5,0,5,5,5,,
433917,ETH-2022-3-1071-11,2022,1,Clear,3,717,604,Al-Shabaab - Civilians,717,1071,Al-Shabaab - Civilians,717,717,Al-Shabaab,9999,1,Civilians,5,"""Africa Research Bulletin,2022-04-18,KENYA: Diplomat Assaulted"";""BBC Monitoring Africa,2022-03-12,Suspected militants kill 'several' workers in Kenyan county"";""AllAfrica,2022-03-14,Construction Workers Feared Dead in Boni Forest Terror Attack
CR 	Shabelle Media Network"";""AllAfrica,2022-03-15,Al-Shabaab Militants Kill 5 People, Wound Another in Lamu
CR 	Dalsan Radio"";""Africa Research Bulletin,2022-04-18,KENYA: Diplomat Assaulted""",Africa Research Bulletin;BBC Monitoring Africa;AllAfrica;AllAfrica;Africa Research Bulletin,2022-04-18;2022-03-12;2022-03-14;2022-03-15;2022-04-18,"KENYA: Diplomat Assaulted;Suspected militants kill 'several' workers in Kenyan county;Construction Workers Feared Dead in Boni Forest Terror Attack
CR 	Shabelle Media Network;Al-Shabaab Militants Kill 5 People, Wound Another in Lamu
CR 	Dalsan Radio;KENYA: Diplomat Assaulted",the Daily Nation newspaper,2,Boni forest (Lamu county),"Majengo, within Boni forest",Lamu county,Lamu East constituency,-1.717327,41.334830,POINT (41.33483 -1.717327),127163,Kenya,501,Africa,1,1,2022-03-12 00:00:00.000,2022-03-12 00:00:00.000,0,0,5,0,5,5,5,,
459911,ETH-2022-3-1071-19,2022,1,Clear,3,717,604,Al-Shabaab - Civilians,717,1071,Al-Shabaab - Civilians,717,717,Al-Shabaab,9999,1,Civilians,3,"""Crisiswatch,2023-01-01,Kenya DECEMBER 2022"";""AllAfrica,2022-12-29,Al-Shabaab Terrorists Disguised as KDF Officers Kill 2 People in Lamu
CR 	Capital FM"";""The Star (Kenya),2022-12-29,Al-Shabaab terrorists disguised as KDF kill 2 people in Witu, Lamu""",Crisiswatch;AllAfrica;The Star (Kenya),2023-01-01;2022-12-29;2022-12-29,"Kenya DECEMBER 2022;Al-Shabaab Terrorists Disguised as KDF Officers Kill 2 People in Lamu
CR 	Capital FM;Al-Shabaab terrorists disguised as KDF kill 2 people in Witu, Lamu",,2,Witu village,Witu area,Lamu county,Lamu West constituency,-2.389545,40.436929,POINT (40.436929 -2.389545),126441,Kenya,501,Africa,1,1,2022-12-28 00:00:00.000,2022-12-28 00:00:00.000,0,0,2,0,2,2,2,,
44383,PAK-2002-3-1075-0,2002,1,Clear,3,769,608,al-Qaida  - Civilians,769,1075,al-Qaida  - Civilians,769,769,al-Qaida,9999,1,Civilians,2,"""CNN,2002-12-03,Al Qaeda claims responsibility for Kenya attacks"";""CTC Sentinel SEPTEMBER 2021, Volume 14, Issue 7,2021-10-01,The Threat in Africa—The New Epicenter of Global Jihadi Terror""","CNN;CTC Sentinel SEPTEMBER 2021, Volume 14, Issue 7",2002-12-03;2021-10-01,Al Qaeda claims responsibility for Kenya attacks;The Threat in Africa—The New Epicenter of Global Jihadi Terror,,1,Mombasa town,Mombasa town,Coast province,Mombasa district,-4.050000,39.666667,POINT (39.666667 -4.05),123560,Kenya,501,Africa,1,1,2002-11-28 00:00:00.000,2002-11-28 00:00:00.000,0,0,13,0,13,13,13,,
35769,ETH-1993-2-54-1,1993,1,Clear,2,5223,4613,Nyangatom  - Turkana,5223,5223,Nyangatom  - Turkana,712,712,Nyangatom,693,693,Turkana,-1,Reuters  17/7-93,,,,,3,Turkana district,"Turkana district, Rift Valley Province",Rift Valley province,Turkana district,3.000000,35.500000,POINT (35.5 3),134352,Kenya,501,Africa,2,3,1993-07-05 00:00:00.000,1993-07-11 00:00:00.000,121,36,0,0,157,157,157,,
35771,ETH-1996-2-54-1,1996,0,Clear,2,5223,4613,Nyangatom  - Turkana,5223,5223,Nyangatom  - Turkana,712,712,Nyangatom,693,693,Turkana,-1,http://www.africa.upenn.edu/EUE/eue_atfield1096.html,,,,,2,Kibish area,Kibish area,Rift Valley province,Turkana district,5.233856,35.829131,POINT (35.829131 5.233856),137232,Kenya,501,Africa,2,4,1996-10-01 00:00:00.000,1996-10-30 00:00:00.000,0,0,0,3,3,3,3,,
43526,KEN-2002-2-54-1,2002,0,Clear,2,5223,4613,Nyangatom  - Turkana,5223,5223,Nyangatom  - Turkana,712,712,Nyangatom,693,693,Turkana,-1,"BBC Monitoring Africa 13/9-02; East African Standard web site, Nairobi, in English 13 Sep 02: ""Ethiopian Merille raiders reportedly kill 10 in northern district.",,,,,3,Turkana district,Turkana district,Rift Valley province,Turkana district,3.000000,35.500000,POINT (35.5 3),134352,Kenya,501,Africa,2,4,2002-07-01 00:00:00.000,2002-07-31 00:00:00.000,0,0,0,10,10,10,10,,
35766,ETH-2008-2-54-3,2008,0,Clear,2,5223,4613,Nyangatom  - Turkana,5223,5223,Nyangatom  - Turkana,712,712,Nyangatom,693,693,Turkana,-1,"Riam Riam Peace Network, ""CONFLICT EARLY WARNING ALERT TURKANA DISTRICT"", in Lotta's ETH folder",,,,,2,Kibish area,"Lopeat, Lokamarinyang sub location, Kibish",Rift Valley province,Turkana district,5.233856,35.829131,POINT (35.829131 5.233856),137232,Kenya,501,Africa,1,1,2008-02-17 00:00:00.000,2008-02-17 00:00:00.000,0,3,0,0,3,3,3,,
35752,ETH-2008-2-54-4,2008,0,Clear,2,5223,4613,Nyangatom  - Turkana,5223,5223,Nyangatom  - Turkana,712,712,Nyangatom,693,693,Turkana,-1,"Riam Riam Peace Network, ""CONFLICT EARLY WARNING ALERT TURKANA DISTRICT"", in Lotta's ETH folder",,,,,2,Kibish area,"Nataparin, Kibish area",Rift Valley province,Turkana district,5.233856,35.829131,POINT (35.829131 5.233856),137232,Kenya,501,Africa,1,1,2008-02-22 00:00:00.000,2008-02-22 00:00:00.000,0,1,0,0,1,1,1,,
29768,ETH-2011-2-54-1,2011,0,Clear,2,5223,4613,Nyangatom  - Turkana,5223,5223,Nyangatom  - Turkana,712,712,Nyangatom,693,693,Turkana,-1,"All Africa 8/8-11, ""One More Killed By Ethiopian Militia",,,,,1,Kibish area,Kibish (on the Kenya-Ethiopia border),Rift Valley province,Turkana district,5.233856,35.829131,POINT (35.829131 5.233856),137232,Kenya,501,Africa,1,1,2011-08-06 00:00:00.000,2011-08-06 00:00:00.000,0,1,0,0,1,1,1,,
284735,ETH-2019-2-5223-0,2019,0,Clear,2,5223,4613,Nyangatom  - Turkana,5223,5223,Nyangatom  - Turkana,712,712,Nyangatom,693,693,Turkana,1,"""Reuters News,2019-04-25,Violence flares in northern Kenya as pressure mounts on villagers""",Reuters News,2019-04-25,Violence flares in northern Kenya as pressure mounts on villagers,"Kenya's Chief Eipa Choro,",2,Soya area,"near Soya

Ilemi Triangle - disputed area between Kenya, South Sudan and Ethiopia",Turkana county,Turkana North constituency,5.256242,35.425319,POINT (35.425319 5.256242),137231,Kenya,501,Africa,1,1,2019-03-17 00:00:00.000,2019-03-17 00:00:00.000,3,4,0,0,7,7,7,,
395401,ETH-2021-2-5223-0,2021,0,Clear,2,5223,4613,Nyangatom  - Turkana,5223,5223,Nyangatom  - Turkana,712,712,Nyangatom,693,693,Turkana,1,"""The Star (Kenya),2021-04-27,Three killed in Turkana by suspected Ethiopian rustlers""",The Star (Kenya),2021-04-27,Three killed in Turkana by suspected Ethiopian rustlers,Rift Valley Regional Coordinator,2,Kenya (Turkana)-Ethiopia border,along the border of Kenya- Ethiopia,Turkana county,,4.581215,35.949175,POINT (35.949175 4.581215),136512,Kenya,501,Africa,1,1,2021-04-26 00:00:00.000,2021-04-26 00:00:00.000,0,3,0,0,3,3,3,,
43880,KEN-2005-2-73-1,2005,1,Clear,2,5241,4631,Garre subclan of Digil clan (Digil-Mirifle) - Murule subclan of Gugundabe clan (Hawiye),5241,5241,Garre subclan of Digil clan (Digil-Mirifle) - Murule subclan of Gugundabe clan (Hawiye),612,612,Garre subclan of Digil clan (Digil-Mirifle),656,656,Murule subclan of Gugundabe clan (Hawiye),-1,"All Africa 2005-01-04 ""MPs Summoned After 10 Killed in Clan Violence"" All Africa 2005-03-18 ""Scores Killed in Border Town Attack"" , AFP 10/1, AFP 2005-03-15",,,,,2,Mandera town,Mandera town (near),North Eastern province,Mandera district,3.936804,41.858383,POINT (41.858383 3.936804),135084,Kenya,501,Africa,1,1,2005-01-01 00:00:00.000,2005-01-01 00:00:00.000,0,0,0,9,9,30,9,,
43840,KEN-2005-2-73-2,2005,1,Clear,2,5241,4631,Garre subclan of Digil clan (Digil-Mirifle) - Murule subclan of Gugundabe clan (Hawiye),5241,5241,Garre subclan of Digil clan (Digil-Mirifle) - Murule subclan of Gugundabe clan (Hawiye),612,612,Garre subclan of Digil clan (Digil-Mirifle),656,656,Murule subclan of Gugundabe clan (Hawiye),-1,"All Africa 2005-01-04 ""MPs Summoned After 10 Killed in Clan Violence"" All Africa 2005-03-18 ""Scores Killed in Border Town Attack"" , AFP 10/1, AFP 2005-03-15",,,,,2,Mandera town,Mandera town (near),North Eastern province,Mandera district,3.936804,41.858383,POINT (41.858383 3.936804),135084,Kenya,501,Africa,1,1,2005-01-02 00:00:00.000,2005-01-02 00:00:00.000,0,0,0,0,0,2,0,,
44160,KEN-2005-2-73-3,2005,1,Clear,2,5241,4631,Garre subclan of Digil clan (Digil-Mirifle) - Murule subclan of Gugundabe clan (Hawiye),5241,5241,Garre subclan of Digil clan (Digil-Mirifle) - Murule subclan of Gugundabe clan (Hawiye),612,612,Garre subclan of Digil clan (Digil-Mirifle),656,656,Murule subclan of Gugundabe clan (Hawiye),-1,bbc 5/1 2005,,,,,1,Mandera town,Mandera town,North Eastern province,Mandera district,3.936804,41.858383,POINT (41.858383 3.936804),135084,Kenya,501,Africa,2,2,2005-01-02 00:00:00.000,2005-01-03 00:00:00.000,0,0,0,3,3,3,1,,
43681,KEN-2005-2-73-5,2005,1,Clear,2,5241,4631,Garre subclan of Digil clan (Digil-Mirifle) - Murule subclan of Gugundabe clan (Hawiye),5241,5241,Garre subclan of Digil clan (Digil-Mirifle) - Murule subclan of Gugundabe clan (Hawiye),612,612,Garre subclan of Digil clan (Digil-Mirifle),656,656,Murule subclan of Gugundabe clan (Hawiye),-1,"BBC Monitoring Africa 2005-01-11 ""Three MPs blame government for ethnic clashes in northern Kenya",,,,,3,Mandera district,Mandera district,North Eastern province,Mandera district,3.500000,40.750000,POINT (40.75 3.5),135082,Kenya,501,Africa,2,4,2005-01-04 00:00:00.000,2005-01-11 00:00:00.000,0,0,0,11,11,11,11,,
44153,KEN-2005-2-73-4,2005,1,Clear,2,5241,4631,Garre subclan of Digil clan (Digil-Mirifle) - Murule subclan of Gugundabe clan (Hawiye),5241,5241,Garre subclan of Digil clan (Digil-Mirifle) - Murule subclan of Gugundabe clan (Hawiye),612,612,Garre subclan of Digil clan (Digil-Mirifle),656,656,Murule subclan of Gugundabe clan (Hawiye),-1,"AFP 10/1, BBC 11/1",,,,police,1,Mandera town,Mandera town,North Eastern province,Mandera district,3.936804,41.858383,POINT (41.858383 3.936804),135084,Kenya,501,Africa,2,2,2005-01-08 00:00:00.000,2005-01-10 00:00:00.000,0,0,0,9,9,10,9,,
43768,KEN-2005-2-73-6,2005,1,Clear,2,5241,4631,Garre subclan of Digil clan (Digil-Mirifle) - Murule subclan of Gugundabe clan (Hawiye),5241,5241,Garre subclan of Digil clan (Digil-Mirifle) - Murule subclan of Gugundabe clan (Hawiye),612,612,Garre subclan of Digil clan (Digil-Mirifle),656,656,Murule subclan of Gugundabe clan (Hawiye),-1,AFP 21/1 2005,,,,police,3,Mandera district,Mandera district,North Eastern province,Mandera district,3.500000,40.750000,POINT (40.75 3.5),135082,Kenya,501,Africa,1,2,2005-01-15 00:00:00.000,2005-01-16 00:00:00.000,0,2,0,0,2,2,2,,
44063,KEN-2005-2-73-7,2005,1,Clear,2,5241,4631,Garre subclan of Digil clan (Digil-Mirifle) - Murule subclan of Gugundabe clan (Hawiye),5241,5241,Garre subclan of Digil clan (Digil-Mirifle) - Murule subclan of Gugundabe clan (Hawiye),612,612,Garre subclan of Digil clan (Digil-Mirifle),656,656,Murule subclan of Gugundabe clan (Hawiye),-1,"AFP 2005-03-15 ""At least 30 people killed in militia attacks in northeast Kenya"" AND BBC Monitoring Africa, 2005-03-16 ""Kenyan paper calls for calm in troubled northern region"" AND Allafrica 2005-03-18 ""Scores Killed in Border Town Attack"", Menkhaus ""Kenya-Somalia Border Conflict Analysis"" USAID 2005-03-31, Mar 31, 2005 (The East African Standard/All Africa Global Media via COMTEX)",,,,Police Spokesman Jasper Ombati,2,Mandera town,Mandera town (Elgolisha village near),North Eastern province,Mandera district,3.936804,41.858383,POINT (41.858383 3.936804),135084,Kenya,501,Africa,1,1,2005-03-15 00:00:00.000,2005-03-15 00:00:00.000,23,0,0,0,23,23,22,,
43975,KEN-2005-2-73-8,2005,1,Clear,2,5241,4631,Garre subclan of Digil clan (Digil-Mirifle) - Murule subclan of Gugundabe clan (Hawiye),5241,5241,Garre subclan of Digil clan (Digil-Mirifle) - Murule subclan of Gugundabe clan (Hawiye),612,612,Garre subclan of Digil clan (Digil-Mirifle),656,656,Murule subclan of Gugundabe clan (Hawiye),-1,"AFP 2005-03-20 ""At least 13 feared killed by cattle rustlers in northeast Kenya",,,,police and newspapers reports,5,"Eastern (Loyangalani area, close to Lake Turkana)","Eastern region (Loyangalani area, close to Lake Turkana)",Eastern province,,0.000000,38.000000,POINT (38 0),130037,Kenya,501,Africa,1,1,2005-03-18 00:00:00.000,2005-03-18 00:00:00.000,0,0,0,0,0,13,0,,
44126,KEN-2005-2-73-9,2005,1,Clear,2,5241,4631,Garre subclan of Digil clan (Digil-Mirifle) - Murule subclan of Gugundabe clan (Hawiye),5241,5241,Garre subclan of Digil clan (Digil-Mirifle) - Murule subclan of Gugundabe clan (Hawiye),612,612,Garre subclan of Digil clan (Digil-Mirifle),656,656,Murule subclan of Gugundabe clan (Hawiye),-1,"Mar 31, 2005 (The East African Standard/All Africa Global Media via COMTEX)",,,,,1,Mandera town,Mandera town,North Eastern province,Mandera district,3.936804,41.858383,POINT (41.858383 3.936804),135084,Kenya,501,Africa,1,1,2005-03-31 00:00:00.000,2005-03-31 00:00:00.000,4,2,0,0,6,6,6,,
43851,KEN-2005-2-73-10,2005,1,Clear,2,5241,4631,Garre subclan of Digil clan (Digil-Mirifle) - Murule subclan of Gugundabe clan (Hawiye),5241,5241,Garre subclan of Digil clan (Digil-Mirifle) - Murule subclan of Gugundabe clan (Hawiye),612,612,Garre subclan of Digil clan (Digil-Mirifle),656,656,Murule subclan of Gugundabe clan (Hawiye),-1,Shabeelle Media Network web site on 9 April,,,,,3,Mandera district,Mandera district (Dhamase village),North Eastern province,Mandera district,3.500000,40.750000,POINT (40.75 3.5),135082,Kenya,501,Africa,1,1,2005-04-04 00:00:00.000,2005-04-04 00:00:00.000,0,0,0,0,0,5,0,,
44167,KEN-2008-2-73-5,2008,1,Clear,2,5241,4631,Garre subclan of Digil clan (Digil-Mirifle) - Murule subclan of Gugundabe clan (Hawiye),5241,5241,Garre subclan of Digil clan (Digil-Mirifle) - Murule subclan of Gugundabe clan (Hawiye),612,612,Garre subclan of Digil clan (Digil-Mirifle),656,656,Murule subclan of Gugundabe clan (Hawiye),-1,"CEWARN country updates, kenyan side of somali cluster, may-aug 08",,,,,3,Mandera district,Mandera district,North Eastern province,Mandera district,3.500000,40.750000,POINT (40.75 3.5),135082,Kenya,501,Africa,1,5,2008-07-01 00:00:00.000,2008-08-31 00:00:00.000,0,0,0,2,2,2,2,,
44159,KEN-2008-2-73-1,2008,1,Clear,2,5241,4631,Garre subclan of Digil clan (Digil-Mirifle) - Murule subclan of Gugundabe clan (Hawiye),5241,5241,Garre subclan of Digil clan (Digil-Mirifle) - Murule subclan of Gugundabe clan (Hawiye),612,612,Garre subclan of Digil clan (Digil-Mirifle),656,656,Murule subclan of Gugundabe clan (Hawiye),-1,"All Africa 2008-10-18  ""Hundreds Displaced in 'Drought' Clashes ""AND All Africa 2008-09-12 ""Thirteen Dead in Clashes Over Water",,,,.,3,Mandera district,Mandera district,North Eastern province,Mandera district,3.500000,40.750000,POINT (40.75 3.5),135082,Kenya,501,Africa,1,1,2008-09-07 00:00:00.000,2008-09-07 00:00:00.000,0,0,0,13,13,13,13,,
43764,KEN-2008-2-73-2.1,2008,1,Clear,2,5241,4631,Garre subclan of Digil clan (Digil-Mirifle) - Murule subclan of Gugundabe clan (Hawiye),5241,5241,Garre subclan of Digil clan (Digil-Mirifle) - Murule subclan of Gugundabe clan (Hawiye),612,612,Garre subclan of Digil clan (Digil-Mirifle),656,656,Murule subclan of Gugundabe clan (Hawiye),-1,"AFP 2008-09-16 ""Kenya cattle-clan fighting kills 15: police",,,,.,4,North Eastern province,North Eastern province,North Eastern province,,-1.116667,40.600000,POINT (40.6 -1.116667),127882,Kenya,501,Africa,1,2,2008-09-13 00:00:00.000,2008-09-14 00:00:00.000,0,0,0,9,9,9,9,,
335288,KEN-2008-2-73-2.2,2008,1,Clear,2,5241,4631,Garre subclan of Digil clan (Digil-Mirifle) - Murule subclan of Gugundabe clan (Hawiye),5241,5241,Garre subclan of Digil clan (Digil-Mirifle) - Murule subclan of Gugundabe clan (Hawiye),612,612,Garre subclan of Digil clan (Digil-Mirifle),656,656,Murule subclan of Gugundabe clan (Hawiye),-1,"AFP 2008-09-16 ""Kenya cattle-clan fighting kills 15: police",,,,.,4,North Eastern province,North Eastern province,North Eastern province,,-1.116667,40.600000,POINT (40.6 -1.116667),127882,Kenya,501,Africa,1,1,2008-09-14 00:00:00.000,2008-09-14 00:00:00.000,0,0,0,6,6,6,6,,
44117,KEN-2008-2-73-3,2008,1,Clear,2,5241,4631,Garre subclan of Digil clan (Digil-Mirifle) - Murule subclan of Gugundabe clan (Hawiye),5241,5241,Garre subclan of Digil clan (Digil-Mirifle) - Murule subclan of Gugundabe clan (Hawiye),612,612,Garre subclan of Digil clan (Digil-Mirifle),656,656,Murule subclan of Gugundabe clan (Hawiye),-1,"BBC Monitoring Africa 2008-10-16 ""One killed in clan fighting in northern Kenya",,,,.,2,Mandera town,Mandera town (4 kilometres from),North Eastern province,Mandera district,3.936804,41.858383,POINT (41.858383 3.936804),135084,Kenya,501,Africa,1,1,2008-10-16 00:00:00.000,2008-10-16 00:00:00.000,0,0,0,1,1,1,1,,
37553,UGA-1999-2-95-1,1999,1,Clear,2,5261,4651,Jie - Turkana,5261,5261,Jie - Turkana,633,633,Jie,693,693,Turkana,-1,"The Monitor 13/7-99, New Vision 13/7-99",,,,"The Moroto Resident District Commissioner, Thomas Okoth Nyalulu",3,Turkana district,Turkana district,Rift Valley province,Turkana district,3.000000,35.500000,POINT (35.5 3),134352,Kenya,501,Africa,1,3,1999-07-04 00:00:00.000,1999-07-10 00:00:00.000,40,0,0,0,40,40,40,,
37556,UGA-2008-2-95-1,2008,1,Clear,2,5261,4651,Jie - Turkana,5261,5261,Jie - Turkana,633,633,Jie,693,693,Turkana,-1,"BBC Monitoring Africa 29/1-08;  The New Vision website, Kampala, in English 29 Jan 08",,,,"The commanding officer of the UPDF [Uganda People's Defence Forces] 3rd Division, Col Patrick Kankiriho",3,Turkana district,Turkana district,Rift Valley province,Turkana district,3.000000,35.500000,POINT (35.5 3),134352,Kenya,501,Africa,1,1,2008-01-24 00:00:00.000,2008-01-24 00:00:00.000,40,0,0,0,40,40,40,,
37271,UGA-2008-2-95-2,2008,1,Clear,2,5261,4651,Jie - Turkana,5261,5261,Jie - Turkana,633,633,Jie,693,693,Turkana,-1,"Riam Riam Peace Network, ""CONFLICT EARLY WARNING ALERT TURKANA DISTRICT"", in Lotta's ETH folder",,,,,1,Oropoi location,"Oropoi location (Lokipoto sub location of Letea Location, Oropoi division)",Rift Valley province,Turkana district,3.783638,34.231822,POINT (34.2318223 3.7836389),135069,Kenya,501,Africa,1,1,2008-02-09 00:00:00.000,2008-02-09 00:00:00.000,15,1,0,0,16,16,16,,
33833,UGA-2008-2-95-3,2008,1,Clear,2,5261,4651,Jie - Turkana,5261,5261,Jie - Turkana,633,633,Jie,693,693,Turkana,-1,"Riam Riam Peace Network, ""CONFLICT EARLY WARNING ALERT TURKANA DISTRICT"", in Lotta's ETH folder",,,,,1,Oropoi location,"Oropoi location (Namorkirionok sub location, Oropoi division)",Rift Valley province,Turkana district,3.783638,34.231822,POINT (34.2318223 3.7836389),135069,Kenya,501,Africa,1,1,2008-02-10 00:00:00.000,2008-02-10 00:00:00.000,1,0,0,0,1,1,1,,
44137,KEN-1991-2-100-1,1991,0,Clear,2,5266,4656,Kalenjin - Kikuyu,5266,5266,Kalenjin - Kikuyu,1024,1024,Kalenjin,926,926,Kikuyu,-1,HRW Divide and Rule Nov 1993 p. 26/27,,,,-,3,Trans Nzoia district,Trans Nzoia District,Rift Valley province,Trans Nzoia district,1.016667,35.000000,POINT (35 1.016667),131471,Kenya,501,Africa,1,1,1991-12-27 00:00:00.000,1991-12-27 00:00:00.000,0,1,0,0,1,1,1,,
44344,KEN-1992-2-100-1,1992,1,Clear,2,5266,4656,Kalenjin - Kikuyu,5266,5266,Kalenjin - Kikuyu,1024,1024,Kalenjin,926,926,Kikuyu,-1,BBC 1992-01-11,,,,The Standard,5,Western Kenya,western Kenya,,,-0.500000,34.500000,POINT (34.5 -0.5),129310,Kenya,501,Africa,1,1,1992-01-09 00:00:00.000,1992-01-09 00:00:00.000,0,0,0,0,0,3,0,,
43745,KEN-1992-2-100-2,1992,1,Clear,2,5266,4656,Kalenjin - Kikuyu,5266,5266,Kalenjin - Kikuyu,1024,1024,Kalenjin,926,926,Kikuyu,-1,BBC 1992-03-27,,,,Kenya Television Network,1,Molo town,Molo town,Rift Valley province,Nakuru district,-0.250000,35.733333,POINT (35.733333 -0.25),129312,Kenya,501,Africa,1,1,1992-04-23 00:00:00.000,1992-04-23 00:00:00.000,0,0,0,4,4,4,4,,
43682,KEN-1992-2-100-4,1992,1,Clear,2,5266,4656,Kalenjin - Kikuyu,5266,5266,Kalenjin - Kikuyu,1024,1024,Kalenjin,926,926,Kikuyu,-1,Reuters 1992-04-25,,,,Kenya Red Cross,1,Kisii town,Kisii town,Nyanza province,Kisii Central district,-0.683333,34.766667,POINT (34.766667 -0.683333),128590,Kenya,501,Africa,2,2,1992-04-23 00:00:00.000,1992-04-24 00:00:00.000,0,0,0,3,3,3,3,,
44144,KEN-1992-2-100-3,1992,1,Clear,2,5266,4656,Kalenjin - Kikuyu,5266,5266,Kalenjin - Kikuyu,1024,1024,Kalenjin,926,926,Kikuyu,-1,BBC 1992-04-27,,,,Kenya Television Network,1,Molo town,Molo town,Rift Valley province,Nakuru district,-0.250000,35.733333,POINT (35.733333 -0.25),129312,Kenya,501,Africa,1,1,1992-04-24 00:00:00.000,1992-04-24 00:00:00.000,0,0,0,8,8,8,8,,
44150,KEN-1992-2-100-5,1992,1,Clear,2,5266,4656,Kalenjin - Kikuyu,5266,5266,Kalenjin - Kikuyu,1024,1024,Kalenjin,926,926,Kikuyu,-1,Reuters 1992-07-22,,,,Police spokesman Jermiah Matagaro,1,Rongai town,Rongai town,Rift Valley province,Nakuru district,-0.166667,35.850000,POINT (35.85 -0.166667),129312,Kenya,501,Africa,1,1,1992-07-22 00:00:00.000,1992-07-22 00:00:00.000,0,0,0,3,3,3,3,,
44149,KEN-1992-2-100-6,1992,1,Clear,2,5266,4656,Kalenjin - Kikuyu,5266,5266,Kalenjin - Kikuyu,1024,1024,Kalenjin,926,926,Kikuyu,-1,Reuters 1992-12-18,,,,Election observers/National Council of Churches of Kenya,1,Burnt Forest village,Burnt Forest,Rift Valley province,Uasin Gishu district,0.216667,35.433333,POINT (35.433333 0.216667),130031,Kenya,501,Africa,2,2,1992-12-12 00:00:00.000,1992-12-13 00:00:00.000,0,0,0,16,16,35,16,,
44132,KEN-1992-2-100-7,1992,1,Clear,2,5266,4656,Kalenjin - Kikuyu,5266,5266,Kalenjin - Kikuyu,1024,1024,Kalenjin,926,926,Kikuyu,-1,Reuters 1993-01-01,,,,not given,1,Eldoret town,Eldoret town,Rift Valley province,Uasin Gishu district,0.516667,35.283333,POINT (35.283333 0.516667),130751,Kenya,501,Africa,1,1,1992-12-31 00:00:00.000,1992-12-31 00:00:00.000,0,4,0,0,4,4,4,,
43537,KEN-1992-2-100-8,1992,1,Clear,2,5266,4656,Kalenjin - Kikuyu,5266,5266,Kalenjin - Kikuyu,1024,1024,Kalenjin,926,926,Kikuyu,-1,"Reuters, 1993-01-01",,,,witnesses and officials,1,Eldoret town,Eldoret town,Rift Valley province,Uasin Gishu district,0.516667,35.283333,POINT (35.283333 0.516667),130751,Kenya,501,Africa,1,1,1992-12-31 00:00:00.000,1992-12-31 00:00:00.000,0,0,4,0,4,30,4,,
44074,KEN-1993-2-100-1,1993,1,Clear,2,5266,4656,Kalenjin - Kikuyu,5266,5266,Kalenjin - Kikuyu,1024,1024,Kalenjin,926,926,Kikuyu,-1,Reuters 1993-02-10,,,,"""witnesses"" nothing more detailed given",2,Eldoret town,Eldoret town (near),Rift Valley province,Uasin Gishu district,0.516667,35.283333,POINT (35.283333 0.516667),130751,Kenya,501,Africa,1,1,1993-02-09 00:00:00.000,1993-02-09 00:00:00.000,0,3,0,0,3,3,3,,
43906,KEN-1993-2-100-5,1993,1,Clear,2,5266,4656,Kalenjin - Kikuyu,5266,5266,Kalenjin - Kikuyu,1024,1024,Kalenjin,926,926,Kikuyu,-1,Reuters 1993-09-12,,,,unclear,2,Molo town,Molo town (near),Rift Valley province,Nakuru district,-0.250000,35.733333,POINT (35.733333 -0.25),129312,Kenya,501,Africa,2,4,1993-08-01 00:00:00.000,1993-08-31 00:00:00.000,0,0,0,9,9,9,9,,
43846,KEN-1993-2-100-2,1993,1,Clear,2,5266,4656,Kalenjin - Kikuyu,5266,5266,Kalenjin - Kikuyu,1024,1024,Kalenjin,926,926,Kikuyu,-1,BBC 1993-08-25,,,,unclear,1,Molo town,Molo town,Rift Valley province,Nakuru district,-0.250000,35.733333,POINT (35.733333 -0.25),129312,Kenya,501,Africa,2,3,1993-08-16 00:00:00.000,1993-08-22 00:00:00.000,0,0,0,15,15,15,0,,
44155,KEN-1993-2-100-3,1993,1,Clear,2,5266,4656,Kalenjin - Kikuyu,5266,5266,Kalenjin - Kikuyu,1024,1024,Kalenjin,926,926,Kikuyu,-1,Reuters 1993-08-24,,,,Rift Valley provincial commissioner Ishmael Chelang'a,4,Rift Valley province,Rift Valley province,Rift Valley province,,0.500000,36.000000,POINT (36 0.5),130753,Kenya,501,Africa,1,1,1993-08-24 00:00:00.000,1993-08-24 00:00:00.000,0,5,0,0,5,5,0,,
44081,KEN-1993-2-100-4,1993,1,Clear,2,5266,4656,Kalenjin - Kikuyu,5266,5266,Kalenjin - Kikuyu,1024,1024,Kalenjin,926,926,Kikuyu,-1,Reuters 1993-08-26,,,,"""local reporters"" nothing more of substance mentioned",4,Rift Valley province,Rift Valley province,Rift Valley province,,0.500000,36.000000,POINT (36 0.5),130753,Kenya,501,Africa,1,1,1993-08-26 00:00:00.000,1993-08-26 00:00:00.000,0,3,0,0,3,3,0,,
44411,KEN-1994-2-100-3,1994,1,Clear,2,5266,4656,Kalenjin - Kikuyu,5266,5266,Kalenjin - Kikuyu,1024,1024,Kalenjin,926,926,Kikuyu,-1,"HRW 1994 ""Multipartism betrayed in Kenya, p 6"", HRW ""Failing the internally Displaced - THE UNDP Displaced Persons Program in Kenya"" 1997 p 56f",,,,,4,Rift Valley province,Kondoo farm,Rift Valley province,,0.500000,36.000000,POINT (36 0.5),130753,Kenya,501,Africa,1,1,1994-01-03 00:00:00.000,1994-01-03 00:00:00.000,0,0,0,6,6,6,6,,
44057,KEN-1994-2-100-1,1994,1,Clear,2,5266,4656,Kalenjin - Kikuyu,5266,5266,Kalenjin - Kikuyu,1024,1024,Kalenjin,926,926,Kikuyu,-1,"HRW 1994 ""Multipartism betrayed in Kenya"" p 4",,,,,3,Laikipia district,Laikipia district (Kianjogu village),Rift Valley province,Laikipia district,0.416667,36.750000,POINT (36.75 0.416667),130034,Kenya,501,Africa,1,1,1994-02-21 00:00:00.000,1994-02-21 00:00:00.000,0,1,0,0,1,1,1,,
43907,KEN-1994-2-100-2,1994,1,Clear,2,5266,4656,Kalenjin - Kikuyu,5266,5266,Kalenjin - Kikuyu,1024,1024,Kalenjin,926,926,Kikuyu,-1,"HRW 1994 Multipartism betrayed in Kenya, p 5-6; KBC TV 1994-04-11",,,,,1,Burnt Forest village,Burnt Forest,Rift Valley province,Uasin Gishu district,0.216667,35.433333,POINT (35.433333 0.216667),130031,Kenya,501,Africa,2,4,1994-03-01 00:00:00.000,1994-03-31 00:00:00.000,0,0,0,0,0,18,0,,
43977,KEN-1994-2-100-11,1994,1,Clear,2,5266,4656,Kalenjin - Kikuyu,5266,5266,Kalenjin - Kikuyu,1024,1024,Kalenjin,926,926,Kikuyu,-1,"HRW 1994 ""Multipartism betrayed in Kenya, p 8 "",",,,,,2,Burnt Forest village,Burnt Forest (Rolian farm close by),Rift Valley province,Uasin Gishu district,0.216667,35.433333,POINT (35.433333 0.216667),130031,Kenya,501,Africa,1,4,1994-03-01 00:00:00.000,1994-03-31 00:00:00.000,0,0,0,1,1,1,1,,
44046,KEN-1994-2-100-4,1994,1,Clear,2,5266,4656,Kalenjin - Kikuyu,5266,5266,Kalenjin - Kikuyu,1024,1024,Kalenjin,926,926,Kikuyu,-1,"HRW 1994 ""Multipartism betrayed in Kenya, p 6, 7 "", HRW ""Failing the internally Displaced - THE UNDP Displaced Persons Program in Kenya"" 1997 p 56f",,,,district commissioner,2,Burnt Forest village,Burnt Forest (Kiptega close by),Rift Valley province,Uasin Gishu district,0.216667,35.433333,POINT (35.433333 0.216667),130031,Kenya,501,Africa,1,1,1994-03-20 00:00:00.000,1994-03-20 00:00:00.000,0,0,0,1,1,1,1,,
44417,KEN-1994-2-100-5,1994,1,Clear,2,5266,4656,Kalenjin - Kikuyu,5266,5266,Kalenjin - Kikuyu,1024,1024,Kalenjin,926,926,Kikuyu,-1,"HRW 1994 ""Multipartism betrayed in Kenya, p 6, 7 "", HRW ""Failing the internally Displaced - THE UNDP Displaced Persons Program in Kenya"" 1997 p 56f",,,,,4,Rift Valley province,Kondoo farm,Rift Valley province,,0.500000,36.000000,POINT (36 0.5),130753,Kenya,501,Africa,1,1,1994-03-20 00:00:00.000,1994-03-20 00:00:00.000,0,1,0,0,1,1,1,,
43525,KEN-1994-2-100-6,1994,1,Clear,2,5266,4656,Kalenjin - Kikuyu,5266,5266,Kalenjin - Kikuyu,1024,1024,Kalenjin,926,926,Kikuyu,-1,"HRW 1994 ""Multipartism betrayed in Kenya, p 7 "", HRW ""Failing the internally Displaced - THE UNDP Displaced Persons Program in Kenya"" 1997 p 56f",,,,,4,Rift Valley province,Kondoo farm,Rift Valley province,,0.500000,36.000000,POINT (36 0.5),130753,Kenya,501,Africa,1,1,1994-03-21 00:00:00.000,1994-03-21 00:00:00.000,0,0,0,1,1,1,1,,
43738,KEN-1994-2-100-7,1994,1,Clear,2,5266,4656,Kalenjin - Kikuyu,5266,5266,Kalenjin - Kikuyu,1024,1024,Kalenjin,926,926,Kikuyu,-1,"HRW 1994 ""Multipartism betrayed in Kenya, p 7 "",",,,,,4,Rift Valley province,Kondoo farm,Rift Valley province,,0.500000,36.000000,POINT (36 0.5),130753,Kenya,501,Africa,1,1,1994-03-28 00:00:00.000,1994-03-28 00:00:00.000,0,3,0,2,5,5,5,,
44169,KEN-1994-2-100-9,1994,1,Clear,2,5266,4656,Kalenjin - Kikuyu,5266,5266,Kalenjin - Kikuyu,1024,1024,Kalenjin,926,926,Kikuyu,-1,"HRW 1994 ""Multipartism betrayed in Kenya, p 7 "",",,,,,1,Kamuyu town,Kamuyu (and Usalama farms),Central province,Nyeri district,-0.416667,36.916667,POINT (36.916667 -0.416667),129314,Kenya,501,Africa,1,1,1994-03-29 00:00:00.000,1994-03-29 00:00:00.000,2,0,0,0,2,2,2,,
44192,KEN-1994-2-100-8,1994,1,Clear,2,5266,4656,Kalenjin - Kikuyu,5266,5266,Kalenjin - Kikuyu,1024,1024,Kalenjin,926,926,Kikuyu,-1,"HRW 1994 ""Multipartism betrayed in Kenya, p 7 "",",,,,,2,Kamuyu town,Kamuyu (Rurigi farm close by),Central province,Nyeri district,-0.416667,36.916667,POINT (36.916667 -0.416667),129314,Kenya,501,Africa,1,1,1994-03-29 00:00:00.000,1994-03-29 00:00:00.000,0,0,0,4,4,4,4,,
43772,KEN-1994-2-100-10,1994,1,Clear,2,5266,4656,Kalenjin - Kikuyu,5266,5266,Kalenjin - Kikuyu,1024,1024,Kalenjin,926,926,Kikuyu,-1,"HRW 1994 ""Multipartism betrayed in Kenya, p 8 "",",,,,,1,Burnt Forest village,Burnt Forest,Rift Valley province,Uasin Gishu district,0.216667,35.433333,POINT (35.433333 0.216667),130031,Kenya,501,Africa,1,1,1994-03-30 00:00:00.000,1994-03-30 00:00:00.000,3,3,0,0,6,6,6,,
43793,KEN-1998-2-100-6.3,1998,1,Clear,2,5266,4656,Kalenjin - Kikuyu,5266,5266,Kalenjin - Kikuyu,1024,1024,Kalenjin,926,926,Kikuyu,-1,AC 1998-02-20; X 1998-02-04; X 1998-02-08; X 1998-03-09; X 1998-03-11,,,,police; gov't; local media,3,Baringo district,Baringo district,Rift Valley province,Baringo district,0.666667,36.000000,POINT (36 0.666667),130753,Kenya,501,Africa,2,4,1998-01-11 00:00:00.000,1998-01-24 00:00:00.000,0,0,0,26,26,26,26,,
43662,KEN-1998-2-100-2.1,1998,1,Clear,2,5266,4656,Kalenjin - Kikuyu,5266,5266,Kalenjin - Kikuyu,1024,1024,Kalenjin,926,926,Kikuyu,-1,Reuters1998-01-24; Reuters2; AC 1998-02-20,,,,Kenyan police,3,Laikipia district,Laikipia district,Rift Valley province,Laikipia district,0.416667,36.750000,POINT (36.75 0.416667),130034,Kenya,501,Africa,2,4,1998-01-11 00:00:00.000,1998-01-24 00:00:00.000,0,0,0,7,7,7,7,,
43717,KEN-1998-2-100-2.2,1998,1,Clear,2,5266,4656,Kalenjin - Kikuyu,5266,5266,Kalenjin - Kikuyu,1024,1024,Kalenjin,926,926,Kikuyu,-1,Reuters1998-01-24; Reuters2; AC 1998-02-20,,,,Kenyan police,4,Rift Valley province,Rift Valley province,Rift Valley province,,0.500000,36.000000,POINT (36 0.5),130753,Kenya,501,Africa,2,4,1998-01-11 00:00:00.000,1998-01-24 00:00:00.000,0,0,0,22,22,22,22,,
44186,KEN-1998-2-100-6.2,1998,1,Clear,2,5266,4656,Kalenjin - Kikuyu,5266,5266,Kalenjin - Kikuyu,1024,1024,Kalenjin,926,926,Kikuyu,-1,AC 1998-02-20; X 1998-02-04; X 1998-02-08; X 1998-03-09; X 1998-03-11,,,,police; gov't; local media,3,Nakuru district,Nakuru district,Rift Valley province,Nakuru district,-0.333333,36.000000,POINT (36 -0.333333),129313,Kenya,501,Africa,2,4,1998-01-11 00:00:00.000,1998-01-24 00:00:00.000,0,0,0,26,26,26,26,,
44188,KEN-1998-2-100-6.1,1998,1,Clear,2,5266,4656,Kalenjin - Kikuyu,5266,5266,Kalenjin - Kikuyu,1024,1024,Kalenjin,926,926,Kikuyu,-1,AC 1998-02-20; X 1998-02-04; X 1998-02-08; X 1998-03-09; X 1998-03-11,,,,police; gov't; local media,3,Laikipia district,Laikipia district,Rift Valley province,Laikipia district,0.416667,36.750000,POINT (36.75 0.416667),130034,Kenya,501,Africa,2,4,1998-01-11 00:00:00.000,1998-01-24 00:00:00.000,0,0,0,25,25,25,25,,
43862,KEN-1998-2-100-5,1998,1,Clear,2,5266,4656,Kalenjin - Kikuyu,5266,5266,Kalenjin - Kikuyu,1024,1024,Kalenjin,926,926,Kikuyu,-1,Reuters 1998-01-26,,,,,3,Laikipia district,Laikipia district (Olmoran village),Rift Valley province,Laikipia district,0.416667,36.750000,POINT (36.75 0.416667),130034,Kenya,501,Africa,2,4,1998-01-14 00:00:00.000,1998-01-24 00:00:00.000,0,0,0,16,16,16,16,,
43876,KEN-1998-2-100-1,1998,1,Clear,2,5266,4656,Kalenjin - Kikuyu,5266,5266,Kalenjin - Kikuyu,1024,1024,Kalenjin,926,926,Kikuyu,-1,Reuters1998-01-24; AC 1998-02-20,,,,district official,3,Laikipia district,Laikipia district (Olmoran village),Rift Valley province,Laikipia district,0.416667,36.750000,POINT (36.75 0.416667),130034,Kenya,501,Africa,1,1,1998-01-14 00:00:00.000,1998-01-14 00:00:00.000,0,0,0,2,2,2,2,,
44409,KEN-1998-2-100-3,1998,1,Clear,2,5266,4656,Kalenjin - Kikuyu,5266,5266,Kalenjin - Kikuyu,1024,1024,Kalenjin,926,926,Kikuyu,-1,Reuters 1998-01-24,,,,police; newspaper,1,Kiamariga town,Kiamariga town,Rift Valley province,Laikipia district,0.050000,36.616667,POINT (36.616667 0.05),130034,Kenya,501,Africa,1,1,1998-01-22 00:00:00.000,1998-01-22 00:00:00.000,0,0,1,1,2,2,2,,
44109,KEN-1998-2-100-4,1998,1,Clear,2,5266,4656,Kalenjin - Kikuyu,5266,5266,Kalenjin - Kikuyu,1024,1024,Kalenjin,926,926,Kikuyu,-1,Reuters1998-01-26; AC 1998-02-20,,,,Kenya's Catholic Peace and Justice Commission (CPJC),1,Njoro town,Njoro town,Rift Valley province,Nakuru district,-0.333333,35.933333,POINT (35.933333 -0.333333),129312,Kenya,501,Africa,1,1,1998-01-25 00:00:00.000,1998-01-25 00:00:00.000,0,0,0,1,1,1,1,,
43693,KEN-2006-2-100-1,2006,0,Clear,2,5266,4656,Kalenjin - Kikuyu,5266,5266,Kalenjin - Kikuyu,1024,1024,Kalenjin,926,926,Kikuyu,-1,"AFP 2006-02-13 ""Two killed as tribes battle over land in Kenya's Rift Valley region"" AND AFP 2006-02-13 ""Five killed as tribes battle over land in Kenya's Rift Valley region",,,,Police,3,Nakuru district,Nakuru district,Rift Valley province,Nakuru district,-0.333333,36.000000,POINT (36 -0.333333),129313,Kenya,501,Africa,1,1,2006-02-13 00:00:00.000,2006-02-13 00:00:00.000,0,0,0,5,5,5,5,,
43689,KEN-2007-2-100-2,2007,0,Clear,2,5266,4656,Kalenjin - Kikuyu,5266,5266,Kalenjin - Kikuyu,1024,1024,Kalenjin,926,926,Kikuyu,-1,"Associated Press Newswires 2008-01-17""Kenyan Schools Hit by Violence",,,,,1,Ngarua town,Ngarua town,Rift Valley province,Laikipia district,0.366666,36.450000,POINT (36.45 0.3666667),130033,Kenya,501,Africa,1,1,2007-12-30 00:00:00.000,2007-12-30 00:00:00.000,0,0,6,0,6,6,6,,
44110,KEN-2007-2-100-1,2007,0,Clear,2,5266,4656,Kalenjin - Kikuyu,5266,5266,Kalenjin - Kikuyu,1024,1024,Kalenjin,926,926,Kikuyu,-1,"HRW March 2008 ""Ballots to Bullets",,,,,1,Eldoret town,Eldoret town,Rift Valley province,Uasin Gishu district,0.516667,35.283333,POINT (35.283333 0.516667),130751,Kenya,501,Africa,1,1,2007-12-30 00:00:00.000,2007-12-30 00:00:00.000,0,0,5,0,5,5,5,,
43991,KEN-2008-2-100-120,2008,1,Clear,2,5266,4656,Kalenjin - Kikuyu,5266,5266,Kalenjin - Kikuyu,1024,1024,Kalenjin,926,926,Kikuyu,-1,"Report of the UN Special Rapporteur on extrajudicial, summary or arbitrary executions Mr. Philip Alston, 26 may 2009",,,,,4,Rift Valley province,Rift Valley province,Rift Valley province,,0.500000,36.000000,POINT (36 0.5),130753,Kenya,501,Africa,1,5,2008-01-01 00:00:00.000,2008-12-31 00:00:00.000,0,2,0,0,2,2,2,,
43704,KEN-2008-2-100-1,2008,1,Clear,2,5266,4656,Kalenjin - Kikuyu,5266,5266,Kalenjin - Kikuyu,1024,1024,Kalenjin,926,926,Kikuyu,-1,"HRW March 2008 ""From Ballots to Bullets",,,,"Human Rights Watch interview, Eldoret, January 21, 2008.",1,Eldoret town,Eldoret town,Rift Valley province,Uasin Gishu district,0.516667,35.283333,POINT (35.283333 0.516667),130751,Kenya,501,Africa,2,4,2008-01-01 00:00:00.000,2008-01-21 00:00:00.000,10,21,0,0,31,31,31,,
44428,KEN-2008-2-100-2,2008,1,Clear,2,5266,4656,Kalenjin - Kikuyu,5266,5266,Kalenjin - Kikuyu,1024,1024,Kalenjin,926,926,Kikuyu,-1,"HRW March 2008 ""From Ballots to Bullets",,,,"Jeffrey Gettleman, Signs in Kenya that killings were planned, The New York Times, January 21, 2008.",1,Nakuru town,Nakuru town,Rift Valley province,Nakuru district,-0.283333,36.066667,POINT (36.066667 -0.283333),129313,Kenya,501,Africa,2,4,2008-01-01 00:00:00.000,2008-01-21 00:00:00.000,1,0,0,0,1,1,1,,
44136,KEN-2008-2-100-3,2008,1,Clear,2,5266,4656,Kalenjin - Kikuyu,5266,5266,Kalenjin - Kikuyu,1024,1024,Kalenjin,926,926,Kikuyu,-1,"All Africa 2008-01-03 ""Whispering in Swahili - Good Neighbours in the Rift Valley",,,,.,1,Kitale town,Kitale town,Rift Valley province,Trans Nzoia district,1.016667,35.000000,POINT (35 1.016667),131471,Kenya,501,Africa,1,1,2008-01-02 00:00:00.000,2008-01-02 00:00:00.000,0,0,0,0,0,9,0,,
43889,KEN-2008-2-100-21,2008,1,Clear,2,5266,4656,Kalenjin - Kikuyu,5266,5266,Kalenjin - Kikuyu,1024,1024,Kalenjin,926,926,Kikuyu,-1,"Report of the UN Special Rapporteur on extrajudicial, summary or arbitrary executions Mr. Philip Alston, 26 may 2009",,,,,4,Rift Valley province,Rift Valley province,Rift Valley province,,0.500000,36.000000,POINT (36 0.5),130753,Kenya,501,Africa,1,1,2008-01-03 00:00:00.000,2008-01-03 00:00:00.000,0,2,0,0,2,2,2,,
44106,KEN-2008-2-100-4,2008,1,Clear,2,5266,4656,Kalenjin - Kikuyu,5266,5266,Kalenjin - Kikuyu,1024,1024,Kalenjin,926,926,Kikuyu,-1,"Associated Press Newswires 2008-01-05 ""Terrified Kenyans flee troubled west to escape wave of ethnic violence",,,,.,1,Eldoret town,Eldoret town,Rift Valley province,Uasin Gishu district,0.516667,35.283333,POINT (35.283333 0.516667),130751,Kenya,501,Africa,1,1,2008-01-05 00:00:00.000,2008-01-05 00:00:00.000,0,0,0,2,2,2,2,,
43346,KEN-2008-2-100-5,2008,1,Clear,2,5266,4656,Kalenjin - Kikuyu,5266,5266,Kalenjin - Kikuyu,1024,1024,Kalenjin,926,926,Kikuyu,-1,"Associated Press Newswires 2008-01-05 ""Terrified Kenyans flee troubled west to escape wave of ethnic violence",,,,.,2,Eldoret town,Eldoret town (outskirts),Rift Valley province,Uasin Gishu district,0.516667,35.283333,POINT (35.283333 0.516667),130751,Kenya,501,Africa,1,1,2008-01-05 00:00:00.000,2008-01-05 00:00:00.000,0,0,0,0,0,2,0,,
44059,KEN-2008-2-100-6,2008,1,Clear,2,5266,4656,Kalenjin - Kikuyu,5266,5266,Kalenjin - Kikuyu,1024,1024,Kalenjin,926,926,Kikuyu,-1,"HRW March 2008 ""From Ballots to Bullets",,,,.,1,Molo town,Molo town,Rift Valley province,Nakuru district,-0.250000,35.733333,POINT (35.733333 -0.25),129312,Kenya,501,Africa,1,1,2008-01-22 00:00:00.000,2008-01-22 00:00:00.000,0,13,0,0,13,13,13,,
44069,KEN-2008-2-100-8,2008,1,Clear,2,5266,4656,Kalenjin - Kikuyu,5266,5266,Kalenjin - Kikuyu,1024,1024,Kalenjin,926,926,Kikuyu,-1,"Associated Press Newswires 2008-01-25 ""Fighting Erupts in Western Kenyan Town",,,,.,4,Rift Valley province,Total Station town,Rift Valley province,,0.500000,36.000000,POINT (36 0.5),130753,Kenya,501,Africa,1,1,2008-01-24 00:00:00.000,2008-01-24 00:00:00.000,0,0,0,2,2,2,2,,
43904,KEN-2008-2-100-9,2008,1,Clear,2,5266,4656,Kalenjin - Kikuyu,5266,5266,Kalenjin - Kikuyu,1024,1024,Kalenjin,926,926,Kikuyu,-1,"All Africa 2008-01-26 ""Nakuru Erupts",,,,.,1,Nakuru town,Nakuru town,Rift Valley province,Nakuru district,-0.283333,36.066667,POINT (36.066667 -0.283333),129313,Kenya,501,Africa,1,1,2008-01-25 00:00:00.000,2008-01-25 00:00:00.000,0,0,0,6,6,6,6,,
43348,KEN-2008-2-100-7,2008,1,Clear,2,5266,4656,Kalenjin - Kikuyu,5266,5266,Kalenjin - Kikuyu,1024,1024,Kalenjin,926,926,Kikuyu,-1,"Associated Press Newswires 2008-01-25 ""Fighting Erupts in Western Kenyan Town",,,,.,1,Molo town,Molo town,Rift Valley province,Nakuru district,-0.250000,35.733333,POINT (35.733333 -0.25),129312,Kenya,501,Africa,1,1,2008-01-25 00:00:00.000,2008-01-25 00:00:00.000,0,3,0,0,3,3,3,,
44185,KEN-2008-2-100-10,2008,1,Clear,2,5266,4656,Kalenjin - Kikuyu,5266,5266,Kalenjin - Kikuyu,1024,1024,Kalenjin,926,926,Kikuyu,-1,"All Africa 2008-01-26 ""Ethnic Clashes Resume",,,,.,1,Nakuru town,Nakuru town,Rift Valley province,Nakuru district,-0.283333,36.066667,POINT (36.066667 -0.283333),129313,Kenya,501,Africa,1,1,2008-01-25 00:00:00.000,2008-01-25 00:00:00.000,2,0,0,0,2,2,2,,
43728,KEN-2008-2-100-12,2008,1,Clear,2,5266,4656,Kalenjin - Kikuyu,5266,5266,Kalenjin - Kikuyu,1024,1024,Kalenjin,926,926,Kikuyu,-1,"All Africa 2008-01-30 ""Country's Rift Valley Burns as Death Toll Soars to 750",,,,.,1,Naivasha town,Naivasha town,Rift Valley province,Nakuru district,-0.716667,36.433333,POINT (36.433333 -0.716667),128593,Kenya,501,Africa,1,1,2008-01-29 00:00:00.000,2008-01-29 00:00:00.000,0,0,0,10,10,10,10,,
43633,KEN-2008-2-100-11,2008,1,Clear,2,5266,4656,Kalenjin - Kikuyu,5266,5266,Kalenjin - Kikuyu,1024,1024,Kalenjin,926,926,Kikuyu,-1,"Associated Press Writer 2008-01-29 ""Deep-rooted problems at the heart of Kenya's ethnic violence will take years to resolve",,,,.,1,Eldoret town,Eldoret town,Rift Valley province,Uasin Gishu district,0.516667,35.283333,POINT (35.283333 0.516667),130751,Kenya,501,Africa,1,1,2008-01-29 00:00:00.000,2008-01-29 00:00:00.000,0,0,0,0,0,6,0,,
43706,KEN-2008-2-100-13,2008,1,Clear,2,5266,4656,Kalenjin - Kikuyu,5266,5266,Kalenjin - Kikuyu,1024,1024,Kalenjin,926,926,Kikuyu,-1,"AP 2008-02-02 ""More clashes in western Kenya despite deal to end the violence",,,,.,1,Kericho town,Kericho town,Rift Valley province,Kericho district,-0.366667,35.283333,POINT (35.283333 -0.366667),129311,Kenya,501,Africa,1,1,2008-02-02 00:00:00.000,2008-02-02 00:00:00.000,0,4,0,0,4,4,4,,
43980,KEN-2008-2-102-1,2008,1,Clear,2,5267,4657,Kalenjin - Kisii,5267,5267,Kalenjin - Kisii,1024,1024,Kalenjin,927,927,Kisii,-1,"AP 2008-10-04 ""Kenya Ends TV Ban, Says Violence Easing",,,,.,4,Rift Valley province,Rift Valley province (155 miles west of the capital),Rift Valley province,,0.500000,36.000000,POINT (36 0.5),130753,Kenya,501,Africa,1,1,2008-02-03 00:00:00.000,2008-02-03 00:00:00.000,0,0,0,7,7,7,7,,
43623,KEN-2008-2-102-2,2008,1,Clear,2,5267,4657,Kalenjin - Kisii,5267,5267,Kalenjin - Kisii,1024,1024,Kalenjin,927,927,Kisii,-1,"All Africa 2008-02-05 ""Ramaphosa Quits Kenya Peace Bid",,,,.,4,Rift Valley province,Rift Valley province,Rift Valley province,,0.500000,36.000000,POINT (36 0.5),130753,Kenya,501,Africa,1,1,2008-02-05 00:00:00.000,2008-02-05 00:00:00.000,0,0,0,74,74,74,74,,
44222,KEN-2007-2-110-1,2007,0,Clear,2,5275,4665,Kikuyu - Luo,5275,5275,Kikuyu - Luo,926,926,Kikuyu,901,901,Luo,-1,"AFP 2007-12-31 ""More than 140 killed as Kenya plunges into post-poll chaos",,,,,1,Mombasa town,Mombasa town,Coast province,Mombasa district,-4.050000,39.666667,POINT (39.666667 -4.05),123560,Kenya,501,Africa,1,1,2007-12-31 00:00:00.000,2007-12-31 00:00:00.000,3,6,0,10,19,19,19,,
44308,KEN-2008-2-110-1,2008,1,Clear,2,5275,4665,Kikuyu - Luo,5275,5275,Kikuyu - Luo,926,926,Kikuyu,901,901,Luo,-1,"All Africa 2008-01-21 ""ODM Welcomes Museveni Mediation",,,,.,1,Nairobi city,Nairobi city,Nairobi province,Nairobi district,-1.283333,36.816667,POINT (36.816667 -1.283333),127874,Kenya,501,Africa,1,1,2008-01-20 00:00:00.000,2008-01-20 00:00:00.000,0,0,0,3,3,3,3,,
43482,KEN-2008-2-110-3,2008,1,Clear,2,5275,4665,Kikuyu - Luo,5275,5275,Kikuyu - Luo,926,926,Kikuyu,901,901,Luo,-1,"Xinhua 2008-01-22 ""Roundup: Kenya's political crisis continues as Annan arrives",,,,.,1,Huruma location,Huruma location,Nairobi province,Nairobi district,-1.256489,36.872114,POINT (36.872114 -1.256489),127874,Kenya,501,Africa,2,2,2008-01-20 00:00:00.000,2008-01-22 00:00:00.000,0,0,0,0,0,2,0,,
43702,KEN-2008-2-110-2.2,2008,1,Clear,2,5275,4665,Kikuyu - Luo,5275,5275,Kikuyu - Luo,926,926,Kikuyu,901,901,Luo,-1,"BBC Monitoring Africa 2008-01-21 ""Kenya: Tension reigns in Nairobi suburbs after five are killed",,,,.,1,Nairobi city,Nairobi city (Mathare slum),Nairobi province,Nairobi district,-1.283333,36.816667,POINT (36.816667 -1.283333),127874,Kenya,501,Africa,1,1,2008-01-21 00:00:00.000,2008-01-21 00:00:00.000,0,0,0,0,0,2,0,,
44179,KEN-2008-2-110-2.1,2008,1,Clear,2,5275,4665,Kikuyu - Luo,5275,5275,Kikuyu - Luo,926,926,Kikuyu,901,901,Luo,-1,"BBC Monitoring Africa 2008-01-21 ""Kenya: Tension reigns in Nairobi suburbs after five are killed",,,,.,1,Huruma location,Huruma location,Nairobi province,Nairobi district,-1.256489,36.872114,POINT (36.872114 -1.256489),127874,Kenya,501,Africa,1,1,2008-01-21 00:00:00.000,2008-01-21 00:00:00.000,0,0,0,0,0,3,0,,
44180,KEN-2008-2-110-5,2008,1,Clear,2,5275,4665,Kikuyu - Luo,5275,5275,Kikuyu - Luo,926,926,Kikuyu,901,901,Luo,-1,"All Africa 2008-01-26 ""Ethnic Clashes Resume",,,,.,1,Nakuru town,Nakuru town,Rift Valley province,Nakuru district,-0.283333,36.066667,POINT (36.066667 -0.283333),129313,Kenya,501,Africa,1,1,2008-01-25 00:00:00.000,2008-01-25 00:00:00.000,0,2,0,0,2,2,2,,
43675,KEN-2008-2-110-6,2008,1,Clear,2,5275,4665,Kikuyu - Luo,5275,5275,Kikuyu - Luo,926,926,Kikuyu,901,901,Luo,-1,"All Africa 2008-01-28 ""Clashes Spill Over to Busia, Malaba",,,,.,1,Naivasha town,Naivasha town,Rift Valley province,Nakuru district,-0.716667,36.433333,POINT (36.433333 -0.716667),128593,Kenya,501,Africa,1,1,2008-01-27 00:00:00.000,2008-01-27 00:00:00.000,0,0,0,19,19,19,19,,
43882,KEN-2008-2-110-8,2008,1,Clear,2,5275,4665,Kikuyu - Luo,5275,5275,Kikuyu - Luo,926,926,Kikuyu,901,901,Luo,-1,"All Africa 2008-01-28 ""Fighting Spreads as Annan Talks With Odinga",,,,.,1,Naivasha town,Naivasha town,Rift Valley province,Nakuru district,-0.716667,36.433333,POINT (36.433333 -0.716667),128593,Kenya,501,Africa,1,1,2008-01-28 00:00:00.000,2008-01-28 00:00:00.000,0,0,0,0,0,31,0,,
43875,KEN-2008-2-110-7,2008,1,Clear,2,5275,4665,Kikuyu - Luo,5275,5275,Kikuyu - Luo,926,926,Kikuyu,901,901,Luo,-1,"All Africa 2008-01-28 ""Clashes Spill Over to Busia, Malaba",,,,.,1,Kisumu town,Kisumu town,Nyanza province,Kisumu district,-0.100000,34.750000,POINT (34.75 -0.1),129310,Kenya,501,Africa,1,1,2008-01-28 00:00:00.000,2008-01-28 00:00:00.000,2,0,0,0,2,2,2,,
44080,KEN-2008-2-110-9,2008,1,Clear,2,5275,4665,Kikuyu - Luo,5275,5275,Kikuyu - Luo,926,926,Kikuyu,901,901,Luo,-1,"All Africa 2008-01-30 ""Country's Rift Valley Burns as Death Toll Soars to 750",,,,.,1,Naivasha town,Naivasha town,Rift Valley province,Nakuru district,-0.716667,36.433333,POINT (36.433333 -0.716667),128593,Kenya,501,Africa,1,1,2008-01-29 00:00:00.000,2008-01-29 00:00:00.000,0,0,0,9,9,9,9,,
43940,KEN-2008-2-110-11,2008,1,Clear,2,5275,4665,Kikuyu - Luo,5275,5275,Kikuyu - Luo,926,926,Kikuyu,901,901,Luo,-1,"AP 2008-01-30 ""US envoy calls postelection violence in Kenya 'ethnic cleansing",,,,.,4,Rift Valley province,Rift Valley province,Rift Valley province,,0.500000,36.000000,POINT (36 0.5),130753,Kenya,501,Africa,1,1,2008-01-30 00:00:00.000,2008-01-30 00:00:00.000,0,0,0,0,0,2,0,,
43617,KEN-2008-2-110-10,2008,1,Clear,2,5275,4665,Kikuyu - Luo,5275,5275,Kikuyu - Luo,926,926,Kikuyu,901,901,Luo,-1,"AP 2008-01-30 ""US envoy calls postelection violence in Kenya 'ethnic cleansing",,,,.,1,Nairobi city,Nairobi city,Nairobi province,Nairobi district,-1.283333,36.816667,POINT (36.816667 -1.283333),127874,Kenya,501,Africa,1,1,2008-01-30 00:00:00.000,2008-01-30 00:00:00.000,1,1,0,4,6,6,6,,
44426,KEN-2008-2-110-12,2008,1,Clear,2,5275,4665,Kikuyu - Luo,5275,5275,Kikuyu - Luo,926,926,Kikuyu,901,901,Luo,-1,"2008-02-21 Associated Press Writer ""Kenya says it expects deal by Friday to end political crisis",,,,.,1,Nairobi city,Nairobi city,Nairobi province,Nairobi district,-1.283333,36.816667,POINT (36.816667 -1.283333),127874,Kenya,501,Africa,1,1,2008-02-18 00:00:00.000,2008-02-18 00:00:00.000,0,1,0,0,1,1,1,,
34284,ETH-1991-2-117-1,1991,0,Clear,2,5282,4672,Dassanetch - Turkana,5282,5282,Dassanetch - Turkana,713,713,Dassanetch,693,693,Turkana,-1,"Sagawa, Toru (2009) Why Do People Renounce War? The War Experiences of the Daasanach in the Conflict-ridden Area of Northeast Africa, Afrasian Centre for Peace and Development Studies, Ryukoku University, Working Paper Series No. 42, p. 10",,,,,3,Turkana district,"Turkana district, Rift Valley Province",Rift Valley province,Turkana district,3.000000,35.500000,POINT (35.5 3),134352,Kenya,501,Africa,1,5,1991-01-01 00:00:00.000,1991-12-31 00:00:00.000,2,14,0,0,16,16,16,,
44432,KEN-1997-2-117-1,1997,1,Clear,2,5282,4672,Dassanetch - Turkana,5282,5282,Dassanetch - Turkana,713,713,Dassanetch,693,693,Turkana,-1,Reuters1997-07-05; ARB July 1997,,,,Ethiopian state television; Daily Nation newspaper; police,4,Rift Valley province,northern Kenya,Rift Valley province,,0.500000,36.000000,POINT (36 0.5),130753,Kenya,501,Africa,1,1,1997-06-30 00:00:00.000,1997-06-30 00:00:00.000,0,24,4,0,28,28,28,,
44075,KEN-2000-2-117-1,2000,1,Clear,2,5282,4672,Dassanetch - Turkana,5282,5282,Dassanetch - Turkana,713,713,Dassanetch,693,693,Turkana,-1,"HoAB 1/2000, 12",,,,The outgoing Turkana district commissioner David Amdany,2,Lokitaung town,Lokitaung town (near),Rift Valley province,Turkana district,4.266667,35.750000,POINT (35.75 4.266667),135792,Kenya,501,Africa,1,1,2000-01-20 00:00:00.000,2000-01-20 00:00:00.000,0,4,3,0,7,7,7,,
43379,KEN-2000-2-117-4,2000,1,Clear,2,5282,4672,Dassanetch - Turkana,5282,5282,Dassanetch - Turkana,713,713,Dassanetch,693,693,Turkana,-1,IRIN 2000-04-14,,,,,2,Lokitaung town,Lokitaung town (near),Rift Valley province,Turkana district,4.266667,35.750000,POINT (35.75 4.266667),135792,Kenya,501,Africa,1,1,2000-02-23 00:00:00.000,2000-02-23 00:00:00.000,100,35,0,0,135,135,135,,
44114,KEN-2002-2-117-1,2002,0,Clear,2,5282,4672,Dassanetch - Turkana,5282,5282,Dassanetch - Turkana,713,713,Dassanetch,693,693,Turkana,-1,"BBC Monitoring Africa 13/9-02; East African Standard web site, Nairobi, in English 13 Sep 02: ""Ethiopian Merille raiders reportedly kill 10 in northern district.",,,,,2,Loarengak town,Loarengak town (near),Rift Valley province,Turkana district,4.266667,35.916667,POINT (35.916667 4.266667),135792,Kenya,501,Africa,1,1,2002-09-10 00:00:00.000,2002-09-10 00:00:00.000,0,10,0,0,10,10,10,,
44071,KEN-2002-2-117-2,2002,0,Clear,2,5282,4672,Dassanetch - Turkana,5282,5282,Dassanetch - Turkana,713,713,Dassanetch,693,693,Turkana,-1,"All Africa 21/9-02: ""Ethiopian Bandits Kill Five in Turkana"", Xinhua 20/9-02: ""Five Kenyans killed by tribesmen from Ethiopia - police",,,,,1,Todenyang village,Todenyang town,Rift Valley province,Turkana district,4.533333,35.933333,POINT (35.933333 4.533333),136512,Kenya,501,Africa,1,1,2002-09-16 00:00:00.000,2002-09-16 00:00:00.000,0,7,0,0,7,7,7,,
43688,KEN-2002-2-117-3,2002,0,Clear,2,5282,4672,Dassanetch - Turkana,5282,5282,Dassanetch - Turkana,713,713,Dassanetch,693,693,Turkana,-1,"All Africa 21/9-02: ""Ethiopian Bandits Kill Five in Turkana"", Xinhua 20/9-02: ""Five Kenyans killed by tribesmen from Ethiopia - police",,,,,2,Lokitaung town,Lokitaung town (near),Rift Valley province,Turkana district,4.266667,35.750000,POINT (35.75 4.266667),135792,Kenya,501,Africa,1,1,2002-09-20 00:00:00.000,2002-09-20 00:00:00.000,0,5,0,0,5,5,5,,
44435,KEN-2003-2-117-1,2003,0,Clear,2,5282,4672,Dassanetch - Turkana,5282,5282,Dassanetch - Turkana,713,713,Dassanetch,693,693,Turkana,-1,BBC MA April 8 2003.,,,,The Horn of Africa Bulletin No. 27 2003,1,Todenyang village,Todenyang town,Rift Valley province,Turkana district,4.533333,35.933333,POINT (35.933333 4.533333),136512,Kenya,501,Africa,1,4,2003-03-08 00:00:00.000,2003-04-07 00:00:00.000,0,0,0,4,4,4,4,,
43830,KEN-2003-2-117-2,2003,0,Clear,2,5282,4672,Dassanetch - Turkana,5282,5282,Dassanetch - Turkana,713,713,Dassanetch,693,693,Turkana,-1,"BBC Monitoring Africa 20/4-03; East African Standard web site, Nairobi, in English 20 Apr 03: ""Ethiopian bandits reportedly kill three people in north",,,,,2,Lokitaung town,Lokitaung town (near),Rift Valley province,Turkana district,4.266667,35.750000,POINT (35.75 4.266667),135792,Kenya,501,Africa,1,1,2003-04-16 00:00:00.000,2003-04-16 00:00:00.000,3,0,0,0,3,3,3,,
34244,ETH-2004-2-117-1,2004,0,Clear,2,5282,4672,Dassanetch - Turkana,5282,5282,Dassanetch - Turkana,713,713,Dassanetch,693,693,Turkana,-1,http://www.cewarn.org/reports/updts/ken/sept-dec04.pdf,,,,,3,Turkana district,"Turkana district, Rift Valley Province",Rift Valley province,Turkana district,3.000000,35.500000,POINT (35.5 3),134352,Kenya,501,Africa,1,4,2004-11-01 00:00:00.000,2004-11-30 00:00:00.000,0,2,0,0,2,2,2,,
34245,ETH-2005-2-117-6,2005,1,Clear,2,5282,4672,Dassanetch - Turkana,5282,5282,Dassanetch - Turkana,713,713,Dassanetch,693,693,Turkana,-1,"Jun 22, 2005 (The Nation/All Africa Global Media via COMTEX)",,,,"Bernard Muli, the police commander for northwestern Turkana District",2,Todenyang village,"Todenyang area, Turkana district, Rift Valley Province",Rift Valley province,Turkana district,4.533333,35.933333,POINT (35.933333 4.533333),136512,Kenya,501,Africa,1,1,2005-06-21 00:00:00.000,2005-06-21 00:00:00.000,0,5,0,0,5,5,5,,
34275,ETH-2005-2-117-4,2005,1,Clear,2,5282,4672,Dassanetch - Turkana,5282,5282,Dassanetch - Turkana,713,713,Dassanetch,693,693,Turkana,-1,http://www.cewarn.org/reports/updts/ken/may-aug05.pdf,,,,,2,Todenyang village,"Todonyang sub-location, Turkana district, Rift Valley Province",Rift Valley province,Turkana district,4.533333,35.933333,POINT (35.933333 4.533333),136512,Kenya,501,Africa,1,4,2005-07-01 00:00:00.000,2005-07-31 00:00:00.000,4,8,0,0,12,12,12,,
34251,ETH-2008-2-117-2,2008,0,Clear,2,5282,4672,Dassanetch - Turkana,5282,5282,Dassanetch - Turkana,713,713,Dassanetch,693,693,Turkana,-1,"CONFLICT EARLY WARNING ALERT TURKANA NORTH DISTRICT TURKANA-DASANESH CORRIDOR MARCH 2009, at <http://www.cewarn.org/reports/Alerts/ken/Turkana-Dassenech%20Corridor.pdf>",,,,,1,Todenyang village,"Todenyang, Turkana district, Rift Valley Province",Rift Valley province,Turkana district,4.533333,35.933333,POINT (35.933333 4.533333),136512,Kenya,501,Africa,1,1,2008-11-17 00:00:00.000,2008-11-17 00:00:00.000,0,3,0,0,3,3,3,,
34288,ETH-2008-2-117-3,2008,0,Clear,2,5282,4672,Dassanetch - Turkana,5282,5282,Dassanetch - Turkana,713,713,Dassanetch,693,693,Turkana,-1,"CONFLICT EARLY WARNING ALERT TURKANA NORTH DISTRICT TURKANA-DASANESH CORRIDOR MARCH 2009, at <http://www.cewarn.org/reports/Alerts/ken/Turkana-Dassenech%20Corridor.pdf>",,,,,2,Kokuro locality,"Lorubae area (Kokuro), Turkana district, Rift Valley Province",Rift Valley province,Turkana district,4.670133,35.711233,POINT (35.711233 4.670133),136512,Kenya,501,Africa,1,1,2008-11-18 00:00:00.000,2008-11-18 00:00:00.000,0,4,0,0,4,4,4,,
32786,ETH-2008-2-117-4,2008,0,Clear,2,5282,4672,Dassanetch - Turkana,5282,5282,Dassanetch - Turkana,713,713,Dassanetch,693,693,Turkana,-1,"CONFLICT EARLY WARNING ALERT TURKANA NORTH DISTRICT TURKANA-DASANESH CORRIDOR MARCH 2009, at <http://www.cewarn.org/reports/Alerts/ken/Turkana-Dassenech%20Corridor.pdf>",,,,,3,Turkana district,"Turkana district, Rift Valley Province",Rift Valley province,Turkana district,3.000000,35.500000,POINT (35.5 3),134352,Kenya,501,Africa,1,1,2008-12-23 00:00:00.000,2008-12-23 00:00:00.000,0,4,0,0,4,4,4,,
34260,ETH-2008-2-117-6,2008,0,Clear,2,5282,4672,Dassanetch - Turkana,5282,5282,Dassanetch - Turkana,713,713,Dassanetch,693,693,Turkana,-1,"CONFLICT EARLY WARNING ALERT TURKANA NORTH DISTRICT TURKANA-DASANESH CORRIDOR MARCH 2009, at <http://www.cewarn.org/reports/Alerts/ken/Turkana-Dassenech%20Corridor.pdf>",,,,,2,Kokuro locality,"Loruth-Kaado (Kokuro), Turkana district, Rift Valley Province",Rift Valley province,Turkana district,4.670133,35.711233,POINT (35.711233 4.670133),136512,Kenya,501,Africa,1,1,2008-12-27 00:00:00.000,2008-12-27 00:00:00.000,2,2,0,0,4,4,4,,
32781,ETH-2009-2-117-1,2009,1,Clear,2,5282,4672,Dassanetch - Turkana,5282,5282,Dassanetch - Turkana,713,713,Dassanetch,693,693,Turkana,-1,"CONFLICT EARLY WARNING ALERT TURKANA NORTH DISTRICT TURKANA-DASANESH CORRIDOR MARCH 2009, at <http://www.cewarn.org/reports/Alerts/ken/Turkana-Dassenech%20Corridor.pdf>",,,,,2,Todenyang village,"Todonyang sub-location (around), Turkana district, Rift Valley Province",Rift Valley province,Turkana district,4.533333,35.933333,POINT (35.933333 4.533333),136512,Kenya,501,Africa,1,1,2009-02-23 00:00:00.000,2009-02-23 00:00:00.000,0,1,0,0,1,1,1,,
34259,ETH-2009-2-117-2,2009,1,Clear,2,5282,4672,Dassanetch - Turkana,5282,5282,Dassanetch - Turkana,713,713,Dassanetch,693,693,Turkana,-1,"CONFLICT EARLY WARNING ALERT TURKANA NORTH DISTRICT TURKANA-DASANESH CORRIDOR MARCH 2009, at <http://www.cewarn.org/reports/Alerts/ken/Turkana-Dassenech%20Corridor.pdf>",,,,,2,Todenyang village,"Kanamukuny sub-location (Todonyang), Turkana district, Rift Valley Province",Rift Valley province,Turkana district,4.533333,35.933333,POINT (35.933333 4.533333),136512,Kenya,501,Africa,1,1,2009-02-24 00:00:00.000,2009-02-24 00:00:00.000,0,1,0,0,1,1,1,,
34252,ETH-2009-2-117-3,2009,1,Clear,2,5282,4672,Dassanetch - Turkana,5282,5282,Dassanetch - Turkana,713,713,Dassanetch,693,693,Turkana,-1,"CONFLICT EARLY WARNING ALERT TURKANA NORTH DISTRICT TURKANA-DASANESH CORRIDOR MARCH 2009, at <http://www.cewarn.org/reports/Alerts/ken/Turkana-Dassenech%20Corridor.pdf>",,,,,2,Todenyang village,"Kanamukuny sub-location (Todonyang), Turkana district, Rift Valley Province",Rift Valley province,Turkana district,4.533333,35.933333,POINT (35.933333 4.533333),136512,Kenya,501,Africa,1,1,2009-03-02 00:00:00.000,2009-03-02 00:00:00.000,0,1,0,0,1,1,1,,
34243,ETH-2009-2-117-4,2009,1,Clear,2,5282,4672,Dassanetch - Turkana,5282,5282,Dassanetch - Turkana,713,713,Dassanetch,693,693,Turkana,-1,"CONFLICT EARLY WARNING ALERT TURKANA NORTH DISTRICT TURKANA-DASANESH CORRIDOR MARCH 2009, at <http://www.cewarn.org/reports/Alerts/ken/Turkana-Dassenech%20Corridor.pdf>",,,,September 2010 from Kilo Romeo  Celcall no 1002,2,Todenyang village,"Todonyang Police Post (near ), Turkana district, Rift Valley Province",Rift Valley province,Turkana district,4.533333,35.933333,POINT (35.933333 4.533333),136512,Kenya,501,Africa,1,1,2009-03-08 00:00:00.000,2009-03-08 00:00:00.000,2,0,0,0,2,2,2,,
34248,ETH-2009-2-117-5,2009,1,Clear,2,5282,4672,Dassanetch - Turkana,5282,5282,Dassanetch - Turkana,713,713,Dassanetch,693,693,Turkana,-1,"CONFLICT EARLY WARNING ALERT TURKANA NORTH DISTRICT TURKANA-DASANESH CORRIDOR MARCH 2009, at <http://www.cewarn.org/reports/Alerts/ken/Turkana-Dassenech%20Corridor.pdf>",,,,,2,Todenyang village,"Parar area (between Todonyang Police Post and Todonyang GSU camp), Turkana district, Rift Valley Province",Rift Valley province,Turkana district,4.533333,35.933333,POINT (35.933333 4.533333),136512,Kenya,501,Africa,1,1,2009-03-10 00:00:00.000,2009-03-10 00:00:00.000,1,4,0,0,5,5,5,,
34246,ETH-2009-2-117-10,2009,1,Clear,2,5282,4672,Dassanetch - Turkana,5282,5282,Dassanetch - Turkana,713,713,Dassanetch,693,693,Turkana,-1,"CEWARN Country Updates: January-April 2009 For the Ethiopian Side of the Karamoja Cluster, at http://www.cewarn.org/index.php?option=com_docman&task=cat_view&gid=79&Itemid=87&limitstart=10",,,,,3,Turkana district,"Turkana district, Rift Valley Province",Rift Valley province,Turkana district,3.000000,35.500000,POINT (35.5 3),134352,Kenya,501,Africa,1,1,2009-03-20 00:00:00.000,2009-03-20 00:00:00.000,1,0,0,0,1,1,1,,
34264,ETH-2009-2-117-6,2009,1,Clear,2,5282,4672,Dassanetch - Turkana,5282,5282,Dassanetch - Turkana,713,713,Dassanetch,693,693,Turkana,-1,"http://icnewstest.bondwaresite.com/news.php?viewStory=15689, Catholic Information Service for Africa/All Africa Global Media via COMTEX 2009-07-28",,,,,1,Todenyang village,"Todenyang, Turkana district, Rift Valley Province",Rift Valley province,Turkana district,4.533333,35.933333,POINT (35.933333 4.533333),136512,Kenya,501,Africa,2,5,2009-03-21 00:00:00.000,2009-07-27 00:00:00.000,0,0,0,23,23,23,23,,
34277,ETH-2009-2-117-11,2009,1,Clear,2,5282,4672,Dassanetch - Turkana,5282,5282,Dassanetch - Turkana,713,713,Dassanetch,693,693,Turkana,-1,"CEWARN Country Updates: January-April 2009 For the Ethiopian Side of the Karamoja Cluster, at http://www.cewarn.org/index.php?option=com_docman&task=cat_view&gid=79&Itemid=87&limitstart=10",,,,,3,Turkana district,"Turkana district, Rift Valley Province",Rift Valley province,Turkana district,3.000000,35.500000,POINT (35.5 3),134352,Kenya,501,Africa,1,1,2009-04-27 00:00:00.000,2009-04-27 00:00:00.000,2,0,0,0,2,2,2,,
34266,ETH-2010-2-117-1,2010,0,Clear,2,5282,4672,Dassanetch - Turkana,5282,5282,Dassanetch - Turkana,713,713,Dassanetch,693,693,Turkana,-1,"BBC Monitoring Africa 25/1-10, ""Suspected Ethiopian militia kill three Kenyans""; The Standard website, Nairobi, in English 25 Jan 10",,,,Lokitaung District Commissioner [DC] Jack Obuo,1,Todenyang village,"Todenyang, Turkana district, Rift Valley Province",Rift Valley province,Turkana district,4.533333,35.933333,POINT (35.933333 4.533333),136512,Kenya,501,Africa,1,1,2010-01-22 00:00:00.000,2010-01-22 00:00:00.000,0,1,0,0,1,1,1,,
34271,ETH-2010-2-117-2,2010,0,Clear,2,5282,4672,Dassanetch - Turkana,5282,5282,Dassanetch - Turkana,713,713,Dassanetch,693,693,Turkana,-1,"BBC Monitoring Africa 27/1-10, ""Ethiopian militia attack Kenyan fishermen, kill three hostages""; The Standard, Nairobi, in English 27 Jan 10",,,,Lokitaung DC [District Commissioner] Jack Obuo,2,Todenyang village,"Todonyang (near), Turkana district, Rift Valley Province",Rift Valley province,Turkana district,4.533333,35.933333,POINT (35.933333 4.533333),136512,Kenya,501,Africa,1,2,2010-01-22 00:00:00.000,2010-01-26 00:00:00.000,0,3,0,0,3,3,3,,
34279,ETH-2010-2-117-4,2010,0,Clear,2,5282,4672,Dassanetch - Turkana,5282,5282,Dassanetch - Turkana,713,713,Dassanetch,693,693,Turkana,-1,"BBC Monitoring Africa 26/4-10, ""Suspected Ethiopians kill two Kenyans""; Daily Nation website, Nairobi, in English 26 Apr 10",,,,Turkana North District Commissioner Jack Obuo,2,Meyan area,"Meyan, Turkana district, Rift Valley Province",Rift Valley province,Turkana district,4.862303,35.740610,POINT (35.74061 4.862303),136512,Kenya,501,Africa,1,2,2010-04-23 00:00:00.000,2010-04-25 00:00:00.000,0,2,0,0,2,2,2,,
44261,KEN-2010-2-5282-0,2010,0,Clear,2,5282,4672,Dassanetch - Turkana,5282,5282,Dassanetch - Turkana,713,713,Dassanetch,693,693,Turkana,1,"""BBC Monitoring Africa,2010-04-26,Suspected Ethiopians kill two Kenyans""",BBC Monitoring Africa,2010-04-26,Suspected Ethiopians kill two Kenyans,Turkana North District Commissioner Jack Obuo,2,Meyan area,Meyan village,Rift Valley province,Turkana district,4.862303,35.740610,POINT (35.74061 4.862303),136512,Kenya,501,Africa,1,1,2010-04-26 00:00:00.000,2010-04-26 00:00:00.000,0,2,0,0,2,2,2,,
34287,ETH-2010-2-117-6,2010,0,Clear,2,5282,4672,Dassanetch - Turkana,5282,5282,Dassanetch - Turkana,713,713,Dassanetch,693,693,Turkana,-1,"All Africa 5/5-11, ""Ethiopia's Merille Militia Massacre 41 Turkanas",,,,,1,Kokuro locality,"Kokuro, Turkana district, Rift Valley Province",Rift Valley province,Turkana district,4.670133,35.711233,POINT (35.711233 4.670133),136512,Kenya,501,Africa,1,1,2010-10-20 00:00:00.000,2010-10-20 00:00:00.000,0,2,0,0,2,2,2,,
29750,ETH-2011-2-117-1,2011,1,Clear,2,5282,4672,Dassanetch - Turkana,5282,5282,Dassanetch - Turkana,713,713,Dassanetch,693,693,Turkana,-1,"Danielberhane's Blog 15/5-11. ""Ethio-Kenyan border: Turkana, Dassenech/Merille Fighting",,,,Ethiopian Foreign Ministry in  its May 13/2011 issue of ‘A Week in the Horn’,3,Turkana district,Lourbay,Rift Valley province,Turkana district,3.000000,35.500000,POINT (35.5 3),134352,Kenya,501,Africa,1,1,2011-05-01 00:00:00.000,2011-05-01 00:00:00.000,1,0,0,0,1,1,1,,
29763,ETH-2011-2-117-3,2011,1,Clear,2,5282,4672,Dassanetch - Turkana,5282,5282,Dassanetch - Turkana,713,713,Dassanetch,693,693,Turkana,-1,"Dark Clouds Over Todonyang’"", 31/5-11, & ""Death In Todonyang"" 3/5-11, at http://mcspa.org/author/brian-odhiambo/; info also available from numerous other sources, e.g. All Africa 12/5-11, ""Minister Fears Border Death Toll Could Rise"", All Africa 9/5-11, ""Clashes On Kenya Border Kill Over 30 - Official"", All Africa 5/5-11, ""Ethiopia's Merille Militia Massacre 41 Turkanas"", All Africa 9/5-11, ""Clashes On Kenya Border Kill Over 30 - Official"", All Africa 11/5-11, ""MPs Call for Tighter Border Security",,,,"Fr. Steven Ochieng of ""the Missionary Community of St Paul the Apostle and Mary, Mother of the Church – under the protection of St Joseph, patron of the Universal Church. It is a public association of Christian faithful of the Catholic Church, made up of priests and lay people, men and women, from different parts of the world""; Forestry assistant minister Josphat Nanok, Shimels Kemal, a spokesman for the Communications Ministry of Ethiopia, Rift Valley PC Osman Warfa",1,Todenyang village,Todonyang Village,Rift Valley province,Turkana district,4.533333,35.933333,POINT (35.933333 4.533333),136512,Kenya,501,Africa,1,1,2011-05-02 00:00:00.000,2011-05-02 00:00:00.000,5,1,0,0,6,6,6,,
29764,ETH-2011-2-117-4,2011,1,Clear,2,5282,4672,Dassanetch - Turkana,5282,5282,Dassanetch - Turkana,713,713,Dassanetch,693,693,Turkana,-1,"Dark Clouds Over Todonyang’"", 31/5-11, & ""Death In Todonyang"" 3/5-11, at http://mcspa.org/author/brian-odhiambo/; info also available from numerous other sources, e.g. All Africa 12/5-11, ""Minister Fears Border Death Toll Could Rise"", All Africa 9/5-11, ""Clashes On Kenya Border Kill Over 30 - Official"", All Africa 5/5-11, ""Ethiopia's Merille Militia Massacre 41 Turkanas"", All Africa 9/5-11, ""Clashes On Kenya Border Kill Over 30 - Official"", All Africa 11/5-11, ""MPs Call for Tighter Border Security",,,,"Fr. Steven Ochieng of ""the Missionary Community of St Paul the Apostle and Mary, Mother of the Church – under the protection of St Joseph, patron of the Universal Church. It is a public association of Christian faithful of the Catholic Church, made up of priests and lay people, men and women, from different parts of the world""; Forestry assistant minister Josphat Nanok, Shimels Kemal, a spokesman for the Communications Ministry of Ethiopia, Rift Valley PC Osman Warfa",2,Todenyang village,Todonyang Police Post (1 km from),Rift Valley province,Turkana district,4.533333,35.933333,POINT (35.933333 4.533333),136512,Kenya,501,Africa,1,1,2011-05-02 00:00:00.000,2011-05-02 00:00:00.000,0,25,0,0,25,35,25,,
28722,ETH-2011-2-117-6,2011,1,Clear,2,5282,4672,Dassanetch - Turkana,5282,5282,Dassanetch - Turkana,713,713,Dassanetch,693,693,Turkana,-1,"All Africa 5/5-11, ""Ethiopia's Merille Militia Massacre 41 Turkanas""; Nairobi Star 4/5-11, ""Ethiopia's Merille Militia Massacre 41 Turkanas",,,,"Rift Valley PC Osman Warfa,  Forestry assistant minister Josphat Nanok",1,Todenyang village,Todonyang (near),Rift Valley province,Turkana district,4.533333,35.933333,POINT (35.933333 4.533333),136512,Kenya,501,Africa,1,2,2011-05-02 00:00:00.000,2011-05-04 00:00:00.000,5,0,0,0,5,5,5,,
29766,ETH-2011-2-117-5,2011,1,Clear,2,5282,4672,Dassanetch - Turkana,5282,5282,Dassanetch - Turkana,713,713,Dassanetch,693,693,Turkana,-1,"BBC Monitoring Africa 6/5-11, ""Ethiopian militia reportedly kill 11 Kenyans in cross-border raid"" from The Standard website, Nairobi, in English 6 May 11;  Nairobi Star/All Africa 6 May 2011 ""Four More People Killed By Suspected Bandits",,,,,1,Kokuro locality,"Kokuro, Turkana North District",Rift Valley province,Turkana district,4.670133,35.711233,POINT (35.711233 4.670133),136512,Kenya,501,Africa,1,1,2011-05-03 00:00:00.000,2011-05-03 00:00:00.000,0,4,0,0,4,11,4,,
28738,ETH-2011-2-117-7,2011,1,Clear,2,5282,4672,Dassanetch - Turkana,5282,5282,Dassanetch - Turkana,713,713,Dassanetch,693,693,Turkana,-1,"All Africa 8/8-11, ""Eight Women Killed in Turkana By Merille Cattle Rustlers"", All Africa 9/8-11, ""Turkana Dead Tally Adds Up to Twenty"", All Africa 11/8-11, ""The Merille Are Still in the Country",,,,Villagers,1,Todenyang village,Todonyang Village,Rift Valley province,Turkana district,4.533333,35.933333,POINT (35.933333 4.533333),136512,Kenya,501,Africa,1,1,2011-08-07 00:00:00.000,2011-08-07 00:00:00.000,0,0,0,14,14,20,14,,
40823,KEN-2012-2-117-1,2012,0,Clear,2,5282,4672,Dassanetch - Turkana,5282,5282,Dassanetch - Turkana,713,713,Dassanetch,693,693,Turkana,-1,"The Star/All Africa 2012-07-04 ""500 Fishermen Flee Lake Turkana Due to Insecurity",,,,local official,5,Lake Turkana,"Lake Turkana, on the Kenya-Ethiopia border",Rift Valley province,Turkana district,3.620821,36.051335,POINT (36.051335 3.620821),135073,Kenya,501,Africa,2,3,2012-06-28 00:00:00.000,2012-07-04 00:00:00.000,0,3,0,3,6,6,6,,
153717,KEN-2014-2-117-0,2014,0,Clear,2,5282,4672,Dassanetch - Turkana,5282,5282,Dassanetch - Turkana,713,713,Dassanetch,693,693,Turkana,1,"""BBC Monitoring Africa,2014-01-24,Kenyan fisherman killed following attack by Ethiopian militia""",BBC Monitoring Africa,2014-01-24,Kenyan fisherman killed following attack by Ethiopian militia,Turkana North police boss Bernard Nyakwaka,5,Lake Turkana,Lake Turkana,Turkana county,,3.620821,36.051335,POINT (36.051335 3.620821),135073,Kenya,501,Africa,1,1,2014-01-23 00:00:00.000,2014-01-23 00:00:00.000,0,1,0,0,1,1,1,,
153970,KEN-2014-2-117-1,2014,0,Clear,2,5282,4672,Dassanetch - Turkana,5282,5282,Dassanetch - Turkana,713,713,Dassanetch,693,693,Turkana,1,"""Daily Nation,2014-02-10,Two Ethiopian raiders killed by reservists""",Daily Nation,2014-02-10,Two Ethiopian raiders killed by reservists,Turkana North police boss Bernard Nyakwaka,3,Turkana North constituency,Kokuro division in Turkana North sub-county,Turkana county,Turkana North constituency,4.000000,35.500000,POINT (35.5 4),135792,Kenya,501,Africa,1,2,2014-02-08 00:00:00.000,2014-02-09 00:00:00.000,2,0,0,0,2,2,2,,
260007,KEN-2018-2-5282-0,2018,0,Clear,2,5282,4672,Dassanetch - Turkana,5282,5282,Dassanetch - Turkana,713,713,Dassanetch,693,693,Turkana,1,"""The Star (Kenya),2018-07-12,Two fishermen killed by Merilee militia in Turkana""",The Star (Kenya),2018-07-12,Two fishermen killed by Merilee militia in Turkana,Deputy County commissioner Maurice Barasa,3,Turkana North constituency,Holigan village along the shores of Lake Turkana.,Turkana county,Turkana North constituency,4.000000,35.500000,POINT (35.5 4),135792,Kenya,501,Africa,1,1,2018-07-11 00:00:00.000,2018-07-11 00:00:00.000,0,2,0,0,2,2,2,,
43638,KEN-2008-2-121-1,2008,1,Clear,2,5286,4676,MDF - SLDF,5286,5286,MDF - SLDF,902,902,MDF,704,704,SLDF,-1,"HRW July 2008 ""All the men have  gone War Crimes in Kenyas Mt. Elgon Conflict"" p. 18",,,,.,3,Mt. Elgon district,Mt. Elgon district,Western province,Mt. Elgon district,0.950000,34.616667,POINT (34.616667 0.95),130750,Kenya,501,Africa,2,4,2008-01-01 00:00:00.000,2008-01-31 00:00:00.000,0,0,0,32,32,32,32,,
35777,ETH-2006-2-127-1,2006,1,Clear,2,5291,4681,"Nyangatom , Toposa - Turkana",5291,5291,"Nyangatom , Toposa - Turkana",3806,3806,"Nyangatom , Toposa",693,693,Turkana,-1,"http://www.cewarn.org/reports/updts/ken/jan-apr06.pdf, AP 19/1-06, All Africa 19/1-06, AP 2006-01-19 ""Battle between Ethiopian and Kenyan nomads leaves 38 people dead in northern Kenya",,,,"CEWARN, aid worker Lucas Ariong, Njenga Miiri, the district commissioner for Turkana and aid workers",2,Soya village,"Soya village (near the border with Sudan), Kibish location, Lokarmarinyang sub location, Turkana district, Rift Valley Province",Rift Valley province,Turkana district,5.041775,35.641494,POINT (35.641494 5.041775),137232,Kenya,501,Africa,1,1,2006-01-13 00:00:00.000,2006-01-13 00:00:00.000,50,8,0,0,58,58,58,,
37007,UGA-2005-2-133-1,2005,0,Clear,2,5297,4687,Pokot - Sabiny,5297,5297,Pokot - Sabiny,670,670,Pokot,681,681,Sabiny,-1,All Africa 29/8-05,,,,,3,Mt. Elgon district,Mt. Elgon district,Western province,Mt. Elgon district,0.950000,34.616667,POINT (34.616667 0.95),130750,Kenya,501,Africa,1,3,2005-08-05 00:00:00.000,2005-08-11 00:00:00.000,0,3,0,0,3,3,3,,
25431,SOM-2004-2-144-1,2004,1,Clear,2,5308,4698,Rer Ahmad subclan (Hawiye) - Hawarsame Rer Hasan and Habar Ya'qub subclan of Marehan clan (Darod),5308,5308,Rer Ahmad subclan (Hawiye) - Hawarsame Rer Hasan and Habar Ya'qub subclan of Marehan clan (Darod),683,683,Rer Ahmad subclan (Hawiye),684,684,Hawarsame Rer Hasan and Habar Ya'qub subclan of Marehan clan (Darod),-1,Reuters 11/5 2004,,,,,1,Mandera town,Mandera town,North Eastern province,Mandera district,3.936804,41.858383,POINT (41.858383 3.936804),135084,Kenya,501,Africa,1,1,2004-05-08 00:00:00.000,2004-05-08 00:00:00.000,0,0,0,7,7,7,7,,
25218,SOM-2004-2-144-2,2004,1,Clear,2,5308,4698,Rer Ahmad subclan (Hawiye) - Hawarsame Rer Hasan and Habar Ya'qub subclan of Marehan clan (Darod),5308,5308,Rer Ahmad subclan (Hawiye) - Hawarsame Rer Hasan and Habar Ya'qub subclan of Marehan clan (Darod),683,683,Rer Ahmad subclan (Hawiye),684,684,Hawarsame Rer Hasan and Habar Ya'qub subclan of Marehan clan (Darod),-1,"May 19, 2004 (The East African Standard",,,,,2,Komoro town,Komoro town (area),North Eastern province,Mandera district,3.842959,41.667417,POINT (41.667417 3.842959),135084,Kenya,501,Africa,1,1,2004-05-17 00:00:00.000,2004-05-17 00:00:00.000,0,0,0,3,3,3,3,,
43782,KEN-1993-2-150-1,1993,0,Clear,2,5313,4703,Toposa - Turkana,5313,5313,Toposa - Turkana,692,692,Toposa,693,693,Turkana,-1,Reuters 1993-07-10,,,,"""Police"" nothing more mentioned",3,Turkana district,Turkana district,Rift Valley province,Turkana district,3.000000,35.500000,POINT (35.5 3),134352,Kenya,501,Africa,1,1,1993-07-09 00:00:00.000,1993-07-09 00:00:00.000,4,3,0,0,7,7,7,,
43673,KEN-2004-2-150-1,2004,0,Clear,2,5313,4703,Toposa - Turkana,5313,5313,Toposa - Turkana,692,692,Toposa,693,693,Turkana,-1,"Peace Bulletin, A Newsletter of Intermediate Technology Development Group - Eastern Africa, Issue No. 4, May 2004",,,,,3,Turkana district,Turkana district,Rift Valley province,Turkana district,3.000000,35.500000,POINT (35.5 3),134352,Kenya,501,Africa,1,1,2004-04-15 00:00:00.000,2004-04-15 00:00:00.000,0,8,0,0,8,8,8,,
44129,KEN-2005-2-150-1,2005,0,Clear,2,5313,4703,Toposa - Turkana,5313,5313,Toposa - Turkana,692,692,Toposa,693,693,Turkana,-1,Cewarn Country Updates Jan-April 2005,,,,,2,Kaloposuk village,Kaloposuk village (Mogilla sub-location),Rift Valley province,Turkana district,4.475560,34.382780,POINT (34.38278 4.47556),135789,Kenya,501,Africa,1,1,2005-03-02 00:00:00.000,2005-03-02 00:00:00.000,0,0,0,9,9,9,9,,
43473,KEN-2008-2-150-5,2008,1,Clear,2,5313,4703,Toposa - Turkana,5313,5313,Toposa - Turkana,692,692,Toposa,693,693,Turkana,-1,"BBC Monitoring Africa 2008-05-30 ""Kenyan herdsmen kill 18 ""Sudanese raiders",,,,.,3,Turkana district,Turkana district,Rift Valley province,Turkana district,3.000000,35.500000,POINT (35.5 3),134352,Kenya,501,Africa,1,1,2008-05-30 00:00:00.000,2008-05-30 00:00:00.000,18,2,0,0,20,20,20,,
44128,KEN-2008-2-150-7,2008,1,Clear,2,5313,4703,Toposa - Turkana,5313,5313,Toposa - Turkana,692,692,Toposa,693,693,Turkana,-1,"Sudan Tribune 2008-09-10 ""South Sudan apologizes to Kenya over cattle attacks",,,,.,3,Turkana district,Turkana district (Lorau location),Rift Valley province,Turkana district,3.000000,35.500000,POINT (35.5 3),134352,Kenya,501,Africa,1,2,2008-08-24 00:00:00.000,2008-08-25 00:00:00.000,0,3,0,0,3,3,3,,
43347,KEN-2008-2-150-6,2008,1,Clear,2,5313,4703,Toposa - Turkana,5313,5313,Toposa - Turkana,692,692,Toposa,693,693,Turkana,-1,"Sudan Tribune 2008-09-10 ""South Sudan apologizes to Kenya over cattle attacks",,,,.,1,Mogila location,Mogila location,Rift Valley province,Turkana district,4.475556,34.382778,POINT (34.382778 4.475556),135789,Kenya,501,Africa,1,1,2008-08-29 00:00:00.000,2008-08-29 00:00:00.000,0,2,0,0,2,2,2,,
44183,KEN-2008-2-150-4,2008,1,Clear,2,5313,4703,Toposa - Turkana,5313,5313,Toposa - Turkana,692,692,Toposa,693,693,Turkana,-1,"Sudan Tribune 2008-08-31 ""Sudanese Toposa kill 8 Kenyan",,,,.,1,Lokichokio town,Lokichokio town,Rift Valley province,Turkana district,4.207113,34.363843,POINT (34.363843 4.207113),135789,Kenya,501,Africa,1,1,2008-08-31 00:00:00.000,2008-08-31 00:00:00.000,0,0,0,0,0,8,0,,
43687,KEN-2009-2-150-1,2009,0,Clear,2,5313,4703,Toposa - Turkana,5313,5313,Toposa - Turkana,692,692,Toposa,693,693,Turkana,-1,Kenyan privately-owned TV station NTV on 23 August in BBC Mon 24 Aug.,,,,residents,2,Lochore Engkalalio waterhole,Lochore Engkalalio,Rift Valley province,Turkana district,2.700000,34.833333,POINT (34.833333 2.7),133630,Kenya,501,Africa,1,1,2009-08-22 00:00:00.000,2009-08-22 00:00:00.000,0,10,0,0,10,10,10,,
44115,KEN-2009-2-150-2,2009,0,Clear,2,5313,4703,Toposa - Turkana,5313,5313,Toposa - Turkana,692,692,Toposa,693,693,Turkana,-1,"BBC Monitoring Middle East 2009-08-26 ""Ten killed, others injured following clashes in Kenyan-Sudanese border",,,,,1,Lokichokio town,Lokichokio town,Rift Valley province,Turkana district,4.207113,34.363843,POINT (34.363843 4.207113),135789,Kenya,501,Africa,1,1,2009-08-26 00:00:00.000,2009-08-26 00:00:00.000,0,0,0,10,10,10,10,,
43894,KEN-2010-2-150-1,2010,0,Clear,2,5313,4703,Toposa - Turkana,5313,5313,Toposa - Turkana,692,692,Toposa,693,693,Turkana,-1,"KENYA  Tracking of killings and displacement in Pastoral areas. OCHA Annual Review 2010"" referring to UNDSS Weekly Security Update February 2010, at http://reliefweb.int/sites/reliefweb.int/files/resources/9C18D2E8FB4F442CC1257808003B2038-Full_Report.pdf",,,,,2,Nadapal boarder post,"Nadapal boarder post (near), Turkana district",Rift Valley province,Turkana district,4.404953,34.284289,POINT (34.284289 4.404953),135789,Kenya,501,Africa,1,1,2010-02-04 00:00:00.000,2010-02-04 00:00:00.000,8,1,0,0,9,9,9,,
44187,KEN-2010-2-150-2,2010,0,Clear,2,5313,4703,Toposa - Turkana,5313,5313,Toposa - Turkana,692,692,Toposa,693,693,Turkana,-1,"KENYA  Tracking of killings and displacement in Pastoral areas. OCHA Annual Review 2010"" referring to UNDSS Weekly Security Update February 2010, at http://reliefweb.int/sites/reliefweb.int/files/resources/9C18D2E8FB4F442CC1257808003B2038-Full_Report.pdf",,,,,2,Lokichokio town,Lokichoggio town (northeast of),Rift Valley province,Turkana district,4.207113,34.363843,POINT (34.363843 4.207113),135789,Kenya,501,Africa,1,1,2010-09-29 00:00:00.000,2010-09-29 00:00:00.000,7,0,0,0,7,7,7,,
40729,KEN-2011-2-150-1,2011,1,Clear,2,5313,4703,Toposa - Turkana,5313,5313,Toposa - Turkana,692,692,Toposa,693,693,Turkana,-1,ARB June 2011 p. 18862,,,,Daily Nation,1,Koyasa village,Koyasa village in Turkana North,Rift Valley province,Turkana district,4.946052,35.511785,POINT (35.511785 4.946052),136512,Kenya,501,Africa,1,4,2011-01-01 00:00:00.000,2011-01-31 00:00:00.000,4,2,0,0,6,6,6,,
28766,SUD-2011-2-150-1,2011,1,Clear,2,5313,4703,Toposa - Turkana,5313,5313,Toposa - Turkana,692,692,Toposa,693,693,Turkana,-1,"All Africa 2011-06-15 ""Locals Feared Dead in Raid On South Sudan",,,,,3,Turkana district,Turkana North District (a village in Turkana North District),Rift Valley province,Turkana district,3.000000,35.500000,POINT (35.5 3),134352,Kenya,501,Africa,2,5,2011-01-01 00:00:00.000,2011-06-11 00:00:00.000,0,0,0,6,6,6,6,,
40730,KEN-2011-2-150-2,2011,1,Clear,2,5313,4703,Toposa - Turkana,5313,5313,Toposa - Turkana,692,692,Toposa,693,693,Turkana,-1,"Agence France Presse 15 June 2011 ""Nine Kenyans die in clashes at Sudan border: police""; ARB June 2011 p. 18862",,,,police officer,3,Turkana district,"Lorus village, at a remote border",Rift Valley province,Turkana district,3.000000,35.500000,POINT (35.5 3),134352,Kenya,501,Africa,1,1,2011-06-06 00:00:00.000,2011-06-06 00:00:00.000,0,9,0,0,9,9,9,,
40732,KEN-2011-2-150-3,2011,1,Clear,2,5313,4703,Toposa - Turkana,5313,5313,Toposa - Turkana,692,692,Toposa,693,693,Turkana,-1,ARB June 2011 p. 18862,,,,DC Jack Obuo,2,Loruth location,"Kaemongor village in Kaaling division Loruth Location, Turkana North",Rift Valley province,Turkana district,4.620000,35.800000,POINT (35.8 4.62),136512,Kenya,501,Africa,1,1,2011-06-17 00:00:00.000,2011-06-17 00:00:00.000,0,0,0,11,11,11,11,,
244556,SUD-2017-2-5313-0,2017,0,Clear,2,5313,4703,Toposa - Turkana,5313,5313,Toposa - Turkana,692,692,Toposa,693,693,Turkana,3,"""Agence France Presse,2017-10-14,At least 6 killed in northern Kenya school raid"";""The Star (Kenya),2017-10-14,Mob stones, burns body of suspect in Turkana school killings"";""Gulf Times,2017-10-14,Six killed in ambush on Kenyan school by a former pupil""",Agence France Presse;The Star (Kenya);Gulf Times,2017-10-14;2017-10-14;2017-10-14,"At least 6 killed in northern Kenya school raid;Mob stones, burns body of suspect in Turkana school killings;Six killed in ambush on Kenyan school by a former pupil","County commissioner, Police chief Nyabuto",1,Lokichokio village,in Lokichogio,Turkana county,Turkana West constituency,4.207710,34.353780,POINT (34.35378 4.20771),135789,Kenya,501,Africa,1,1,2017-10-14 00:00:00.000,2017-10-14 00:00:00.000,0,0,0,7,7,7,7,,
244703,SUD-2017-2-5313-1,2017,0,Clear,2,5313,4703,Toposa - Turkana,5313,5313,Toposa - Turkana,692,692,Toposa,693,693,Turkana,1,"""Agence France Presse,2017-10-14,Suspect lynched after deadly school attack in Kenya""",Agence France Presse,2017-10-14,Suspect lynched after deadly school attack in Kenya,"Seif Matata, Turkana county's commissioner",4,Turkana county,Kakuma,Turkana county,,3.200000,35.466667,POINT (35.466667 3.2),134351,Kenya,501,Africa,1,1,2017-10-14 00:00:00.000,2017-10-14 00:00:00.000,0,0,0,0,0,1,0,,
44221,KEN-1995-2-151-1,1995,1,Clear,2,5314,4704,Pokot - Turkana,5314,5314,Pokot - Turkana,670,670,Pokot,693,693,Turkana,-1,Reuters 1995-12-06,,,,not reported,3,Samburu district,Samburu district,Rift Valley province,Samburu district,1.250000,37.000000,POINT (37 1.25),131475,Kenya,501,Africa,2,2,1995-12-01 00:00:00.000,1995-12-05 00:00:00.000,0,0,0,44,44,44,44,,
43531,UGA-1999-2-5314-0,1999,1,Clear,2,5314,4704,Pokot - Turkana,5314,5314,Pokot - Turkana,670,670,Pokot,693,693,Turkana,3,"""Reuters News,1999-03-08,Cattle rustlers kill 36 in northwest Kenya."";""BBC Monitoring Africa - Political,1999-03-08,Security said restored in northwest after tribal violence."";""Reuters News,1999-03-08,PRESS DIGEST - East Africa - March 8.""",Reuters News;BBC Monitoring Africa - Political;Reuters News,1999-03-08;1999-03-08;1999-03-08,Cattle rustlers kill 36 in northwest Kenya.;Security said restored in northwest after tribal violence.;PRESS DIGEST - East Africa - March 8.,Daily Nation,3,Turkana district,Arurum [phonetic] and Kaputir areas Turkana settlements,Rift Valley province,Turkana district,3.000000,35.500000,POINT (35.5 3),134352,Kenya,501,Africa,1,1,1999-03-05 00:00:00.000,1999-03-05 00:00:00.000,14,16,0,5,35,35,35,,
44066,KEN-1999-2-151-1.1,1999,1,Clear,2,5314,4704,Pokot - Turkana,5314,5314,Pokot - Turkana,670,670,Pokot,693,693,Turkana,-1,"Reuters1999-03-08; The East African, March 19, 1999; The Nation 1999-03-31; ARB March 1999",,,,The Nation newspaper and others,5,Turkana-Pokot border,Turkana - Pokot border,Rift Valley province,,2.066667,35.466667,POINT (35.466667 2.066667),132911,Kenya,501,Africa,2,4,1999-03-05 00:00:00.000,1999-03-31 00:00:00.000,15,0,0,85,100,100,39,,
43670,KEN-1999-2-151-2,1999,1,Clear,2,5314,4704,Pokot - Turkana,5314,5314,Pokot - Turkana,670,670,Pokot,693,693,Turkana,-1,Reuters 1999-06-26,,,,witnesses; newspapers; police,4,Rift Valley province,Rift Valley province,Rift Valley province,,0.500000,36.000000,POINT (36 0.5),130753,Kenya,501,Africa,2,2,1999-06-22 00:00:00.000,1999-06-26 00:00:00.000,2,13,0,0,15,15,15,,
44360,KEN-2000-2-151-1,2000,0,Clear,2,5314,4704,Pokot - Turkana,5314,5314,Pokot - Turkana,670,670,Pokot,693,693,Turkana,-1,"East African Standard website on 2000-04-03, in BBC",,,,,3,Baringo district,Baringo district,Rift Valley province,Baringo district,0.666667,36.000000,POINT (36 0.666667),130753,Kenya,501,Africa,1,1,2000-03-30 00:00:00.000,2000-03-30 00:00:00.000,2,0,0,0,2,2,2,,
43892,KEN-2000-2-151-2,2000,0,Clear,2,5314,4704,Pokot - Turkana,5314,5314,Pokot - Turkana,670,670,Pokot,693,693,Turkana,-1,"East African Standard website on 2000-04-03, in BBC",,,,police,2,Kapedo town,Kapedo town (near),Rift Valley province,Baringo district,1.166667,36.100000,POINT (36.1 1.166667),131473,Kenya,501,Africa,1,1,2000-04-02 00:00:00.000,2000-04-02 00:00:00.000,0,11,0,0,11,11,11,,
43771,KEN-2005-2-151-1,2005,1,Clear,2,5314,4704,Pokot - Turkana,5314,5314,Pokot - Turkana,670,670,Pokot,693,693,Turkana,-1,Cewarn Country Updates Jan-April 2005,,,,,1,Kainuk town,Kainuk location,Rift Valley province,Turkana district,1.774422,35.500639,POINT (35.500639 1.774422),132192,Kenya,501,Africa,1,1,2005-01-22 00:00:00.000,2005-01-22 00:00:00.000,23,5,0,0,28,28,28,,
44151,KEN-2006-2-151-5,2006,1,Clear,2,5314,4704,Pokot - Turkana,5314,5314,Pokot - Turkana,670,670,Pokot,693,693,Turkana,-1,CEWARN country update may-aug 06,,,,,3,West Pokot district,West Pokot district (Chepararia division),Rift Valley province,West Pokot district,1.416667,35.250000,POINT (35.25 1.416667),131471,Kenya,501,Africa,1,1,2006-07-31 00:00:00.000,2006-07-31 00:00:00.000,1,3,0,0,4,4,4,,
43791,KEN-2006-2-151-1,2006,1,Clear,2,5314,4704,Pokot - Turkana,5314,5314,Pokot - Turkana,670,670,Pokot,693,693,Turkana,-1,"AFP 2006-09-21 ""Kenyan tribal raiders kill two pupils taking a shower",,,,police,3,Turkana district,Turkana district,Rift Valley province,Turkana district,3.000000,35.500000,POINT (35.5 3),134352,Kenya,501,Africa,1,1,2006-09-21 00:00:00.000,2006-09-21 00:00:00.000,0,0,0,2,2,2,2,,
44122,KEN-2006-2-151-3,2006,1,Clear,2,5314,4704,Pokot - Turkana,5314,5314,Pokot - Turkana,670,670,Pokot,693,693,Turkana,-1,"AFP 2006-12-14 ""At least 13 killed in northern Kenya cattle raid"" AND BBC Monitoring Africa 2006-12-15 ""Bandits kill 19 in northwestern Kenya""  CEWARN country update sep-dec 06",,,,police,3,Turkana district,Turkana district (Lorengippi town),Rift Valley province,Turkana district,3.000000,35.500000,POINT (35.5 3),134352,Kenya,501,Africa,1,1,2006-12-13 00:00:00.000,2006-12-13 00:00:00.000,0,0,0,14,14,19,13,,
43847,KEN-2006-2-151-4,2006,1,Clear,2,5314,4704,Pokot - Turkana,5314,5314,Pokot - Turkana,670,670,Pokot,693,693,Turkana,-1,"AFP 2006-12-29 ""At least 11 killed in northern Kenya cattle raid: police",,,,.,3,Turkana district,Turkana district,Rift Valley province,Turkana district,3.000000,35.500000,POINT (35.5 3),134352,Kenya,501,Africa,1,1,2006-12-29 00:00:00.000,2006-12-29 00:00:00.000,0,0,0,11,11,11,11,,
44088,UGA-2007-2-5314-0,2007,1,Clear,2,5314,4704,Pokot - Turkana,5314,5314,Pokot - Turkana,670,670,Pokot,693,693,Turkana,1,"""All Africa,2007-05-02,Rustlers Kill 22 in Night Attack""",All Africa,2007-05-02,Rustlers Kill 22 in Night Attack,,2,Lokwamosing area,"Loko (Lokwamusing Sub-Location, Lochakula Location, Lokori Division, Turkana south)",Rift Valley province,Turkana district,2.002210,35.939580,POINT (35.93958 2.00221),132912,Kenya,501,Africa,1,1,2007-04-30 00:00:00.000,2007-04-30 00:00:00.000,0,0,0,14,14,14,14,,
44143,KEN-2007-2-151-2,2007,1,Clear,2,5314,4704,Pokot - Turkana,5314,5314,Pokot - Turkana,670,670,Pokot,693,693,Turkana,-1,"CEWARN country update Kenya, Kenyan side of Karamojan cluster, may-aug 07",,,,,2,Loko,"Loko (Nakoria sublocation of Katili location, Lokori Division, Turkana South)",Rift Valley province,Turkana district,1.915869,36.003683,POINT (36.0036833 1.9158694),132193,Kenya,501,Africa,1,1,2007-07-22 00:00:00.000,2007-07-22 00:00:00.000,0,0,0,13,13,13,13,,
43996,KEN-2008-2-151-6,2008,1,Clear,2,5314,4704,Pokot - Turkana,5314,5314,Pokot - Turkana,670,670,Pokot,693,693,Turkana,-1,"CEWARN, ""Alert Kenya Turkana District April 2, 2008",,,,,2,Loko,"Loko (Nawoiarengan area, Katilia location along Lokori and Lomelo corridors)",Rift Valley province,Turkana district,1.915869,36.003683,POINT (36.0036833 1.9158694),132193,Kenya,501,Africa,1,4,2008-02-01 00:00:00.000,2008-02-28 00:00:00.000,8,1,0,0,9,9,9,,
43550,KEN-2008-2-151-4,2008,1,Clear,2,5314,4704,Pokot - Turkana,5314,5314,Pokot - Turkana,670,670,Pokot,693,693,Turkana,-1,"CEWARN, ""Alert Kenya Turkana District April 2, 2008",,,,,2,Kasei,Kasei (Katilu) village,Rift Valley province,West Pokot district,1.966667,35.200000,POINT (35.2 1.966667),132191,Kenya,501,Africa,1,1,2008-02-18 00:00:00.000,2008-02-18 00:00:00.000,0,1,0,0,1,1,1,,
43993,KEN-2008-2-151-5,2008,1,Clear,2,5314,4704,Pokot - Turkana,5314,5314,Pokot - Turkana,670,670,Pokot,693,693,Turkana,-1,"CEWARN, ""Alert Kenya Turkana District April 2, 2008",,,,,1,Kaputir locality,"Kaputir village (Kapelibok in Kaputir, Kasei division, West Pokot district)",Rift Valley province,Turkana district,2.076558,35.455778,POINT (35.455778 2.076558),132911,Kenya,501,Africa,1,1,2008-02-22 00:00:00.000,2008-02-22 00:00:00.000,1,0,0,0,1,1,1,,
43806,KEN-2008-2-151-7,2008,1,Clear,2,5314,4704,Pokot - Turkana,5314,5314,Pokot - Turkana,670,670,Pokot,693,693,Turkana,-1,http://www.rossmcdonnell.com/images/turkanaessay.pdf,,,,,1,Kakong village,"Kakong village, Kainuk division, Turkana district,",Rift Valley province,Turkana district,2.027986,35.527714,POINT (35.527714 2.027986),132912,Kenya,501,Africa,1,4,2008-04-01 00:00:00.000,2008-04-30 00:00:00.000,0,1,0,0,1,1,1,,
43783,KEN-2008-2-151-1,2008,1,Clear,2,5314,4704,Pokot - Turkana,5314,5314,Pokot - Turkana,670,670,Pokot,693,693,Turkana,-1,"All Africa 2008-08-05 ""Church Plans Peace Rallies After 70 are Killed in Attack""  AND BBC Monitoring Africa 2008-08-05 ""Death toll in Kenya's cattle raid attack climbs to 74"" AND BBC Monitoring Africa 2008-08-01 ""Over 30 feared killed in northern Kenya cattle raid",,,,.,3,Turkana district,Turkana district,Rift Valley province,Turkana district,3.000000,35.500000,POINT (35.5 3),134352,Kenya,501,Africa,1,3,2008-07-30 00:00:00.000,2008-08-05 00:00:00.000,0,0,0,74,74,74,74,,
44161,KEN-2008-2-151-3,2008,1,Clear,2,5314,4704,Pokot - Turkana,5314,5314,Pokot - Turkana,670,670,Pokot,693,693,Turkana,-1,"All Africa 2008-09-04 ""Two Killed As Raiders Steal Cattle",,,,.,1,Kotaruk village,Kotaruk village,Rift Valley province,Turkana district,3.183333,34.483333,POINT (34.483333 3.183333),134349,Kenya,501,Africa,1,1,2008-09-03 00:00:00.000,2008-09-03 00:00:00.000,0,0,0,2,2,2,2,,
43669,KEN-2009-2-151-1,2009,0,Clear,2,5314,4704,Pokot - Turkana,5314,5314,Pokot - Turkana,670,670,Pokot,693,693,Turkana,-1,The Nation/All Africa Global Media via COMTEX 2009-07-16,,,,"Trans Nzoia police boss, Mr Bernard Muli",3,Trans Nzoia district,Trans Nzoia district,Rift Valley province,Trans Nzoia district,1.016667,35.000000,POINT (35 1.016667),131471,Kenya,501,Africa,1,1,2009-07-16 00:00:00.000,2009-07-16 00:00:00.000,0,1,0,0,1,1,1,,
44158,KEN-2009-2-151-3,2009,0,Clear,2,5314,4704,Pokot - Turkana,5314,5314,Pokot - Turkana,670,670,Pokot,693,693,Turkana,-1,ARB Aug. 2009,,,,District Commissioner Joseph Kanyiri,3,Turkana district,Turkana district (Kalemngorok town ),Rift Valley province,Turkana district,3.000000,35.500000,POINT (35.5 3),134352,Kenya,501,Africa,1,1,2009-08-11 00:00:00.000,2009-08-11 00:00:00.000,0,0,0,16,16,16,16,,
43890,KEN-2010-2-151-1,2010,1,Clear,2,5314,4704,Pokot - Turkana,5314,5314,Pokot - Turkana,670,670,Pokot,693,693,Turkana,-1,"KENYA  Tracking of killings and displacement in Pastoral areas, OCHA Annual Review"", at http://reliefweb.int/sites/reliefweb.int/files/resources/9C18D2E8FB4F442CC1257808003B2038-Full_Report.pdf",,,,"NSC/ CEWARN Conflict Updates, Issue No.3 of 2010: Released on 8 February 2010",1,Kakong village,"Kakong village, Kainuk division, Turkana district,",Rift Valley province,Turkana district,2.027986,35.527714,POINT (35.527714 2.027986),132912,Kenya,501,Africa,1,4,2010-01-01 00:00:00.000,2010-01-31 00:00:00.000,0,2,0,0,2,2,2,,
43790,KEN-2010-2-151-4,2010,1,Clear,2,5314,4704,Pokot - Turkana,5314,5314,Pokot - Turkana,670,670,Pokot,693,693,Turkana,-1,"KENYA  Tracking of killings and displacement in Pastoral areas, OCHA Annual Review"", at http://reliefweb.int/sites/reliefweb.int/files/resources/9C18D2E8FB4F442CC1257808003B2038-Full_Report.pdf",,,,"NSC/ CEWARN Conflict Updates, Issue No.3 of 2010: Released on 8 February 2010",2,Kainuk town,"Kainuk trading center (5 km from), Kainuk division, Turkana district, Rift Valley Province",Rift Valley province,Turkana district,1.774422,35.500639,POINT (35.500639 1.774422),132192,Kenya,501,Africa,1,1,2010-03-10 00:00:00.000,2010-03-10 00:00:00.000,0,2,0,0,2,2,2,,
44201,KEN-2010-2-151-3,2010,1,Clear,2,5314,4704,Pokot - Turkana,5314,5314,Pokot - Turkana,670,670,Pokot,693,693,Turkana,-1,"KENYA  Tracking of killings and displacement in Pastoral areas, OCHA Annual Review"", at http://reliefweb.int/sites/reliefweb.int/files/resources/9C18D2E8FB4F442CC1257808003B2038-Full_Report.pdf",,,,"NSC/ CEWARN Conflict Updates, Issue No.3 of 2010: Released on 8 February 2010",2,Kainuk town,"Loyapat (near Kainuk), Kainuk Division, Turkana district, Rift Valley province",Rift Valley province,Turkana district,1.774422,35.500639,POINT (35.500639 1.774422),132192,Kenya,501,Africa,1,1,2010-03-10 00:00:00.000,2010-03-10 00:00:00.000,0,1,0,0,1,1,1,,
43984,KEN-2010-2-151-5,2010,1,Clear,2,5314,4704,Pokot - Turkana,5314,5314,Pokot - Turkana,670,670,Pokot,693,693,Turkana,-1,"KENYA  Tracking of killings and displacement in Pastoral areas, OCHA Annual Review"", at http://reliefweb.int/sites/reliefweb.int/files/resources/9C18D2E8FB4F442CC1257808003B2038-Full_Report.pdf",,,,"NSC/ CEWARN Conflict Updates, Issue No.3 of 2010: Released on 8 February 2010",1,Oropoi village,"Oropoi village, Turkana district, Rift valley province",Rift Valley province,Turkana district,3.783506,34.231842,POINT (34.231842 3.783506),135069,Kenya,501,Africa,1,1,2010-03-15 00:00:00.000,2010-03-15 00:00:00.000,0,2,0,0,2,2,2,,
43877,KEN-2010-2-151-2,2010,1,Clear,2,5314,4704,Pokot - Turkana,5314,5314,Pokot - Turkana,670,670,Pokot,693,693,Turkana,-1,"KENYA  Tracking of killings and displacement in Pastoral areas, OCHA Annual Review"", at http://reliefweb.int/sites/reliefweb.int/files/resources/9C18D2E8FB4F442CC1257808003B2038-Full_Report.pdf",,,,"NSC/ CEWARN Conflict Updates, Issue No.3 of 2010: Released on 8 February 2010",2,Katilia area,"Katilia area, Lokori division, Turkana district, Rift Valley province",Rift Valley province,Turkana district,2.117361,36.116572,POINT (36.116572 2.117361),132913,Kenya,501,Africa,1,1,2010-03-26 00:00:00.000,2010-03-26 00:00:00.000,0,5,0,0,5,5,5,,
44165,KEN-2010-2-151-9,2010,1,Clear,2,5314,4704,Pokot - Turkana,5314,5314,Pokot - Turkana,670,670,Pokot,693,693,Turkana,-1,"KENYA  Tracking of killings and displacement in Pastoral areas, OCHA Annual Review"", at http://reliefweb.int/sites/reliefweb.int/files/resources/9C18D2E8FB4F442CC1257808003B2038-Full_Report.pdf",,,,"NSC/ CEWARN Conflict Updates, Issue No.3 of 2010: Released on 8 February 2010",3,Turkana district,"Turkana district, Rift Valley province",Rift Valley province,Turkana district,3.000000,35.500000,POINT (35.5 3),134352,Kenya,501,Africa,1,1,2010-07-02 00:00:00.000,2010-07-02 00:00:00.000,2,0,0,0,2,2,2,,
44060,KEN-2010-2-151-7,2010,1,Clear,2,5314,4704,Pokot - Turkana,5314,5314,Pokot - Turkana,670,670,Pokot,693,693,Turkana,-1,"KENYA  Tracking of killings and displacement in Pastoral areas, OCHA Annual Review"", at http://reliefweb.int/sites/reliefweb.int/files/resources/9C18D2E8FB4F442CC1257808003B2038-Full_Report.pdf",,,,"NSC/ CEWARN Conflict Updates, Issue No.3 of 2010: Released on 8 February 2010",2,Kainuk town,"Kainuk division, Turkana district, Rift Valley Province",Rift Valley province,Turkana district,1.774422,35.500639,POINT (35.500639 1.774422),132192,Kenya,501,Africa,1,1,2010-07-05 00:00:00.000,2010-07-05 00:00:00.000,0,3,0,0,3,3,3,,
43399,KEN-2010-2-151-8,2010,1,Clear,2,5314,4704,Pokot - Turkana,5314,5314,Pokot - Turkana,670,670,Pokot,693,693,Turkana,-1,"KENYA  Tracking of killings and displacement in Pastoral areas, OCHA Annual Review"", at http://reliefweb.int/sites/reliefweb.int/files/resources/9C18D2E8FB4F442CC1257808003B2038-Full_Report.pdf",,,,"NSC/ CEWARN Conflict Updates, Issue No.3 of 2010: Released on 8 February 2010",2,Loima division,"Loima division, Turkana district",Rift Valley province,Turkana district,2.800000,35.000000,POINT (35 2.8),133631,Kenya,501,Africa,1,1,2010-07-05 00:00:00.000,2010-07-05 00:00:00.000,0,1,0,0,1,1,1,,
44104,KEN-2010-2-151-6,2010,1,Clear,2,5314,4704,Pokot - Turkana,5314,5314,Pokot - Turkana,670,670,Pokot,693,693,Turkana,-1,"KENYA  Tracking of killings and displacement in Pastoral areas, OCHA Annual Review"", at http://reliefweb.int/sites/reliefweb.int/files/resources/9C18D2E8FB4F442CC1257808003B2038-Full_Report.pdf",,,,"NSC/ CEWARN Conflict Updates, Issue No.3 of 2010: Released on 8 February 2010",2,Kainuk town,"Kainuk division, Turkana district, Rift Valley Province",Rift Valley province,Turkana district,1.774422,35.500639,POINT (35.500639 1.774422),132192,Kenya,501,Africa,1,1,2010-07-12 00:00:00.000,2010-07-12 00:00:00.000,0,1,0,0,1,1,1,,
43536,KEN-2010-2-151-11,2010,1,Clear,2,5314,4704,Pokot - Turkana,5314,5314,Pokot - Turkana,670,670,Pokot,693,693,Turkana,-1,"KENYA  Tracking of killings and displacement in Pastoral areas, OCHA Annual Review"", at http://reliefweb.int/sites/reliefweb.int/files/resources/9C18D2E8FB4F442CC1257808003B2038-Full_Report.pdf",,,,"NSC/ CEWARN Conflict Updates, Issue No.3 of 2010: Released on 8 February 2010",3,Turkana district,"Turkana district, Rift Valley province",Rift Valley province,Turkana district,3.000000,35.500000,POINT (35.5 3),134352,Kenya,501,Africa,1,1,2010-08-17 00:00:00.000,2010-08-17 00:00:00.000,0,7,0,0,7,7,7,,
43899,KEN-2010-2-151-10,2010,1,Clear,2,5314,4704,Pokot - Turkana,5314,5314,Pokot - Turkana,670,670,Pokot,693,693,Turkana,-1,"KENYA  Tracking of killings and displacement in Pastoral areas, OCHA Annual Review"", at http://reliefweb.int/sites/reliefweb.int/files/resources/9C18D2E8FB4F442CC1257808003B2038-Full_Report.pdf",,,,"NSC/ CEWARN Conflict Updates, Issue No.3 of 2010: Released on 8 February 2010",2,Kainuk town,"Kainuk division, Turkana district, Rift Valley Province",Rift Valley province,Turkana district,1.774422,35.500639,POINT (35.500639 1.774422),132192,Kenya,501,Africa,1,1,2010-08-25 00:00:00.000,2010-08-25 00:00:00.000,10,1,0,0,11,11,11,,
44042,KEN-2010-2-151-14,2010,1,Clear,2,5314,4704,Pokot - Turkana,5314,5314,Pokot - Turkana,670,670,Pokot,693,693,Turkana,-1,"KENYA  Tracking of killings and displacement in Pastoral areas, OCHA Annual Review"", at http://reliefweb.int/sites/reliefweb.int/files/resources/9C18D2E8FB4F442CC1257808003B2038-Full_Report.pdf",,,,"NSC/ CEWARN Conflict Updates, Issue No.3 of 2010: Released on 8 February 2010",3,Turkana district,"Lokori division, Turkana district, Rift Valley Province",Rift Valley province,Turkana district,3.000000,35.500000,POINT (35.5 3),134352,Kenya,501,Africa,1,1,2010-09-09 00:00:00.000,2010-09-09 00:00:00.000,1,0,0,0,1,1,1,,
44412,KEN-2010-2-151-13,2010,1,Clear,2,5314,4704,Pokot - Turkana,5314,5314,Pokot - Turkana,670,670,Pokot,693,693,Turkana,-1,"KENYA  Tracking of killings and displacement in Pastoral areas, OCHA Annual Review"", at http://reliefweb.int/sites/reliefweb.int/files/resources/9C18D2E8FB4F442CC1257808003B2038-Full_Report.pdf",,,,"NSC/ CEWARN Conflict Updates, Issue No.3 of 2010: Released on 8 February 2010",3,Turkana district,"Koturak area, Turkwel division",Rift Valley province,Turkana district,3.000000,35.500000,POINT (35.5 3),134352,Kenya,501,Africa,1,1,2010-09-17 00:00:00.000,2010-09-17 00:00:00.000,0,1,0,0,1,1,1,,
44172,KEN-2010-2-151-12,2010,1,Clear,2,5314,4704,Pokot - Turkana,5314,5314,Pokot - Turkana,670,670,Pokot,693,693,Turkana,-1,"KENYA  Tracking of killings and displacement in Pastoral areas, OCHA Annual Review"", at http://reliefweb.int/sites/reliefweb.int/files/resources/9C18D2E8FB4F442CC1257808003B2038-Full_Report.pdf",,,,"NSC/ CEWARN Conflict Updates, Issue No.3 of 2010: Released on 8 February 2010",1,Kakong village,"Kakong village, Kainuk division, Turkana district,",Rift Valley province,Turkana district,2.027986,35.527714,POINT (35.527714 2.027986),132912,Kenya,501,Africa,1,1,2010-09-25 00:00:00.000,2010-09-25 00:00:00.000,0,3,0,0,3,3,3,,
43845,KEN-2010-2-151-15,2010,1,Clear,2,5314,4704,Pokot - Turkana,5314,5314,Pokot - Turkana,670,670,Pokot,693,693,Turkana,-1,"KENYA  Tracking of killings and displacement in Pastoral areas, OCHA Annual Review"", at http://reliefweb.int/sites/reliefweb.int/files/resources/9C18D2E8FB4F442CC1257808003B2038-Full_Report.pdf",,,,"NSC/ CEWARN Conflict Updates, Issue No.3 of 2010: Released on 8 February 2010",3,West Pokot district,"Loyapat (Nawaiyapong (between), West Pokot district, Rift Valley province)",Rift Valley province,West Pokot district,1.416667,35.250000,POINT (35.25 1.416667),131471,Kenya,501,Africa,1,1,2010-10-13 00:00:00.000,2010-10-13 00:00:00.000,0,0,0,0,0,1,0,,
43855,KEN-2010-2-151-16,2010,1,Clear,2,5314,4704,Pokot - Turkana,5314,5314,Pokot - Turkana,670,670,Pokot,693,693,Turkana,-1,"KENYA  Tracking of killings and displacement in Pastoral areas, OCHA Annual Review"", at http://reliefweb.int/sites/reliefweb.int/files/resources/9C18D2E8FB4F442CC1257808003B2038-Full_Report.pdf",,,,"NSC/ CEWARN Conflict Updates, Issue No.3 of 2010: Released on 8 February 2010",1,Napeitom village,"Napeitom village, Turkana district, Rift valley Province",Rift Valley province,Turkana district,1.730744,36.040347,POINT (36.040347 1.730744),132193,Kenya,501,Africa,1,1,2010-11-11 00:00:00.000,2010-11-11 00:00:00.000,0,6,0,0,6,6,6,,
43396,KEN-2010-2-151-17,2010,1,Clear,2,5314,4704,Pokot - Turkana,5314,5314,Pokot - Turkana,670,670,Pokot,693,693,Turkana,-1,"KENYA  Tracking of killings and displacement in Pastoral areas, OCHA Annual Review"", at http://reliefweb.int/sites/reliefweb.int/files/resources/9C18D2E8FB4F442CC1257808003B2038-Full_Report.pdf",,,,"NSC/ CEWARN Conflict Updates, Issue No.3 of 2010: Released on 8 February 2010",3,Turkana district,"Lokori division, Turkana district, Rift Valley Province",Rift Valley province,Turkana district,3.000000,35.500000,POINT (35.5 3),134352,Kenya,501,Africa,1,1,2010-11-15 00:00:00.000,2010-11-15 00:00:00.000,0,2,0,0,2,2,2,,
43403,KEN-2010-2-151-18,2010,1,Clear,2,5314,4704,Pokot - Turkana,5314,5314,Pokot - Turkana,670,670,Pokot,693,693,Turkana,-1,"KENYA  Tracking of killings and displacement in Pastoral areas, OCHA Annual Review"", at http://reliefweb.int/sites/reliefweb.int/files/resources/9C18D2E8FB4F442CC1257808003B2038-Full_Report.pdf",,,,"NSC/ CEWARN Conflict Updates, Issue No.3 of 2010: Released on 8 February 2010",1,Marich Pass,"Marich Pass, West Pokot district, Rift Valley Province",Rift Valley province,West Pokot district,1.543222,35.456922,POINT (35.456922 1.543222),132191,Kenya,501,Africa,1,1,2010-11-25 00:00:00.000,2010-11-25 00:00:00.000,5,0,0,0,5,5,5,,
40738,KEN-2011-2-151-100,2011,0,Clear,2,5314,4704,Pokot - Turkana,5314,5314,Pokot - Turkana,670,670,Pokot,693,693,Turkana,-1,"National Steering Committee for Peace-building and Conflict Management (NSC), 2011-06-07 ""Peace and Conflict Updates"" issue 1 (p. 4)",,,,,1,Lomelo village,Lomelo village in East Pokot District,Rift Valley province,Baringo district,1.500000,35.916670,POINT (35.91667 1.5),132192,Kenya,501,Africa,1,1,2011-05-25 00:00:00.000,2011-05-25 00:00:00.000,0,5,0,0,5,5,5,,
40739,KEN-2011-2-151-102,2011,0,Clear,2,5314,4704,Pokot - Turkana,5314,5314,Pokot - Turkana,670,670,Pokot,693,693,Turkana,-1,"The Standard/BBC 28 May 2011 ""Nine people said killed in cattle raid in northwestern Kenya""; National Steering Committee for Peace-building and Conflict Management (NSC), 2011-06-07 ""Peace and Conflict Updates"" issue 1 (p. 5)",,,,"officials, residents",2,Loima division,"Loima District, Turkana County [northwestern Kenya]",Rift Valley province,Turkana district,2.800000,35.000000,POINT (35 2.8),133631,Kenya,501,Africa,1,1,2011-05-27 00:00:00.000,2011-05-27 00:00:00.000,0,5,0,0,5,5,5,,
40740,KEN-2011-2-151-3,2011,0,Clear,2,5314,4704,Pokot - Turkana,5314,5314,Pokot - Turkana,670,670,Pokot,693,693,Turkana,-1,"The Standard/BBC 28 May 2011 ""Nine people said killed in cattle raid in northwestern Kenya""; National Steering Committee for Peace-building and Conflict Management (NSC), 2011-06-07 ""Peace and Conflict Updates"" issue 1 (p. 5)",,,,"officials, residents",1,Kotaruk village,"Kotaruk location in Loima District, Turkana County [northwestern Kenya]",Rift Valley province,Turkana district,3.183333,34.483333,POINT (34.483333 3.183333),134349,Kenya,501,Africa,1,1,2011-05-27 00:00:00.000,2011-05-27 00:00:00.000,0,6,0,0,6,6,6,,
40810,KEN-2012-2-151-1,2012,0,Clear,2,5314,4704,Pokot - Turkana,5314,5314,Pokot - Turkana,670,670,Pokot,693,693,Turkana,-1,"Daily Nation 2012-03-26 through BBC ""Eight said killed by cattle rustlers in northwestern Kenya",,,,police,3,Turkana district,Kapelipok village in Turkana South District,Rift Valley province,Turkana district,3.000000,35.500000,POINT (35.5 3),134352,Kenya,501,Africa,1,2,2012-03-23 00:00:00.000,2012-03-25 00:00:00.000,0,6,0,1,7,7,7,,
40811,KEN-2012-2-151-2,2012,0,Clear,2,5314,4704,Pokot - Turkana,5314,5314,Pokot - Turkana,670,670,Pokot,693,693,Turkana,-1,"Daily Nation 2012-03-26 through BBC ""Eight said killed by cattle rustlers in northwestern Kenya",,,,police,1,Kotaruk village,Kotaruk in Loima District,Rift Valley province,Turkana district,3.183333,34.483333,POINT (34.483333 3.183333),134349,Kenya,501,Africa,1,2,2012-03-23 00:00:00.000,2012-03-25 00:00:00.000,0,1,0,0,1,1,1,,
62637,UGA-2013-2-151-0,2013,1,Clear,2,5314,4704,Pokot - Turkana,5314,5314,Pokot - Turkana,670,670,Pokot,693,693,Turkana,5,"""Agence France Presse,2013-02-08,Seven killed in Kenya cattle raid: police"";""NTV Kenya,2013-02-09,News : 6 killed in Turkana cattle raid"";""All Africa,2013-02-11,Nine Killed in Turkana Village Raid"";""All Africa,2013-02-12,Bandits Kill One Man, Steal 2,000 Livestock in Baringo"";""Xinhua,2013-02-08,At least seven killed in a cattle attack in Kenya's northwest""",Agence France Presse;NTV Kenya;All Africa;All Africa;Xinhua,2013-02-08;2013-02-09;2013-02-11;2013-02-12;2013-02-08,"Seven killed in Kenya cattle raid: police;News : 6 killed in Turkana cattle raid;Nine Killed in Turkana Village Raid;Bandits Kill One Man, Steal 2,000 Livestock in Baringo;At least seven killed in a cattle attack in Kenya's northwest",police,1,Kaputir locality,"Kaptir, a remote village in the arid northern Turkana region",Rift Valley province,Turkana district,2.076558,35.455778,POINT (35.455778 2.076558),132911,Kenya,501,Africa,1,1,2013-02-08 00:00:00.000,2013-02-08 00:00:00.000,1,3,4,0,8,10,7,,
64340,UGA-2013-2-151-4,2013,1,Clear,2,5314,4704,Pokot - Turkana,5314,5314,Pokot - Turkana,670,670,Pokot,693,693,Turkana,3,"""All Africa,2013-11-20,Two West Pokot Men Shot Dead"";""All Africa,2013-11-27,Turkana Leaders Want Govt to Play Mediator"";""All Africa,2013-12-06,Lasting Solution to Ongoing Turkana-Pokot Dispute Remains Out of Reach""",All Africa;All Africa;All Africa,2013-11-20;2013-11-27;2013-12-06,Two West Pokot Men Shot Dead;Turkana Leaders Want Govt to Play Mediator;Lasting Solution to Ongoing Turkana-Pokot Dispute Remains Out of Reach,Kacheliba MP Mark Lomunokol and Kapenguria MP Samuel Moroto,5,Turkana - Pokot border,Pokot-Turkana border,,,2.066667,35.466667,POINT (35.466667 2.066667),132911,Kenya,501,Africa,2,5,2013-10-20 00:00:00.000,2013-11-20 00:00:00.000,0,0,0,13,13,13,13,,
64348,UGA-2013-2-151-5.1,2013,1,Clear,2,5314,4704,Pokot - Turkana,5314,5314,Pokot - Turkana,670,670,Pokot,693,693,Turkana,1,"""All Africa,2013-12-06,Lasting Solution to Ongoing Turkana-Pokot Dispute Remains Out of Reach""",All Africa,2013-12-06,Lasting Solution to Ongoing Turkana-Pokot Dispute Remains Out of Reach,"Nicodemus Okango, Turkana County co-ordinator for the Kenya Red Cross Society",4,Turkana county,Turkana county,Turkana county,,3.200000,35.466667,POINT (35.466667 3.2),134351,Kenya,501,Africa,2,4,2013-11-18 00:00:00.000,2013-12-03 00:00:00.000,0,0,0,2,2,2,2,,
241873,UGA-2013-2-151-5.2,2013,1,Clear,2,5314,4704,Pokot - Turkana,5314,5314,Pokot - Turkana,670,670,Pokot,693,693,Turkana,1,"""All Africa,2013-12-06,Lasting Solution to Ongoing Turkana-Pokot Dispute Remains Out of Reach""",All Africa,2013-12-06,Lasting Solution to Ongoing Turkana-Pokot Dispute Remains Out of Reach,"Nicodemus Okango, Turkana County co-ordinator for the Kenya Red Cross Society",4,West Pokot county,West Pokot county,West Pokot county,,1.750000,35.250000,POINT (35.25 1.75),132191,Kenya,501,Africa,2,4,2013-11-18 00:00:00.000,2013-12-03 00:00:00.000,0,0,0,2,2,2,2,,
63500,UGA-2013-2-151-1,2013,1,Clear,2,5314,4704,Pokot - Turkana,5314,5314,Pokot - Turkana,670,670,Pokot,693,693,Turkana,1,"""Agence France Presse,2013-11-24,Kenyan police launch rescue for village under militia siege""",Agence France Presse,2013-11-24,Kenyan police launch rescue for village under militia siege,Red Cross,1,Lorokon village,"Lorokon village, Turkana South",Turkana county,Turkana South constituency,1.920000,35.360000,POINT (35.36 1.92),132191,Kenya,501,Africa,1,1,2013-11-18 00:00:00.000,2013-11-18 00:00:00.000,2,0,0,0,2,2,2,,
63503,UGA-2013-2-151-2,2013,1,Clear,2,5314,4704,Pokot - Turkana,5314,5314,Pokot - Turkana,670,670,Pokot,693,693,Turkana,1,"""BBC Monitoring Africa,2013-11-29,Angry protesters close Kenyan road to northwestern region""",BBC Monitoring Africa,2013-11-29,Angry protesters close Kenyan road to northwestern region,Pokot Central OCPD Nicholas Musulu,3,Turkana South constituency,"between Sigor and Turkwel, along the Kainuk-Turkwel junction",Turkana county,Turkana South constituency,2.382094,35.762898,POINT (35.762898 2.382094),132912,Kenya,501,Africa,1,1,2013-11-25 00:00:00.000,2013-11-25 00:00:00.000,0,0,0,0,0,1,0,,
153967,UGA-2014-2-151-4,2014,1,Clear,2,5314,4704,Pokot - Turkana,5314,5314,Pokot - Turkana,670,670,Pokot,693,693,Turkana,1,"""Daily Nation,2014-01-07,Bandits kill herder in village attack""",Daily Nation,2014-01-07,Bandits kill herder in village attack,Turkana East police boss Mathew Mang’ira,1,Lokwamusing village,Lokwamusin village in Turkana East,Turkana county,Turkana East constituency,1.998019,35.940607,POINT (35.940607 1.998019),132192,Kenya,501,Africa,1,1,2014-01-06 00:00:00.000,2014-01-06 00:00:00.000,0,0,0,0,0,1,0,,
153969,UGA-2014-2-151-5,2014,1,Clear,2,5314,4704,Pokot - Turkana,5314,5314,Pokot - Turkana,670,670,Pokot,693,693,Turkana,1,"""Daily Nation,2014-01-26,Four killed as livestock thieves ambush herdsmen""",Daily Nation,2014-01-26,Four killed as livestock thieves ambush herdsmen,area police boss Kipsang Changach,1,Juluk locality,Juluk in Turkana South sub-county,Turkana county,Turkana South constituency,2.164405,35.408682,POINT (35.408682 2.164405),132911,Kenya,501,Africa,1,1,2014-01-25 00:00:00.000,2014-01-25 00:00:00.000,0,0,0,1,1,1,1,,
153973,UGA-2014-2-151-6,2014,1,Clear,2,5314,4704,Pokot - Turkana,5314,5314,Pokot - Turkana,670,670,Pokot,693,693,Turkana,4,"""All Africa,2014-03-17,Four Killed in Turkana Bandit Attack"";""All Africa,2014-03-17,Security Beefed Up in Pokot, Turkana Border Over Killings"";""All Africa,2014-03-18,GSU Officers Deployed to Pokot, Turkana Border"";""All Africa,2014-03-24,Turkana Plea for More Guns""",All Africa;All Africa;All Africa;All Africa,2014-03-17;2014-03-17;2014-03-18;2014-03-24,"Four Killed in Turkana Bandit Attack;Security Beefed Up in Pokot, Turkana Border Over Killings;GSU Officers Deployed to Pokot, Turkana Border;Turkana Plea for More Guns",resident; Turkana South Police boss Kipsang Changach,2,Kakong locality,Kakong area in Turkana South,Turkana county,Turkana South constituency,1.874009,35.646142,POINT (35.646142 1.874009),132192,Kenya,501,Africa,1,1,2014-03-16 00:00:00.000,2014-03-16 00:00:00.000,0,4,0,0,4,7,3,,
153986,UGA-2014-2-151-12.1,2014,1,Clear,2,5314,4704,Pokot - Turkana,5314,5314,Pokot - Turkana,670,670,Pokot,693,693,Turkana,1,"""Daily Nation,2014-05-27,TURKANA - 400 families displaced in armed conflict receive aid""",Daily Nation,2014-05-27,TURKANA - 400 families displaced in armed conflict receive aid,"Turkana South sub-county commissioner Elijah Kodo, Red Cross",4,Turkana county,Turkana county,Turkana county,,3.200000,35.466667,POINT (35.466667 3.2),134351,Kenya,501,Africa,2,5,2014-03-20 00:00:00.000,2014-05-27 00:00:00.000,0,0,0,0,0,3,0,,
241870,UGA-2014-2-151-12.2,2014,1,Clear,2,5314,4704,Pokot - Turkana,5314,5314,Pokot - Turkana,670,670,Pokot,693,693,Turkana,1,"""Daily Nation,2014-05-27,TURKANA - 400 families displaced in armed conflict receive aid""",Daily Nation,2014-05-27,TURKANA - 400 families displaced in armed conflict receive aid,"Turkana South sub-county commissioner Elijah Kodo, Red Cross",4,West Pokot county,Pokot county,West Pokot county,,1.750000,35.250000,POINT (35.25 1.75),132191,Kenya,501,Africa,2,5,2014-03-20 00:00:00.000,2014-05-27 00:00:00.000,0,0,0,0,0,3,0,,
153978,UGA-2014-2-151-9.1,2014,1,Clear,2,5314,4704,Pokot - Turkana,5314,5314,Pokot - Turkana,670,670,Pokot,693,693,Turkana,1,"""Daily Nation,2014-04-10,TURKANA - Learning hit in border land clashes""",Daily Nation,2014-04-10,TURKANA - Learning hit in border land clashes,Security officers in the region,5,Turkana - Pokot border,Turkana and West Pokot border area,,,2.066667,35.466667,POINT (35.466667 2.066667),132911,Kenya,501,Africa,2,2,2014-04-02 00:00:00.000,2014-04-04 00:00:00.000,0,0,0,0,0,4,0,,
153975,UGA-2014-2-151-7,2014,1,Clear,2,5314,4704,Pokot - Turkana,5314,5314,Pokot - Turkana,670,670,Pokot,693,693,Turkana,1,"""Daily Nation,2014-04-10,TURKANA - Learning hit in border land clashes""",Daily Nation,2014-04-10,TURKANA - Learning hit in border land clashes,"Mr Kipsang Sang’ach, the Turkana South sub-county police boss",1,Kainuk town,"a village in Kainuk, a border region [between Turkana and West Pokot]",Turkana county,Turkana South constituency,1.806103,35.572075,POINT (35.572075 1.806103),132192,Kenya,501,Africa,1,2,2014-04-02 00:00:00.000,2014-04-04 00:00:00.000,0,0,0,1,1,1,1,,
153977,UGA-2014-2-151-8.1,2014,1,Clear,2,5314,4704,Pokot - Turkana,5314,5314,Pokot - Turkana,670,670,Pokot,693,693,Turkana,1,"""Daily Nation,2014-04-10,TURKANA - Learning hit in border land clashes""",Daily Nation,2014-04-10,TURKANA - Learning hit in border land clashes,"Mr Kipsang Sang’ach, the Turkana South sub-county police boss.

(...) Five other people were killed, four injured and about 1,000 head of cattle stolen on Friday when raiders attacked Nakwomoru and Kaputir locations in Turkana South sub-county",1,Nakwamoru locality,Nakwomoru and Kaputir locations in Turkana South sub-county,Turkana county,Turkana South constituency,2.063728,35.420070,POINT (35.42007 2.063728),132911,Kenya,501,Africa,1,1,2014-04-04 00:00:00.000,2014-04-04 00:00:00.000,0,0,0,3,3,2,3,,
163978,UGA-2014-2-151-8.2,2014,1,Clear,2,5314,4704,Pokot - Turkana,5314,5314,Pokot - Turkana,670,670,Pokot,693,693,Turkana,1,"""Daily Nation,2014-04-10,TURKANA - Learning hit in border land clashes""",Daily Nation,2014-04-10,TURKANA - Learning hit in border land clashes,"Mr Kipsang Sang’ach, the Turkana South sub-county police boss.

(...) Five other people were killed, four injured and about 1,000 head of cattle stolen on Friday when raiders attacked Nakwomoru and Kaputir locations in Turkana South sub-county",1,Kaputir locality,Nakwomoru and Kaputir locations in Turkana South sub-county,Turkana county,Turkana South constituency,2.076558,35.455778,POINT (35.455778 2.076558),132911,Kenya,501,Africa,1,1,2014-04-04 00:00:00.000,2014-04-04 00:00:00.000,0,0,0,2,2,3,2,,
153980,UGA-2014-2-151-10,2014,1,Clear,2,5314,4704,Pokot - Turkana,5314,5314,Pokot - Turkana,670,670,Pokot,693,693,Turkana,1,"""Daily Nation,2014-05-07,TURKANA - Herders on peace mission shot dead""",Daily Nation,2014-05-07,TURKANA - Herders on peace mission shot dead,Area police boss Kipsang Changach,2,Kaputir locality,Lokwar village in Kaptir Location Turkana South Sub County,Turkana county,Turkana South constituency,2.076558,35.455778,POINT (35.455778 2.076558),132911,Kenya,501,Africa,1,1,2014-05-06 00:00:00.000,2014-05-06 00:00:00.000,3,0,0,0,3,3,3,,
153984,UGA-2014-2-151-11,2014,1,Clear,2,5314,4704,Pokot - Turkana,5314,5314,Pokot - Turkana,670,670,Pokot,693,693,Turkana,1,"""Daily Nation,2014-05-17,Raiders kill herder, steal animals""",Daily Nation,2014-05-17,"Raiders kill herder, steal animals","locals, Samburu County commissioner Nyakwanga",2,Nachola hill,"Nachola village, Baragoi, Samburu County",Samburu county,Samburu North constituency,1.782758,36.712356,POINT (36.712356 1.782758),132194,Kenya,501,Africa,1,1,2014-05-17 00:00:00.000,2014-05-17 00:00:00.000,0,1,0,0,1,1,1,,
153996,UGA-2014-2-151-15,2014,1,Clear,2,5314,4704,Pokot - Turkana,5314,5314,Pokot - Turkana,670,670,Pokot,693,693,Turkana,1,"""Daily Nation,2014-06-20,TURKANA - Four killed as raiders strike village""",Daily Nation,2014-06-20,TURKANA - Four killed as raiders strike village,not clear from reporting,1,Sirata village,Sirata village,Samburu county,Samburu West constituency,1.046899,36.652120,POINT (36.65212 1.046899),131474,Kenya,501,Africa,1,2,2014-06-10 00:00:00.000,2014-06-13 00:00:00.000,0,0,0,0,0,2,0,,
153991,UGA-2014-2-151-13,2014,1,Clear,2,5314,4704,Pokot - Turkana,5314,5314,Pokot - Turkana,670,670,Pokot,693,693,Turkana,1,"""All Africa,2014-06-16,Two Raiders Shot Dead""",All Africa,2014-06-16,Two Raiders Shot Dead,Ombolion location chief Joseph Korkimul,1,Akariamet village,Akariamet village on Pokot-Turkana border,West Pokot county,Sigor constituency,1.533330,35.416670,POINT (35.41667 1.53333),132191,Kenya,501,Africa,1,1,2014-06-15 00:00:00.000,2014-06-15 00:00:00.000,0,0,0,2,2,2,2,,
153995,UGA-2014-2-151-14,2014,1,Clear,2,5314,4704,Pokot - Turkana,5314,5314,Pokot - Turkana,670,670,Pokot,693,693,Turkana,1,"""Daily Nation,2014-06-20,TURKANA - Four killed as raiders strike village""",Daily Nation,2014-06-20,TURKANA - Four killed as raiders strike village,East Pokot Sub-County Commissioner Daniel Kirui,4,Turkana county,"Kulel village, Turkana",Turkana county,,3.200000,35.466667,POINT (35.466667 3.2),134351,Kenya,501,Africa,1,1,2014-06-18 00:00:00.000,2014-06-18 00:00:00.000,0,0,0,4,4,4,4,,
153703,UGA-2014-2-151-3,2014,1,Clear,2,5314,4704,Pokot - Turkana,5314,5314,Pokot - Turkana,670,670,Pokot,693,693,Turkana,2,"""All Africa,2014-06-20,Raiders Kill Seven, Torch Houses in Baringo County"";""BBC Monitoring Africa,2014-06-19,Villagers flee homes as raiders torch houses in central western Kenya""",All Africa;BBC Monitoring Africa,2014-06-20;2014-06-19,"Raiders Kill Seven, Torch Houses in Baringo County;Villagers flee homes as raiders torch houses in central western Kenya",Witnesses,1,Silali locality,Silale in East Pokot Baringo County,Baringo county,Tiaty constituency,1.169671,36.172970,POINT (36.17297 1.169671),131473,Kenya,501,Africa,1,1,2014-06-18 00:00:00.000,2014-06-18 00:00:00.000,7,0,0,0,7,7,7,,
154001,UGA-2014-2-151-16,2014,1,Clear,2,5314,4704,Pokot - Turkana,5314,5314,Pokot - Turkana,670,670,Pokot,693,693,Turkana,1,"""All Africa,2014-07-21,RaidersKill Six People, Injure Eight Along Turkana-Pokot Border""",All Africa,2014-07-21,"RaidersKill Six People, Injure Eight Along Turkana-Pokot Border",Katoruk area chief Emmanuel Siwale,3,Loima constituency,Lonyangaring Village in Loima district,Turkana county,Loima constituency,2.800000,35.000000,POINT (35 2.8),133631,Kenya,501,Africa,1,1,2014-07-18 00:00:00.000,2014-07-18 00:00:00.000,0,0,0,3,3,3,3,,
151310,UGA-2014-2-151-0,2014,1,Clear,2,5314,4704,Pokot - Turkana,5314,5314,Pokot - Turkana,670,670,Pokot,693,693,Turkana,2,"""BBC Monitoring Africa,2014-07-18,Three herders killed in raid in by rival tribesmen in northern Kenya"";""All Africa,2014-07-21,Three Dead, Seven Injured in Turkana Cattle Raid""",BBC Monitoring Africa;All Africa,2014-07-18;2014-07-21,"Three herders killed in raid in by rival tribesmen in northern Kenya;Three Dead, Seven Injured in Turkana Cattle Raid",not given,2,Kakong locality,"Kaakong area in Kainuk location, Turkana county",Turkana county,Turkana South constituency,1.874009,35.646142,POINT (35.646142 1.874009),132192,Kenya,501,Africa,1,1,2014-07-18 00:00:00.000,2014-07-18 00:00:00.000,0,3,0,0,3,3,3,,
152537,UGA-2014-2-151-1.1,2014,1,Clear,2,5314,4704,Pokot - Turkana,5314,5314,Pokot - Turkana,670,670,Pokot,693,693,Turkana,1,"""Xinhua News Agency,2014-11-05,Roundup: Kenya steps up security after attacks in restive counties""",Xinhua News Agency,2014-11-05,Roundup: Kenya steps up security after attacks in restive counties,"Elgeyo Marakwet Senator Kipchumba Markomen, Turkana County Commissioner James Mathenge",4,Turkana county,Turkana county,Turkana county,,3.200000,35.466667,POINT (35.466667 3.2),134351,Kenya,501,Africa,2,5,2014-09-01 00:00:00.000,2014-11-05 00:00:00.000,0,0,0,0,0,2,0,,
241871,UGA-2014-2-151-1.2,2014,1,Clear,2,5314,4704,Pokot - Turkana,5314,5314,Pokot - Turkana,670,670,Pokot,693,693,Turkana,1,"""Xinhua News Agency,2014-11-05,Roundup: Kenya steps up security after attacks in restive counties""",Xinhua News Agency,2014-11-05,Roundup: Kenya steps up security after attacks in restive counties,"Elgeyo Marakwet Senator Kipchumba Markomen, Turkana County Commissioner James Mathenge",4,Baringo county,Baringo county,Baringo county,,0.683333,35.933333,POINT (35.933333 0.683333),130752,Kenya,501,Africa,2,5,2014-09-01 00:00:00.000,2014-11-05 00:00:00.000,0,0,0,0,0,1,0,,
154002,UGA-2014-2-151-17,2014,1,Clear,2,5314,4704,Pokot - Turkana,5314,5314,Pokot - Turkana,670,670,Pokot,693,693,Turkana,1,"""All Africa,2014-09-22,Man Killed By TurkanaRaiders""",All Africa,2014-09-22,Man Killed By TurkanaRaiders,Ombolion area chief Joseph Korkimul,4,West Pokot county,Lonyangelem village in West Pokot,West Pokot county,,1.750000,35.250000,POINT (35.25 1.75),132191,Kenya,501,Africa,1,1,2014-09-21 00:00:00.000,2014-09-21 00:00:00.000,1,0,0,0,1,1,1,,
154008,UGA-2014-2-151-18,2014,1,Clear,2,5314,4704,Pokot - Turkana,5314,5314,Pokot - Turkana,670,670,Pokot,693,693,Turkana,2,"""Daily Nation,2014-09-24,TURKANA : Villages tense after four herders shot dead in fresh raids"";""All Africa,2014-10-06,Turkana Raids Force Villagers to Stay Indoors""",Daily Nation;All Africa,2014-09-24;2014-10-06,TURKANA : Villages tense after four herders shot dead in fresh raids;Turkana Raids Force Villagers to Stay Indoors,Chief Josephat Lopalal,1,Silali locality,"Silale Village, Baringo",Baringo county,Tiaty constituency,1.169671,36.172970,POINT (36.17297 1.169671),131473,Kenya,501,Africa,1,1,2014-09-23 00:00:00.000,2014-09-23 00:00:00.000,2,0,0,0,2,3,2,,
154009,UGA-2014-2-151-19,2014,1,Clear,2,5314,4704,Pokot - Turkana,5314,5314,Pokot - Turkana,670,670,Pokot,693,693,Turkana,1,"""Daily Nation,2014-09-24,TURKANA : Villages tense after four herders shot dead in fresh raids""",Daily Nation,2014-09-24,TURKANA : Villages tense after four herders shot dead in fresh raids,Kaputir Chief Charles Lopuya,2,Turkwel locality,"near the Turkwel Hydro Power Plant, Turkana South Sub-County",Turkana county,Turkana South constituency,2.916835,35.401821,POINT (35.401821 2.916835),133631,Kenya,501,Africa,1,1,2014-09-23 00:00:00.000,2014-09-23 00:00:00.000,0,0,0,2,2,2,2,,
154010,UGA-2014-2-151-20,2014,1,Clear,2,5314,4704,Pokot - Turkana,5314,5314,Pokot - Turkana,670,670,Pokot,693,693,Turkana,1,"""All Africa,2014-09-26,Pay Locals Affected in Border Feud, State Told""",All Africa,2014-09-26,"Pay Locals Affected in Border Feud, State Told",Sigor MP Philip Rotino,1,Orwa locality,"Orwa village, most likely in Sigor constituency",West Pokot county,Sigor constituency,1.666751,35.466647,POINT (35.466647 1.666751),132191,Kenya,501,Africa,1,1,2014-09-24 00:00:00.000,2014-09-24 00:00:00.000,0,0,0,1,1,1,1,,
154011,UGA-2014-2-151-21,2014,1,Clear,2,5314,4704,Pokot - Turkana,5314,5314,Pokot - Turkana,670,670,Pokot,693,693,Turkana,1,"""Daily Nation,2014-10-06,TURKANA: Woman shot dead as governor visits village""",Daily Nation,2014-10-06,TURKANA: Woman shot dead as governor visits village,Kaputir chief Charles Lopuya,1,Kaputir locality,Kaputir village in Turkana South Sub-County,Turkana county,Turkana South constituency,2.076558,35.455778,POINT (35.455778 2.076558),132911,Kenya,501,Africa,1,1,2014-10-04 00:00:00.000,2014-10-04 00:00:00.000,0,0,0,1,1,1,1,,
154023,UGA-2014-2-151-22.1,2014,1,Clear,2,5314,4704,Pokot - Turkana,5314,5314,Pokot - Turkana,670,670,Pokot,693,693,Turkana,1,"""All Africa,2014-10-28,Turkana Governor Asks Security Council to Help Stop Area Killings""",All Africa,2014-10-28,Turkana Governor Asks Security Council to Help Stop Area Killings,Turkana East county Governor Josphat Nanok,3,Turkana East constituency,Turkana East,Turkana county,Turkana East constituency,1.400000,36.300000,POINT (36.3 1.4),131473,Kenya,501,Africa,2,4,2014-10-07 00:00:00.000,2014-10-28 00:00:00.000,0,0,0,0,0,3,0,,
241876,UGA-2014-2-151-22.2,2014,1,Clear,2,5314,4704,Pokot - Turkana,5314,5314,Pokot - Turkana,670,670,Pokot,693,693,Turkana,1,"""All Africa,2014-10-28,Turkana Governor Asks Security Council to Help Stop Area Killings""",All Africa,2014-10-28,Turkana Governor Asks Security Council to Help Stop Area Killings,Turkana East county Governor Josphat Nanok,4,Turkana county,Turkana county areas,Turkana county,,3.200000,35.466667,POINT (35.466667 3.2),134351,Kenya,501,Africa,2,4,2014-10-07 00:00:00.000,2014-10-28 00:00:00.000,0,0,0,0,0,3,0,,
154081,UGA-2014-2-151-23,2014,1,Clear,2,5314,4704,Pokot - Turkana,5314,5314,Pokot - Turkana,670,670,Pokot,693,693,Turkana,2,"""Daily Nation,2014-11-23,TURKANA: Tension high after raiders kill four"";""All Africa,2014-11-27,Bandits Take Fight to Turkana South""",Daily Nation;All Africa,2014-11-23;2014-11-27,TURKANA: Tension high after raiders kill four;Bandits Take Fight to Turkana South,Sub-county administrator Titus Ekiru,1,Kotaruk locality,Kotaruk Village in Loima Sub-county,Turkana county,Loima constituency,2.442097,35.325430,POINT (35.32543 2.442097),132911,Kenya,501,Africa,1,1,2014-11-21 00:00:00.000,2014-11-21 00:00:00.000,0,0,0,4,4,6,4,,
206512,UGA-2015-2-151-7,2015,1,Clear,2,5314,4704,Pokot - Turkana,5314,5314,Pokot - Turkana,670,670,Pokot,693,693,Turkana,1,"""All Africa,2015-05-27,Kenyans Massacred as Officers Sit Pretty [opinion]""",All Africa,2015-05-27,Kenyans Massacred as Officers Sit Pretty [opinion],not stated,5,Baringo-Turkana border,Baringo-Turkana border area,,,1.178627,36.106102,POINT (36.1061028 1.1786278),131473,Kenya,501,Africa,2,5,2015-01-01 00:00:00.000,2015-05-27 00:00:00.000,0,0,0,0,0,19,0,,
206779,UGA-2015-2-151-10,2015,1,Clear,2,5314,4704,Pokot - Turkana,5314,5314,Pokot - Turkana,670,670,Pokot,693,693,Turkana,1,"""Kenya Daily Nation,2015-02-01,Three herders killed in fresh raids""",Kenya Daily Nation,2015-02-01,Three herders killed in fresh raids,,5,Turkana - Pokot border,along the border of Turkana and Pokot,,,2.066667,35.466667,POINT (35.466667 2.066667),132911,Kenya,501,Africa,2,4,2015-01-17 00:00:00.000,2015-01-31 00:00:00.000,0,0,0,0,0,7,0,,
206776,UGA-2015-2-151-9,2015,1,Clear,2,5314,4704,Pokot - Turkana,5314,5314,Pokot - Turkana,670,670,Pokot,693,693,Turkana,1,"""Kenya Daily Nation,2015-02-01,Three herders killed in fresh raids""",Kenya Daily Nation,2015-02-01,Three herders killed in fresh raids,"Katilu Chief Allan Aleper; Mr Jacob Alou, a herder who was part of the 42 families that lost animals",2,Katilu locality,Kasurokorio grazing field in Turkana South Sub County,Turkana county,Turkana South constituency,2.266070,35.482416,POINT (35.482416 2.26607),132911,Kenya,501,Africa,1,1,2015-01-31 00:00:00.000,2015-01-31 00:00:00.000,0,3,0,0,3,3,3,,
206871,UGA-2015-2-151-11,2015,1,Clear,2,5314,4704,Pokot - Turkana,5314,5314,Pokot - Turkana,670,670,Pokot,693,693,Turkana,1,"""Kenya Daily Nation,2015-04-05,Bandits kill 7, steal camels in Turkana village dawn attack""",Kenya Daily Nation,2015-04-05,"Bandits kill 7, steal camels in Turkana village dawn attack","Sub-County Administrator John Lokoli, Katilu Ward MCA James Abei",1,Kakunyuk locality,Kakunyuk village in Turkana South,Turkana county,Turkana South constituency,2.190793,35.460925,POINT (35.460925 2.190793),132911,Kenya,501,Africa,1,1,2015-04-05 00:00:00.000,2015-04-05 00:00:00.000,0,2,0,5,7,7,7,,
206451,UGA-2015-2-151-6,2015,1,Clear,2,5314,4704,Pokot - Turkana,5314,5314,Pokot - Turkana,670,670,Pokot,693,693,Turkana,1,"""All Africa,2015-05-06,92 Feared Dead in Turkana, Pokot Fighting in Baringo""",All Africa,2015-05-06,"92 Feared Dead in Turkana, Pokot Fighting in Baringo",local officials,5,Baringo-Turkana border,Nakoriakwang village,,,1.178627,36.106102,POINT (36.1061028 1.1786278),131473,Kenya,501,Africa,1,2,2015-05-03 00:00:00.000,2015-05-06 00:00:00.000,0,0,0,7,7,7,7,,
206445,UGA-2015-2-151-4,2015,1,Clear,2,5314,4704,Pokot - Turkana,5314,5314,Pokot - Turkana,670,670,Pokot,693,693,Turkana,2,"""All Africa,2015-05-06,92 Feared Dead in Turkana, Pokot Fighting in Baringo"";""Agence France Presse,2015-05-06,Northern Kenya cattle raids, unrest leaves 75 dead: Red Cross""",All Africa;Agence France Presse,2015-05-06;2015-05-06,"92 Feared Dead in Turkana, Pokot Fighting in Baringo;Northern Kenya cattle raids, unrest leaves 75 dead: Red Cross",Turkana East MP Nicholas Ngikor; Rift Valley regional commissioner Osman Warfa; Tiaty MP Asman Kamama,5,"Border between Pokot East (Baringo), Turkana and Samburu","along the borders between Pokot East, Turkana and Samburu",,,0.940047,36.393441,POINT (36.3934417 0.9400472),130753,Kenya,501,Africa,2,2,2015-05-03 00:00:00.000,2015-05-06 00:00:00.000,0,0,0,3,3,4,3,,
206413,UGA-2015-2-151-1,2015,1,Clear,2,5314,4704,Pokot - Turkana,5314,5314,Pokot - Turkana,670,670,Pokot,693,693,Turkana,4,"""BBC Monitoring Africa,2015-05-03,Three killed in ethnic clashes in northern Kenya"";""BBC Monitoring Africa,2015-05-04,Fifteen feared dead in renewed attacks in northwestern Kenya"";""Agence France Presse,2015-05-05,Cattle raiders kill 46 in northern Kenya"";""All Africa,2015-05-06,92 Feared Dead in Turkana, Pokot Fighting in Baringo""",BBC Monitoring Africa;BBC Monitoring Africa;Agence France Presse;All Africa,2015-05-03;2015-05-04;2015-05-05;2015-05-06,"Three killed in ethnic clashes in northern Kenya;Fifteen feared dead in renewed attacks in northwestern Kenya;Cattle raiders kill 46 in northern Kenya;92 Feared Dead in Turkana, Pokot Fighting in Baringo","Alloice Losike, an official of the Kenya Red Cross Society; Nachola Ward MCA [Member of the County Assembly], Lawrence Lorunyei",2,Baragoi village,"Longirok (or Lomirok) village, Baragoi area, Samburu",Samburu county,Samburu North constituency,1.783333,36.783333,POINT (36.783333 1.783333),132194,Kenya,501,Africa,1,1,2015-05-03 00:00:00.000,2015-05-03 00:00:00.000,0,0,0,8,8,8,8,,
206414,UGA-2015-2-151-2,2015,1,Clear,2,5314,4704,Pokot - Turkana,5314,5314,Pokot - Turkana,670,670,Pokot,693,693,Turkana,3,"""All Africa,2015-05-06,92 Feared Dead in Turkana, Pokot Fighting in Baringo"";""BBC Monitoring Africa,2015-05-04,Fifteen feared dead in renewed attacks in northwestern Kenya"";""Agence France Presse,2015-05-05,Cattle raiders kill 46 in northern Kenya""",All Africa;BBC Monitoring Africa;Agence France Presse,2015-05-06;2015-05-04;2015-05-05,"92 Feared Dead in Turkana, Pokot Fighting in Baringo;Fifteen feared dead in renewed attacks in northwestern Kenya;Cattle raiders kill 46 in northern Kenya","""Unconfirmed reports""",5,Samburu North-Marsabit border,"Sarma in Baragoi area, along the Samburu-Marsabit border",Samburu county,Samburu North constituency,1.984686,36.976380,POINT (36.9763806 1.9846861),132194,Kenya,501,Africa,1,1,2015-05-03 00:00:00.000,2015-05-03 00:00:00.000,0,0,0,6,6,6,6,,
206416,UGA-2015-2-151-0,2015,1,Clear,2,5314,4704,Pokot - Turkana,5314,5314,Pokot - Turkana,670,670,Pokot,693,693,Turkana,4,"""Agence France Presse,2015-05-05,Cattle raiders kill 46 in northern Kenya"";""All Africa,2015-05-06,92 Feared Dead in Turkana, Pokot Fighting in Baringo"";""BBC Monitoring Africa,2015-05-07,Report views aftermath of bandit attack in northeastern Kenya"";""Agence France Presse,2015-05-06,75 die in fighting after Kenya cattle raids""",Agence France Presse;All Africa;BBC Monitoring Africa;Agence France Presse,2015-05-05;2015-05-06;2015-05-07;2015-05-06,"Cattle raiders kill 46 in northern Kenya;92 Feared Dead in Turkana, Pokot Fighting in Baringo;Report views aftermath of bandit attack in northeastern Kenya;75 die in fighting after Kenya cattle raids",local official Osman Warfa; Baringo county commissioner Peter Okwanyo; Kenya Red Cross,5,Baringo-Turkana border,close to Nadome along the Turkana-East Pokot district border,,,1.178627,36.106102,POINT (36.1061028 1.1786278),131473,Kenya,501,Africa,1,1,2015-05-04 00:00:00.000,2015-05-04 00:00:00.000,0,0,0,54,54,54,54,,
206449,UGA-2015-2-151-5,2015,1,Clear,2,5314,4704,Pokot - Turkana,5314,5314,Pokot - Turkana,670,670,Pokot,693,693,Turkana,1,"""All Africa,2015-05-06,92 Feared Dead in Turkana, Pokot Fighting in Baringo""",All Africa,2015-05-06,"92 Feared Dead in Turkana, Pokot Fighting in Baringo",Tiaty MP Asman Kamama,2,Silali locality,"Silale ward, Tiaty",Baringo county,Tiaty constituency,1.169671,36.172970,POINT (36.17297 1.169671),131473,Kenya,501,Africa,1,1,2015-05-05 00:00:00.000,2015-05-05 00:00:00.000,14,0,0,0,14,14,14,,
234178,UGA-2016-2-151-0,2016,0,Clear,2,5314,4704,Pokot - Turkana,5314,5314,Pokot - Turkana,670,670,Pokot,693,693,Turkana,2,"""The Star (Kenya),2016-11-28,Over 20 killed in ongoing Kerio valley, Kapedo attacks"";""The Star (Kenya),2016-12-02,Rift Valley coordinator denies reports 14 killed in Baringo-Turkana clashes""",The Star (Kenya);The Star (Kenya),2016-11-28;2016-12-02,"Over 20 killed in ongoing Kerio valley, Kapedo attacks;Rift Valley coordinator denies reports 14 killed in Baringo-Turkana clashes",Lomelo Chief Christopher Achuka; Baringo County police Commander Peter Ndungu,5,Between Kerio Valley and Kapedo,along Kerio Valley and Kapedo,Baringo county,,1.116027,35.873272,POINT (35.8732722 1.1160278),131472,Kenya,501,Africa,2,2,2016-11-25 00:00:00.000,2016-11-28 00:00:00.000,0,0,0,1,1,21,1,,
238069,UGA-2017-2-5314-1,2017,0,Clear,2,5314,4704,Pokot - Turkana,5314,5314,Pokot - Turkana,670,670,Pokot,693,693,Turkana,1,"""The Star (Kenya),2017-05-01,Six feared dead, 3 hurt in Kapedo""",The Star (Kenya),2017-05-01,"Six feared dead, 3 hurt in Kapedo",witness Lomudang Domonyang,1,Kapedo village,"Kapedo, the border of Turkana and Baringo counties.",Baringo county,Tiaty constituency,1.169220,36.095494,POINT (36.095494 1.16922),131473,Kenya,501,Africa,1,1,2017-04-28 00:00:00.000,2017-04-28 00:00:00.000,0,0,1,0,1,1,1,,
238067,UGA-2017-2-5314-0,2017,0,Clear,2,5314,4704,Pokot - Turkana,5314,5314,Pokot - Turkana,670,670,Pokot,693,693,Turkana,2,"""Xinhua News Agency,2017-05-01,Five killed in bandit attack in northwest Kenya"";""The Star (Kenya),2017-05-02,We will retaliate death of 13 in the hands of armed Turkanas, Pokots vow""",Xinhua News Agency;The Star (Kenya),2017-05-01;2017-05-02,"Five killed in bandit attack in northwest Kenya;We will retaliate death of 13 in the hands of armed Turkanas, Pokots vow",Baringo County Commissioner Peter Okwanyo,5,Turkana - Pokot border,Kamugen area,,,2.066667,35.466667,POINT (35.466667 2.066667),132911,Kenya,501,Africa,1,1,2017-05-01 00:00:00.000,2017-05-01 00:00:00.000,0,0,0,5,5,13,5,,
241169,UGA-2017-2-5314-3,2017,0,Clear,2,5314,4704,Pokot - Turkana,5314,5314,Pokot - Turkana,670,670,Pokot,693,693,Turkana,1,"""ICG,2017-05-31,Kenya  MAY 2017""",ICG,2017-05-31,Kenya  MAY 2017,,4,Turkana county,Turkana county,Turkana county,,3.200000,35.466667,POINT (35.466667 3.2),134351,Kenya,501,Africa,1,1,2017-05-21 00:00:00.000,2017-05-21 00:00:00.000,0,0,0,2,2,2,2,,
241170,UGA-2017-2-5314-4,2017,0,Clear,2,5314,4704,Pokot - Turkana,5314,5314,Pokot - Turkana,670,670,Pokot,693,693,Turkana,1,"""ICG,2017-05-31,Kenya  MAY 2017""",ICG,2017-05-31,Kenya  MAY 2017,,1,Kapedo village,"Kapedo, Baringo county on border with Turkana county",Baringo county,Tiaty constituency,1.169220,36.095494,POINT (36.095494 1.16922),131473,Kenya,501,Africa,1,1,2017-05-27 00:00:00.000,2017-05-27 00:00:00.000,0,0,0,3,3,3,3,,
238885,UGA-2017-2-5314-2,2017,0,Clear,2,5314,4704,Pokot - Turkana,5314,5314,Pokot - Turkana,670,670,Pokot,693,693,Turkana,1,"""The Star (Kenya),2017-06-11,6 killed, scores injured in fresh Pokot-Turkana attack""",The Star (Kenya),2017-06-11,"6 killed, scores injured in fresh Pokot-Turkana attack",A senior Pokot elder told the Star on Sunday,1,Lokori town,Lokori,Turkana county,Turkana South constituency,1.952759,36.028141,POINT (36.028141 1.952759),132193,Kenya,501,Africa,1,1,2017-06-10 00:00:00.000,2017-06-10 00:00:00.000,0,6,0,0,6,6,6,,
244847,UGA-2017-2-5314-5,2017,0,Clear,2,5314,4704,Pokot - Turkana,5314,5314,Pokot - Turkana,670,670,Pokot,693,693,Turkana,1,"""The Star (Kenya),2017-10-28,Bandits kill man, steal goats in Kainuk""",The Star (Kenya),2017-10-28,"Bandits kill man, steal goats in Kainuk",,1,Kainuk town,"Kainuk, Turkana South",Turkana county,Turkana South constituency,1.806103,35.572075,POINT (35.572075 1.806103),132192,Kenya,501,Africa,1,1,2017-10-28 00:00:00.000,2017-10-28 00:00:00.000,0,1,0,0,1,1,1,,
249951,UGA-2017-2-5314-6,2017,0,Clear,2,5314,4704,Pokot - Turkana,5314,5314,Pokot - Turkana,670,670,Pokot,693,693,Turkana,1,"""The Star (Kenya),2017-12-15,Crisis meeting held amid banditry attacks as 38 cattle are stolen""",The Star (Kenya),2017-12-15,Crisis meeting held amid banditry attacks as 38 cattle are stolen,,3,Tiaty constituency,Kasarani in Tiaty Sub-county,Baringo county,Tiaty constituency,1.149450,36.061535,POINT (36.061535 1.14945),131473,Kenya,501,Africa,1,3,2017-11-09 00:00:00.000,2017-11-15 00:00:00.000,1,1,0,4,6,6,6,,
253709,UGA-2018-2-5314-0,2018,0,Clear,2,5314,4704,Pokot - Turkana,5314,5314,Pokot - Turkana,670,670,Pokot,693,693,Turkana,2,"""The Star (Kenya),2018-01-14,Kapedo man shot dead by suspected Pokot bandits"";""The Star,2018-01-21,Pokot woman, two children killed in Kapedo by suspected Turkana bandits""",The Star (Kenya);The Star,2018-01-14;2018-01-21,"Kapedo man shot dead by suspected Pokot bandits;Pokot woman, two children killed in Kapedo by suspected Turkana bandits",Police,1,Kapedo village,Kapedo,Baringo county,Tiaty constituency,1.169220,36.095494,POINT (36.095494 1.16922),131473,Kenya,501,Africa,1,1,2018-01-14 00:00:00.000,2018-01-14 00:00:00.000,0,1,0,0,1,1,1,,
253746,UGA-2018-2-5314-1,2018,0,Clear,2,5314,4704,Pokot - Turkana,5314,5314,Pokot - Turkana,670,670,Pokot,693,693,Turkana,1,"""The Star (Kenya),2018-01-21,Pokot woman, two children killed in Kapedo by suspected Turkana bandits""",The Star (Kenya),2018-01-21,"Pokot woman, two children killed in Kapedo by suspected Turkana bandits",Pokot resident Yudah Losutan,3,Tiaty constituency,Akwichaits in Silale Ward in Tiaty Sub-county,Baringo county,Tiaty constituency,1.149450,36.061535,POINT (36.061535 1.14945),131473,Kenya,501,Africa,1,1,2018-01-19 00:00:00.000,2018-01-19 00:00:00.000,3,0,0,0,3,3,3,,
253763,UGA-2018-2-5314-2,2018,0,Clear,2,5314,4704,Pokot - Turkana,5314,5314,Pokot - Turkana,670,670,Pokot,693,693,Turkana,1,"""The Star (Kenya),2018-01-27,Three killed, goats stolen after suspected Pokot bandits attack Turkana village""",The Star (Kenya),2018-01-27,"Three killed, goats stolen after suspected Pokot bandits attack Turkana village",County police commander Ronald Opili,1,Kamuge village,Kamuge village in Turkana East,Turkana county,Turkana East constituency,1.641872,36.293469,POINT (36.293469 1.641872),132193,Kenya,501,Africa,1,1,2018-01-26 00:00:00.000,2018-01-26 00:00:00.000,0,0,0,3,3,3,3,,
256755,UGA-2018-2-5314-4,2018,0,Clear,2,5314,4704,Pokot - Turkana,5314,5314,Pokot - Turkana,670,670,Pokot,693,693,Turkana,1,"""The Star (Kenya),2018-05-05,Fresh Kapedo attacks leave seven dead, several injured""",The Star (Kenya),2018-05-05,"Fresh Kapedo attacks leave seven dead, several injured",The Star (Kenya),1,Marigat town,,Baringo county,Tiaty constituency,0.471185,35.986384,POINT (35.986384 0.471185),130032,Kenya,501,Africa,1,1,2018-05-04 00:00:00.000,2018-05-04 00:00:00.000,3,0,0,0,3,3,3,,
256717,UGA-2018-2-5314-3,2018,0,Clear,2,5314,4704,Pokot - Turkana,5314,5314,Pokot - Turkana,670,670,Pokot,693,693,Turkana,3,"""The Star Kenya,2018-05-05,Fresh Kapedo attacks leave seven dead, several injured"";""The Star (Kenya),2018-05-05,[VIDEO] Turkana leaders condemn students killing in Kapedo, wants action on Pokot bandits"";""The Citizen,2018-05-04,4 killed, scores missing in Kenya bandit attack""",The Star Kenya;The Star (Kenya);The Citizen,2018-05-05;2018-05-05;2018-05-04,"Fresh Kapedo attacks leave seven dead, several injured;[VIDEO] Turkana leaders condemn students killing in Kapedo, wants action on Pokot bandits;4 killed, scores missing in Kenya bandit attack","Turkana Leaders (senator, MP), Police",3,Tiaty constituency,"Marigat to Kapedo through Ameyan route 
//
Chesitet in Tiaty subcounty",Baringo county,Tiaty constituency,1.149450,36.061535,POINT (36.061535 1.14945),131473,Kenya,501,Africa,1,1,2018-05-04 00:00:00.000,2018-05-04 00:00:00.000,0,4,0,0,4,4,4,,
268878,UGA-2018-2-5314-9,2018,0,Clear,2,5314,4704,Pokot - Turkana,5314,5314,Pokot - Turkana,670,670,Pokot,693,693,Turkana,1,"""The Star (Kenya),2018-10-22,Two killed after bandits ambush herders in Kapedo""",The Star (Kenya),2018-10-22,Two killed after bandits ambush herders in Kapedo,Akoret assistant county commissioner Wycliffe Ochola,1,Kapedo village,"Ameyan market, Kapedo",Baringo county,Tiaty constituency,1.169220,36.095494,POINT (36.095494 1.16922),131473,Kenya,501,Africa,1,1,2018-10-21 00:00:00.000,2018-10-21 00:00:00.000,0,0,0,2,2,2,0,,
274064,UGA-2018-2-5314-6,2018,0,Clear,2,5314,4704,Pokot - Turkana,5314,5314,Pokot - Turkana,670,670,Pokot,693,693,Turkana,1,"""The Star (Kenya),2018-12-08,MP condems killing of 2 county officials""",The Star (Kenya),2018-12-08,MP condems killing of 2 county officials,Turkana county commissioner Seif Matata,3,Turkana South constituency,Nakwamoru from Kapelibok (both in Turkana South),Turkana county,Turkana South constituency,2.382094,35.762898,POINT (35.762898 2.382094),132912,Kenya,501,Africa,1,1,2018-12-05 00:00:00.000,2018-12-05 00:00:00.000,0,2,0,0,2,2,2,,
274065,UGA-2018-2-5314-7,2018,0,Clear,2,5314,4704,Pokot - Turkana,5314,5314,Pokot - Turkana,670,670,Pokot,693,693,Turkana,1,"""The Star (Kenya),2018-12-08,MP condems killing of 2 county officials""",The Star (Kenya),2018-12-08,MP condems killing of 2 county officials,Turkana county commissioner Seif Matata,1,Takaywa  village,Takaywa,West Pokot county,Sigor constituency,1.369831,35.690486,POINT (35.690486 1.369831),131472,Kenya,501,Africa,1,1,2018-12-05 00:00:00.000,2018-12-05 00:00:00.000,0,0,0,1,1,1,1,,
279893,UGA-2019-2-5314-3,2019,0,Clear,2,5314,4704,Pokot - Turkana,5314,5314,Pokot - Turkana,670,670,Pokot,693,693,Turkana,2,"""Citizen TV,2019-02-18,Boinnet orders Rift Valley police to end Turkana-West Pokot border clashes"";""The Star,2019-02-18,Transport, businesses paralysed in Kainuk after Turkana, Pokot clashes""",Citizen TV;The Star,2019-02-18;2019-02-18,"Boinnet orders Rift Valley police to end Turkana-West Pokot border clashes;Transport, businesses paralysed in Kainuk after Turkana, Pokot clashes",Citizen TV,1,Kainuk town,Kainuk area,Turkana county,Turkana South constituency,1.806103,35.572075,POINT (35.572075 1.806103),132192,Kenya,501,Africa,2,1,2019-02-16 00:00:00.000,2019-02-16 00:00:00.000,0,0,0,0,0,2,0,,
279892,UGA-2019-2-5314-2,2019,0,Clear,2,5314,4704,Pokot - Turkana,5314,5314,Pokot - Turkana,670,670,Pokot,693,693,Turkana,1,"""Citizen TV,2019-02-18,Boinnet orders Rift Valley police to end Turkana-West Pokot border clashes""",Citizen TV,2019-02-18,Boinnet orders Rift Valley police to end Turkana-West Pokot border clashes,Citizen TV,1,Kainuk town,Kainuk area,Turkana county,Turkana South constituency,1.806103,35.572075,POINT (35.572075 1.806103),132192,Kenya,501,Africa,1,1,2019-02-17 00:00:00.000,2019-02-17 00:00:00.000,0,0,0,3,3,3,3,,
279896,UGA-2019-2-5314-4.2,2019,0,Clear,2,5314,4704,Pokot - Turkana,5314,5314,Pokot - Turkana,670,670,Pokot,693,693,Turkana,1,"""The Star (Kenya),2019-03-01,Three shot dead in Turkana, Makueni counties""",The Star (Kenya),2019-03-01,"Three shot dead in Turkana, Makueni counties",West Pokot sub county commissioner Khalif Abdulai,2,Kambi Karaya village,Kambi Karaya,West Pokot county,Sigor constituency,1.560000,35.463000,POINT (35.463 1.56),132191,Kenya,501,Africa,1,1,2019-02-28 00:00:00.000,2019-02-28 00:00:00.000,0,0,0,1,1,1,1,,
279730,UGA-2019-2-5314-4.1,2019,0,Clear,2,5314,4704,Pokot - Turkana,5314,5314,Pokot - Turkana,670,670,Pokot,693,693,Turkana,1,"""The Star (Kenya),2019-03-01,Three shot dead in Turkana, Makueni counties""",The Star (Kenya),2019-03-01,"Three shot dead in Turkana, Makueni counties",West Pokot sub county commissioner Khalif Abdulai,1,Kainuk town,Lomosingo area in Kainuk,Turkana county,Turkana South constituency,1.806103,35.572075,POINT (35.572075 1.806103),132192,Kenya,501,Africa,1,1,2019-02-28 00:00:00.000,2019-02-28 00:00:00.000,0,0,0,1,1,1,1,,
326997,UGA-2019-2-5314-7,2019,0,Clear,2,5314,4704,Pokot - Turkana,5314,5314,Pokot - Turkana,670,670,Pokot,693,693,Turkana,1,"""The Star (Kenya),2020-01-28,Cop, two others killed in Kapedo attack""",The Star (Kenya),2020-01-28,"Cop, two others killed in Kapedo attack",,2,Tirioko location,"Atirir and Chepkilowon villages in Tirioko ward, Tiaty subcounty",Baringo county,Baringo East constituency,1.269590,35.863470,POINT (35.86347 1.26959),131472,Kenya,501,Africa,1,1,2019-11-05 00:00:00.000,2019-11-05 00:00:00.000,2,0,0,0,2,2,0,,
326996,UGA-2019-2-5314-6,2019,0,Clear,2,5314,4704,Pokot - Turkana,5314,5314,Pokot - Turkana,670,670,Pokot,693,693,Turkana,1,"""The Star (Kenya),2020-01-28,Cop, two others killed in Kapedo attack""",The Star (Kenya),2020-01-28,"Cop, two others killed in Kapedo attack",senior Baringo security source,2,Kapedo village,"Kapau in Tiaty

Near Kapedo area administratively lies in Turkana East subcounty.",Baringo county,Tiaty constituency,1.169220,36.095494,POINT (36.095494 1.16922),131473,Kenya,501,Africa,1,1,2019-12-02 00:00:00.000,2019-12-02 00:00:00.000,3,0,0,0,3,3,3,,
326998,UGA-2020-2-5314-0,2020,0,Clear,2,5314,4704,Pokot - Turkana,5314,5314,Pokot - Turkana,670,670,Pokot,693,693,Turkana,1,"""The Star (Kenya),2020-01-28,Cop, two others killed in Kapedo attack""",The Star (Kenya),2020-01-28,"Cop, two others killed in Kapedo attack",Lotela,2,Kapedo village,,Baringo county,Tiaty constituency,1.169220,36.095494,POINT (36.095494 1.16922),131473,Kenya,501,Africa,1,3,2020-01-13 00:00:00.000,2020-01-19 00:00:00.000,1,0,0,0,1,1,0,,
326999,UGA-2020-2-5314-1,2020,0,Clear,2,5314,4704,Pokot - Turkana,5314,5314,Pokot - Turkana,670,670,Pokot,693,693,Turkana,1,"""BBC Monitoring Africa,2020-01-29,'Fears of mounting insecurity grow' in Kenya's Baringo County""",BBC Monitoring Africa,2020-01-29,'Fears of mounting insecurity grow' in Kenya's Baringo County,,2,Loruk-Chemolingot road,along the Loruk-Chemolingot road in Baringo County,Baringo county,Tiaty constituency,0.855996,36.026894,POINT (36.026894 0.855996),130753,Kenya,501,Africa,1,2,2020-01-27 00:00:00.000,2020-01-29 00:00:00.000,0,0,0,0,0,1,0,,
370495,UGA-2020-2-5314-2,2020,0,Clear,2,5314,4704,Pokot - Turkana,5314,5314,Pokot - Turkana,670,670,Pokot,693,693,Turkana,2,"""The Star (Kenya),2020-11-20,Form One student killed by suspected Pokot bandits in Kapedo"";""Crisis Watch,2020-12-01,Kenya NOVEMBER 2020""",The Star (Kenya);Crisis Watch,2020-11-20;2020-12-01,Form One student killed by suspected Pokot bandits in Kapedo;Kenya NOVEMBER 2020,Turkana Police Commander,2,Kapedo village,Kapedo,Turkana county,Turkana East constituency,1.183731,36.102931,POINT (36.102931 1.183731),131473,Kenya,501,Africa,1,2,2020-11-19 00:00:00.000,2020-11-20 00:00:00.000,0,0,1,0,1,1,1,,
379579,UGA-2021-2-5314-0,2021,0,Clear,2,5314,4704,Pokot - Turkana,5314,5314,Pokot - Turkana,670,670,Pokot,693,693,Turkana,2,"""The Star (Kenya),2021-01-15,Kapedo attack victims in dire need of aid - Red Cross"";""Crisis Watch,2021-02-01,Kenya JANUARY 2021""",The Star (Kenya);Crisis Watch,2021-01-15;2021-02-01,Kapedo attack victims in dire need of aid - Red Cross;Kenya JANUARY 2021,Kenya Red-Cross Baringo coordinator,2,Kapedo village,"Kapedo, Turkana East",Turkana county,Turkana East constituency,1.183731,36.102931,POINT (36.102931 1.183731),131473,Kenya,501,Africa,1,2,2021-01-11 00:00:00.000,2021-01-15 00:00:00.000,0,0,0,1,1,1,1,,
379613,UGA-2021-2-5314-2,2021,0,Clear,2,5314,4704,Pokot - Turkana,5314,5314,Pokot - Turkana,670,670,Pokot,693,693,Turkana,4,"""Xinhua News Agency,2021-01-20,6 killed in security operation in NW Kenya"";""The Star (Kenya),2021-01-25,10,000 Kapedo attack victims need food, water, drugs"";""BBC Monitoring Africa,2021-01-26,Kenya to impose night curfew on violence-plagued region"";""Crisis Watch,2021-02-01,Kenya JANUARY 2021""",Xinhua News Agency;The Star (Kenya);BBC Monitoring Africa;Crisis Watch,2021-01-20;2021-01-25;2021-01-26;2021-02-01,"6 killed in security operation in NW Kenya;10,000 Kapedo attack victims need food, water, drugs;Kenya to impose night curfew on violence-plagued region;Kenya JANUARY 2021",Rift Valley Regional Commissioner,2,Arabal locality,"Arabal area, in Baringo county",Baringo county,Baringo South constituency,0.456461,36.202299,POINT (36.202299 0.456461),130033,Kenya,501,Africa,1,1,2021-01-20 00:00:00.000,2021-01-20 00:00:00.000,0,0,0,6,6,6,6,,
34088,ETH-1998-2-195-1,1998,1,Clear,2,5351,4741,Borana - Degodia,5351,5351,Borana - Degodia,591,591,Borana,918,918,Degodia,1,"""BBC Monitoring Service: Africa ,1998-08-24,Tribal clashes leave 12 dead in northeast.""",BBC Monitoring Service: Africa,1998-08-24,Tribal clashes leave 12 dead in northeast.,,2,Arba Jahan Trading Centre,"Arba Jahan Trading Centre, Wajir district, North Eastern Province",North Eastern province,Wajir district,2.066670,38.983330,POINT (38.98333 2.06667),132918,Kenya,501,Africa,1,2,1998-08-22 00:00:00.000,1998-08-23 00:00:00.000,0,9,0,0,9,9,9,,
34091,ETH-1998-2-195-3,1998,1,Clear,2,5351,4741,Borana - Degodia,5351,5351,Borana - Degodia,591,591,Borana,918,918,Degodia,-1,BBC 240898,,,,,1,Wajir Bor village,"Wajir Bor, Wajir district, North Eastern Province",North Eastern province,Wajir district,1.747020,40.533770,POINT (40.53377 1.74702),132202,Kenya,501,Africa,1,1,1998-08-23 00:00:00.000,1998-08-23 00:00:00.000,0,0,0,3,3,3,3,,
34092,ETH-1998-2-195-2,1998,1,Clear,2,5351,4741,Borana - Degodia,5351,5351,Borana - Degodia,591,591,Borana,918,918,Degodia,2,"""Xinhua News Agency,1998-10-29,300 Feared Dead in Bandit Raids in Kenya."";""Reuters News,1998-10-31,Kenyan Somalis count losses after bloody raids.""",Xinhua News Agency;Reuters News,1998-10-29;1998-10-31,300 Feared Dead in Bandit Raids in Kenya.;Kenyan Somalis count losses after bloody raids.,"media report, officials and witnesses, OLF",3,Wajir district,"Wajir district, North Eastern Province",North Eastern province,Wajir district,1.750000,40.250000,POINT (40.25 1.75),132201,Kenya,501,Africa,2,2,1998-10-24 00:00:00.000,1998-10-26 00:00:00.000,0,147,0,0,147,284,147,,
345939,ETH-2020-2-5351-0,2020,0,Clear,2,5351,4741,Borana - Degodia,5351,5351,Borana - Degodia,591,591,Borana,918,918,Degodia,2,"""The Star (Kenya),2020-06-14,Stolen camels returned as leaders call for peace"";""Crisis Watch,2020-07-01,Kenya  JUNE 2020""",The Star (Kenya);Crisis Watch,2020-06-14;2020-07-01,Stolen camels returned as leaders call for peace;Kenya  JUNE 2020,Governor; CrisisWatch,2,Border between Wajir and Marsabit,border area between Wajir and Marsabit,,,2.081007,39.008378,POINT (39.008378 2.081007),132919,Kenya,501,Africa,1,4,2020-06-07 00:00:00.000,2020-06-14 00:00:00.000,0,0,0,13,13,13,13,,
345941,ETH-2020-2-5351-1,2020,0,Clear,2,5351,4741,Borana - Degodia,5351,5351,Borana - Degodia,591,591,Borana,918,918,Degodia,1,"""All Africa,2020-06-15,Four Herders Killed in Marsabit as Tensions Escalate  
CR  Capital FM""",All Africa,2020-06-15,"Four Herders Killed in Marsabit as Tensions Escalate  
CR  Capital FM",the police chief for Marsabit sub-county,2,Border between Wajir and Marsabit,border area between Wajir and Marsabit,,,2.081007,39.008378,POINT (39.008378 2.081007),132919,Kenya,501,Africa,1,2,2020-06-14 00:00:00.000,2020-06-15 00:00:00.000,4,0,0,0,4,4,4,,
379633,ETH-2021-2-5351-2,2021,0,Clear,2,5351,4741,Borana - Degodia,5351,5351,Borana - Degodia,591,591,Borana,918,918,Degodia,3,"""The Star (Kenya),2021-01-22,Isiolo to get four police stations to improve security"";""Crisis Watch,2021-02-01,Kenya JANUARY 2021"";""Shahidi News,2021-06-10,Six Killed In 48 Hours In Fresh Attacks Near Isiolo-Wajir Border""",The Star (Kenya);Crisis Watch;Shahidi News,2021-01-22;2021-02-01;2021-06-10,Isiolo to get four police stations to improve security;Kenya JANUARY 2021;Six Killed In 48 Hours In Fresh Attacks Near Isiolo-Wajir Border,CrisisWatch,2,Urura locality,Urura along the border of Isiolo and Wajir,Isiolo county,Isiolo North constituency,1.619456,38.935265,POINT (38.935265 1.619456),132198,Kenya,501,Africa,1,1,2021-01-10 00:00:00.000,2021-01-10 00:00:00.000,0,0,0,6,6,8,6,,
425558,ETH-2021-2-5351-1,2021,0,Clear,2,5351,4741,Borana - Degodia,5351,5351,Borana - Degodia,591,591,Borana,918,918,Degodia,1,"""Crisiswatch,2022-01-01,Kenya DECEMBER 2021""",Crisiswatch,2022-01-01,Kenya DECEMBER 2021,CrisisWatch,2,Urura locality,Mado Salesa area,Isiolo county,Isiolo North constituency,1.619456,38.935265,POINT (38.935265 1.619456),132198,Kenya,501,Africa,1,1,2021-12-22 00:00:00.000,2021-12-22 00:00:00.000,2,0,0,0,2,2,2,,
425557,ETH-2021-2-5351-0,2021,0,Clear,2,5351,4741,Borana - Degodia,5351,5351,Borana - Degodia,591,591,Borana,918,918,Degodia,1,"""Crisiswatch,2022-01-01,Kenya DECEMBER 2021""",Crisiswatch,2022-01-01,Kenya DECEMBER 2021,CrisisWatch,2,Border between Wajir and Marsabit,Basuke area along Marsabit-Wajir border.,,,2.081007,39.008378,POINT (39.008378 2.081007),132919,Kenya,501,Africa,1,1,2021-12-24 00:00:00.000,2021-12-24 00:00:00.000,0,0,0,4,4,4,4,,
434459,ETH-2022-2-5351-0,2022,0,Clear,2,5351,4741,Borana - Degodia,5351,5351,Borana - Degodia,591,591,Borana,918,918,Degodia,1,"""Crisiswatch,2022-04-01,Kenya MARCH 2022""",Crisiswatch,2022-04-01,Kenya MARCH 2022,CrisisWatch,4,Isiolo county,Degogicha area.,Isiolo county,,0.983333,38.533333,POINT (38.533333 0.983333),130758,Kenya,501,Africa,1,2,2022-03-01 00:00:00.000,2022-03-06 00:00:00.000,0,0,0,5,5,5,5,,
33993,ETH-2000-2-220-8,2000,1,Clear,2,5371,4761,Ajuran - Garre,5371,5371,Ajuran - Garre,924,924,Ajuran,1079,1079,Garre,-1,"Schlee, Gnter (2009) Changing Alliances among the Boran, Garre, Gabra in Northern Kenya and Southern Ethiopia. In Schlee, Gnter and Elizabeth E. Watson, eds, Changing Identifications and Alliances in North-East Africa. New York and Oxford: Berghah Books, 208f",,,,,1,Gurar trading center,"Gurar trading center, Wajir district, North Easernt Province",North Eastern province,Wajir district,3.370975,39.576608,POINT (39.576608 3.370975),134360,Kenya,501,Africa,1,1,2000-03-16 00:00:00.000,2000-03-16 00:00:00.000,0,1,0,0,1,1,1,,
33998,ETH-2000-2-220-10,2000,1,Clear,2,5371,4761,Ajuran - Garre,5371,5371,Ajuran - Garre,924,924,Ajuran,1079,1079,Garre,-1,"Schlee, Gnter (2009) Changing Alliances among the Boran, Garre, Gabra in Northern Kenya and Southern Ethiopia. In Schlee, Gnter and Elizabeth E. Watson, eds, Changing Identifications and Alliances in North-East Africa. New York and Oxford: Berghah Books, 208f",,,,,2,Gurar trading center,"Gurar trading center (near), Wajir District, North Eastern Province",North Eastern province,Wajir district,3.370975,39.576608,POINT (39.576608 3.370975),134360,Kenya,501,Africa,1,1,2000-03-22 00:00:00.000,2000-03-22 00:00:00.000,1,0,0,0,1,1,1,,
33987,ETH-2000-2-220-11,2000,1,Clear,2,5371,4761,Ajuran - Garre,5371,5371,Ajuran - Garre,924,924,Ajuran,1079,1079,Garre,-1,"Schlee, Gnter (2009) Changing Alliances among the Boran, Garre, Gabra in Northern Kenya and Southern Ethiopia. In Schlee, Gnter and Elizabeth E. Watson, eds, Changing Identifications and Alliances in North-East Africa. New York and Oxford: Berghah Books, 208f",,,,,3,Wajir district,"Qofoole, Wajir district, North Eastern Province",North Eastern province,Wajir district,1.750000,40.250000,POINT (40.25 1.75),132201,Kenya,501,Africa,1,1,2000-03-27 00:00:00.000,2000-03-27 00:00:00.000,0,4,0,0,4,4,4,,
33988,ETH-2000-2-220-12,2000,1,Clear,2,5371,4761,Ajuran - Garre,5371,5371,Ajuran - Garre,924,924,Ajuran,1079,1079,Garre,-1,"Schlee, Gnter (2009) Changing Alliances among the Boran, Garre, Gabra in Northern Kenya and Southern Ethiopia. In Schlee, Gnter and Elizabeth E. Watson, eds, Changing Identifications and Alliances in North-East Africa. New York and Oxford: Berghah Books, 208f",,,,,1,Nana area,"Nana, Moyale district, Eastern Province",Eastern province,Moyale district,3.483333,39.216666,POINT (39.216666 3.483333),134359,Kenya,501,Africa,1,3,2000-03-28 00:00:00.000,2000-04-03 00:00:00.000,0,2,0,0,2,2,2,,
34003,ETH-2000-2-220-2,2000,1,Clear,2,5371,4761,Ajuran - Garre,5371,5371,Ajuran - Garre,924,924,Ajuran,1079,1079,Garre,-1,HoAB 3/2000,,,,,3,Wajir district,"Mandera district, North Eastern Province, Wajir district, North Eastern Province (on the border of)",North Eastern province,Wajir district,1.750000,40.250000,POINT (40.25 1.75),132201,Kenya,501,Africa,2,4,2000-06-07 00:00:00.000,2000-06-21 00:00:00.000,0,0,0,6,6,6,6,,
34004,ETH-2000-2-220-4,2000,1,Clear,2,5371,4761,Ajuran - Garre,5371,5371,Ajuran - Garre,924,924,Ajuran,1079,1079,Garre,-1,Xinhua2000-07-21,,,,,3,Wajir district,"Wajir district, North Eastern Province",North Eastern province,Wajir district,1.750000,40.250000,POINT (40.25 1.75),132201,Kenya,501,Africa,2,4,2000-06-20 00:00:00.000,2000-07-20 00:00:00.000,0,0,0,27,27,27,27,,
33997,ETH-2000-2-220-3,2000,1,Clear,2,5371,4761,Ajuran - Garre,5371,5371,Ajuran - Garre,924,924,Ajuran,1079,1079,Garre,-1,Xinhua2000-07-21,,,,East African Standard newspaper; district official,3,Wajir district,"Wajir district, North Eastern Province",North Eastern province,Wajir district,1.750000,40.250000,POINT (40.25 1.75),132201,Kenya,501,Africa,1,2,2000-07-19 00:00:00.000,2000-07-20 00:00:00.000,5,12,0,0,17,17,17,,
33989,ETH-2000-2-220-5,2000,1,Clear,2,5371,4761,Ajuran - Garre,5371,5371,Ajuran - Garre,924,924,Ajuran,1079,1079,Garre,-1,"HoAB6/2000, 17",,,,"Mohamed Abokar, an area resident",1,Ajawa border post,"Ajawa, Eastern Province, Moyale district",Eastern province,Moyale district,3.533300,39.633300,POINT (39.6333 3.5333),135080,Kenya,501,Africa,1,1,2000-11-01 00:00:00.000,2000-11-01 00:00:00.000,0,8,0,0,8,8,8,,
34002,ETH-2000-2-220-6,2000,1,Clear,2,5371,4761,Ajuran - Garre,5371,5371,Ajuran - Garre,924,924,Ajuran,1079,1079,Garre,-1,IRIN 7/12-00,,,,Local officials,1,Gurar trading center,"Gurar trading center, Wajir district, North Easernt Province",North Eastern province,Wajir district,3.370975,39.576608,POINT (39.576608 3.370975),134360,Kenya,501,Africa,1,1,2000-11-30 00:00:00.000,2000-11-30 00:00:00.000,0,0,0,12,12,12,12,,
43878,KEN-1996-2-221-1,1996,0,Clear,2,5372,4762,Borana - Samburu,5372,5372,Borana - Samburu,591,591,Borana,925,925,Samburu,-1,Reuters 1996-06-21,,,,Daily Nation newspaper,3,Isiolo district,Isiolo district (30 km north of Isiolo town),Eastern province,Isiolo district,1.000000,38.750000,POINT (38.75 1),131478,Kenya,501,Africa,1,1,1996-06-19 00:00:00.000,1996-06-19 00:00:00.000,13,0,0,0,13,13,13,,
43753,KEN-2001-2-221-1,2001,1,Clear,2,5372,4762,Borana - Samburu,5372,5372,Borana - Samburu,591,591,Borana,925,925,Samburu,-1,Reuters 2001-02-09,,,,local newspapers,2,Serolevi town,Serolevi town (near),Rift Valley province,Samburu district,1.033333,36.950000,POINT (36.95 1.033333),131474,Kenya,501,Africa,1,1,2001-02-08 00:00:00.000,2001-02-08 00:00:00.000,0,0,0,30,30,30,30,,
43866,KEN-2008-2-221-4,2008,0,Clear,2,5372,4762,Borana - Samburu,5372,5372,Borana - Samburu,591,591,Borana,925,925,Samburu,-1,"CEWARN country updates, kenyan side of somali cluster, sep-dec 08",,,,,3,Isiolo district,Isiolo district (Biligo Village),Eastern province,Isiolo district,1.000000,38.750000,POINT (38.75 1),131478,Kenya,501,Africa,1,4,2008-09-01 00:00:00.000,2008-09-30 00:00:00.000,0,0,0,2,2,2,2,,
44408,KEN-2008-2-221-3,2008,0,Clear,2,5372,4762,Borana - Samburu,5372,5372,Borana - Samburu,591,591,Borana,925,925,Samburu,-1,"CEWARN country updates, kenyan side of somali cluster, sep-dec 08",,,,,3,Isiolo district,Isiolo district (Biligo Village),Eastern province,Isiolo district,1.000000,38.750000,POINT (38.75 1),131478,Kenya,501,Africa,1,4,2008-09-01 00:00:00.000,2008-09-30 00:00:00.000,0,0,0,5,5,5,5,,
44407,KEN-2008-2-221-1,2008,0,Clear,2,5372,4762,Borana - Samburu,5372,5372,Borana - Samburu,591,591,Borana,925,925,Samburu,-1,"All Africa 2008-09-17 ""Herders Killed in Clashes",,,,.,3,Isiolo district,Isiolo district,Eastern province,Isiolo district,1.000000,38.750000,POINT (38.75 1),131478,Kenya,501,Africa,1,1,2008-10-16 00:00:00.000,2008-10-16 00:00:00.000,0,0,0,4,4,7,4,,
44139,KEN-2008-2-221-2,2008,0,Clear,2,5372,4762,Borana - Samburu,5372,5372,Borana - Samburu,591,591,Borana,925,925,Samburu,-1,"AllAfrica 2008-10-18  ""Hundreds Displaced in 'Drought' Clashes",,,,.,4,Eastern province,Isiolo-Samburu district border,Eastern province,,0.583736,37.544442,POINT (37.544442 0.583736),130756,Kenya,501,Africa,1,1,2008-10-18 00:00:00.000,2008-10-18 00:00:00.000,0,0,0,6,6,6,6,,
237188,ETH-2017-2-5372-0,2017,0,Clear,2,5372,4762,Borana - Samburu,5372,5372,Borana - Samburu,591,591,Borana,925,925,Samburu,2,"""Reuters News,2017-03-19,Kenya clashes over grazing leaves 10 dead in drought-hit north"";""Agence France Presse,2017-03-20,10 killed in latest Kenya drought clash""",Reuters News;Agence France Presse,2017-03-19;2017-03-20,Kenya clashes over grazing leaves 10 dead in drought-hit north;10 killed in latest Kenya drought clash,Isiolo County police commander Charles Ontita.,1,Kom locality,"Kom, 100 kilometers (62 miles) northeast from the town of Isiolo.",Isiolo county,Isiolo North constituency,1.083333,38.033333,POINT (38.033333 1.083333),131477,Kenya,501,Africa,1,1,2017-03-19 00:00:00.000,2017-03-19 00:00:00.000,0,0,0,10,10,10,10,,
281923,ETH-2019-2-5372-0,2019,0,Clear,2,5372,4762,Borana - Samburu,5372,5372,Borana - Samburu,591,591,Borana,925,925,Samburu,1,"""ICG,2019-04-01,Kenya  MARCH 2019""",ICG,2019-04-01,Kenya  MARCH 2019,ICG,1,Kom locality,"Kom area, Isiolo county",Isiolo county,Isiolo North constituency,1.083333,38.033333,POINT (38.033333 1.083333),131477,Kenya,501,Africa,1,1,2019-03-19 00:00:00.000,2019-03-19 00:00:00.000,0,0,0,3,3,3,3,,
43986,KEN-1992-2-224-1,1992,1,Clear,2,5373,4763,Kalenjin - Luhya,5373,5373,Kalenjin - Luhya,1024,1024,Kalenjin,928,928,Luhya,-1,Reuters 1992-04-09,,,,"Masinde Muliro, the Forum for the Restoration of Democracy (FORD) party's vice-chairman",1,Bungoma town,Bungoma town,Western province,Bungoma district,0.566667,34.566667,POINT (34.566667 0.566667),130750,Kenya,501,Africa,2,2,1992-04-05 00:00:00.000,1992-04-09 00:00:00.000,0,0,0,15,15,15,15,,
43699,KEN-1992-2-224-8,1992,1,Clear,2,5373,4763,Kalenjin - Luhya,5373,5373,Kalenjin - Luhya,1024,1024,Kalenjin,928,928,Luhya,-1,HRW Divide and Rule Nov 1993 p. 30,,,,-,3,Bungoma district,Bungoma district,Western province,Bungoma district,0.750000,34.583333,POINT (34.583333 0.75),130750,Kenya,501,Africa,1,1,1992-04-12 00:00:00.000,1992-04-12 00:00:00.000,0,0,0,14,14,14,14,,
43737,KEN-1992-2-224-2,1992,1,Clear,2,5373,4763,Kalenjin - Luhya,5373,5373,Kalenjin - Luhya,1024,1024,Kalenjin,928,928,Luhya,-1,Reuters 1992-04-19,,,,Kenya police headquarters,1,Turbo town,Turbo town,Rift Valley province,Uasin Gishu district,0.633333,35.050000,POINT (35.05 0.633333),130751,Kenya,501,Africa,1,1,1992-04-17 00:00:00.000,1992-04-17 00:00:00.000,0,0,0,8,8,8,8,,
43837,KEN-1992-2-224-5,1992,1,Clear,2,5373,4763,Kalenjin - Luhya,5373,5373,Kalenjin - Luhya,1024,1024,Kalenjin,928,928,Luhya,-1,Reuters 1992-04-20,,,,local newspapers reported on Monday,2,Bungoma town,Bungoma town (near),Western province,Bungoma district,0.566667,34.566667,POINT (34.566667 0.566667),130750,Kenya,501,Africa,2,2,1992-04-17 00:00:00.000,1992-04-19 00:00:00.000,3,0,2,0,5,5,5,,
43729,KEN-1992-2-224-4,1992,1,Clear,2,5373,4763,Kalenjin - Luhya,5373,5373,Kalenjin - Luhya,1024,1024,Kalenjin,928,928,Luhya,-1,Kenya Television Network (Nairobi) citing Senior Assistant Commissioner of Police Jeremiah Matagaro,,,,,3,Bungoma district,Bungoma district,Western province,Bungoma district,0.750000,34.583333,POINT (34.583333 0.75),130750,Kenya,501,Africa,1,1,1992-04-18 00:00:00.000,1992-04-18 00:00:00.000,0,0,0,4,4,4,4,,
43949,KEN-1992-2-224-3,1992,1,Clear,2,5373,4763,Kalenjin - Luhya,5373,5373,Kalenjin - Luhya,1024,1024,Kalenjin,928,928,Luhya,-1,BBC 1992-04-21,,,,"Kenya Television Network (Nairobi) reported, citing a statement made by Senior Assistant Commissioner of Police Jeremiah Matagaro",2,Turbo town,Turbo town (near),Rift Valley province,Uasin Gishu district,0.633333,35.050000,POINT (35.05 0.633333),130751,Kenya,501,Africa,1,1,1992-04-18 00:00:00.000,1992-04-18 00:00:00.000,0,0,0,4,4,4,4,,
43715,KEN-1992-2-224-10,1992,1,Clear,2,5373,4763,Kalenjin - Luhya,5373,5373,Kalenjin - Luhya,1024,1024,Kalenjin,928,928,Luhya,-1,"HRW Divide and rule, p 32",,,,assistant sub-chief,1,Chepkube village,Chepkube village,Western province,Bungoma district,0.850000,34.433333,POINT (34.433333 0.85),130749,Kenya,501,Africa,1,4,1992-07-01 00:00:00.000,1992-07-31 00:00:00.000,10,0,0,0,10,10,10,,
43885,KEN-1992-2-224-6,1992,1,Clear,2,5373,4763,Kalenjin - Luhya,5373,5373,Kalenjin - Luhya,1024,1024,Kalenjin,928,928,Luhya,1,"""BBC Monitoring Service: Africa,1992-09-01,Government repatriates Over 300 Kenyan refugees.""",BBC Monitoring Service: Africa,1992-09-01,Government repatriates Over 300 Kenyan refugees.,,3,Bungoma district,Bungoma district,Western province,Bungoma district,0.750000,34.583333,POINT (34.583333 0.75),130750,Kenya,501,Africa,1,1,1992-08-27 00:00:00.000,1992-08-27 00:00:00.000,0,0,0,8,8,8,8,,
44148,KEN-1992-2-224-7,1992,1,Clear,2,5373,4763,Kalenjin - Luhya,5373,5373,Kalenjin - Luhya,1024,1024,Kalenjin,928,928,Luhya,-1,Reuters 1992-12-29,,,,"""witnesses and local reporters"" nothing more detailed said",1,Webuye town,Webuye town,Western province,Bungoma district,0.616667,34.766667,POINT (34.766667 0.616667),130750,Kenya,501,Africa,1,1,1992-12-28 00:00:00.000,1992-12-28 00:00:00.000,0,0,0,1,1,1,1,,
43680,KEN-1993-2-224-3,1993,1,Clear,2,5373,4763,Kalenjin - Luhya,5373,5373,Kalenjin - Luhya,1024,1024,Kalenjin,928,928,Luhya,-1,"HRW divide and rule, p48",,,,-,3,Trans Nzoia district,Trans Nzoia District (and Bungoma Districts),Rift Valley province,Trans Nzoia district,1.016667,35.000000,POINT (35 1.016667),131471,Kenya,501,Africa,2,5,1993-01-01 00:00:00.000,1993-02-28 00:00:00.000,0,14,0,0,14,14,14,,
44452,KEN-1993-2-224-1,1993,1,Clear,2,5373,4763,Kalenjin - Luhya,5373,5373,Kalenjin - Luhya,1024,1024,Kalenjin,928,928,Luhya,-1,Reuters 1993-10-27,,,,"residents a.o. John Wakhungu, from the Luhya tribe",1,Machakha town,Machakha town,Western province,Bungoma district,0.755833,34.441389,POINT (34.441389 0.755833),130749,Kenya,501,Africa,1,1,1993-10-25 00:00:00.000,1993-10-25 00:00:00.000,0,13,0,0,13,13,13,,
44182,KEN-1992-2-225-4,1992,1,Clear,2,5374,4764,"Kalenjin - Kisii, Luo",5374,5374,"Kalenjin - Kisii, Luo",1024,1024,Kalenjin,3816,3816,"Kisii, Luo",-1,Reuters 1992-03-15,,,,District Commissioner Timothy Sirma,2,Kericho town,Kericho town (near),Rift Valley province,Kericho district,-0.366667,35.283333,POINT (35.283333 -0.366667),129311,Kenya,501,Africa,2,4,1992-03-05 00:00:00.000,1992-03-15 00:00:00.000,0,0,0,11,11,11,11,,
43938,KEN-1992-2-225-1,1992,1,Clear,2,5374,4764,"Kalenjin - Kisii, Luo",5374,5374,"Kalenjin - Kisii, Luo",1024,1024,Kalenjin,3816,3816,"Kisii, Luo",-1,Reuters 1992-03-17,,,,Local newspapers,4,Rift Valley province,Rift Valley province,Rift Valley province,,0.500000,36.000000,POINT (36 0.5),130753,Kenya,501,Africa,1,1,1992-03-16 00:00:00.000,1992-03-16 00:00:00.000,0,0,0,18,18,18,18,,
44410,KEN-1992-2-225-5,1992,1,Clear,2,5374,4764,"Kalenjin - Kisii, Luo",5374,5374,"Kalenjin - Kisii, Luo",1024,1024,Kalenjin,3816,3816,"Kisii, Luo",-1,Reuters 1992-04-09,,,,"Masinde Muliro, the Forum for the Restoration of Democracy (FORD) party's vice-chairman",1,Kisii town,Kisii town,Nyanza province,Kisii Central district,-0.683333,34.766667,POINT (34.766667 -0.683333),128590,Kenya,501,Africa,2,2,1992-04-05 00:00:00.000,1992-04-09 00:00:00.000,0,0,0,11,11,11,11,,
43692,KEN-1997-2-226-1,1997,1,Clear,2,5375,4765,Kisii - Maasai,5375,5375,Kisii - Maasai,927,927,Kisii,1030,1030,Maasai,-1,Reuters 1997-10-31,,,,police,5,Southwestern Kenya,southwest Kenya,,,-0.500000,35.250000,POINT (35.25 -0.5),129311,Kenya,501,Africa,1,1,1997-10-31 00:00:00.000,1997-10-31 00:00:00.000,5,0,0,0,5,5,5,,
43695,KEN-1997-2-226-2,1997,1,Clear,2,5375,4765,Kisii - Maasai,5375,5375,Kisii - Maasai,927,927,Kisii,1030,1030,Maasai,-1,Reuters 1997-12-18,,,,,3,Trans Mara district,Trans Mara district,Rift Valley province,Trans Mara district,-1.007695,34.880621,POINT (34.880621 -1.007695),127870,Kenya,501,Africa,2,4,1997-11-01 00:00:00.000,1997-11-30 00:00:00.000,0,0,0,45,45,50,45,,
43475,KEN-1997-2-226-3,1997,1,Clear,2,5375,4765,Kisii - Maasai,5375,5375,Kisii - Maasai,927,927,Kisii,1030,1030,Maasai,-1,Reuters 1997-12-18,,,,regional officials,3,Trans Mara district,Trans Mara district,Rift Valley province,Trans Mara district,-1.007695,34.880621,POINT (34.880621 -1.007695),127870,Kenya,501,Africa,2,3,1997-12-08 00:00:00.000,1997-12-14 00:00:00.000,0,0,0,3,3,3,3,,
43519,KEN-1997-2-226-5,1997,1,Clear,2,5375,4765,Kisii - Maasai,5375,5375,Kisii - Maasai,927,927,Kisii,1030,1030,Maasai,-1,Reuters 1997-12-24,,,,Daily Nation newspaper,1,Kisii town,Kisii town,Nyanza province,Kisii Central district,-0.683333,34.766667,POINT (34.766667 -0.683333),128590,Kenya,501,Africa,1,1,1997-12-24 00:00:00.000,1997-12-24 00:00:00.000,0,0,0,1,1,1,1,,
44164,KEN-1997-2-226-6,1997,1,Clear,2,5375,4765,Kisii - Maasai,5375,5375,Kisii - Maasai,927,927,Kisii,1030,1030,Maasai,-1,Reuters1997-12-28; Reuters2; ARB Dec. 1997,,,,police,3,Trans Mara district,Trans Mara district (Ekona Yangare town),Rift Valley province,Trans Mara district,-1.007695,34.880621,POINT (34.880621 -1.007695),127870,Kenya,501,Africa,1,1,1997-12-28 00:00:00.000,1997-12-28 00:00:00.000,3,0,0,0,3,3,3,,
44123,KEN-2001-2-226-2,2001,0,Clear,2,5375,4765,Kisii - Maasai,5375,5375,Kisii - Maasai,927,927,Kisii,1030,1030,Maasai,1,"""Reuters News,2001-05-15,Hundreds of Kenyans flee after clashes kill four.""",Reuters News,2001-05-15,Hundreds of Kenyans flee after clashes kill four.,police,4,Nyanza province,southwest of the country,Nyanza province,,0.500000,34.500000,POINT (34.5 0.5),130750,Kenya,501,Africa,2,5,2001-03-15 00:00:00.000,2001-05-15 00:00:00.000,0,0,0,16,16,16,16,,
43887,KEN-2001-2-226-1,2001,0,Clear,2,5375,4765,Kisii - Maasai,5375,5375,Kisii - Maasai,927,927,Kisii,1030,1030,Maasai,-1,Reuters 2001-05-15,,,,police; witnesses; medical sources,1,Kisii town,Kisii town,Nyanza province,Kisii Central district,-0.683333,34.766667,POINT (34.766667 -0.683333),128590,Kenya,501,Africa,1,1,2001-05-14 00:00:00.000,2001-05-14 00:00:00.000,0,0,0,4,4,4,4,,
44121,KEN-1992-2-227-1,1992,0,Clear,2,5376,4766,Kikuyu - Maasai,5376,5376,Kikuyu - Maasai,926,926,Kikuyu,1030,1030,Maasai,-1,"KLOPP Jacquelin ""Electoral Despotism in Kenya"" january 2001",,,,,1,Enoosupukia village,Enoosupukia village,Rift Valley province,Narok district,-0.913037,36.166820,POINT (36.16682 -0.913037),128593,Kenya,501,Africa,1,1,1992-06-10 00:00:00.000,1992-06-10 00:00:00.000,3,0,0,0,3,3,3,,
44107,KEN-1993-2-227-10,1993,1,Clear,2,5376,4766,Kikuyu - Maasai,5376,5376,Kikuyu - Maasai,926,926,Kikuyu,1030,1030,Maasai,-1,"HRW nov 1993, divide and rule p 57/58",,,,-,2,Enoosupukia village,Enoosupukia village (south of),Rift Valley province,Narok district,-0.913037,36.166820,POINT (36.16682 -0.913037),128593,Kenya,501,Africa,1,1,1993-10-12 00:00:00.000,1993-10-12 00:00:00.000,4,0,0,0,4,4,4,,
43740,KEN-1993-2-227-1,1993,1,Clear,2,5376,4766,Kikuyu - Maasai,5376,5376,Kikuyu - Maasai,926,926,Kikuyu,1030,1030,Maasai,-1,Reuters 1993-10-17,,,,"""Police"" nothing more mentioned",3,Narok district,Narok district,Rift Valley province,Narok district,-1.250000,35.750000,POINT (35.75 -1.25),127872,Kenya,501,Africa,1,1,1993-10-13 00:00:00.000,1993-10-13 00:00:00.000,0,0,0,4,4,4,4,,
43678,KEN-1993-2-227-2,1993,1,Clear,2,5376,4766,Kikuyu - Maasai,5376,5376,Kikuyu - Maasai,926,926,Kikuyu,1030,1030,Maasai,-1,Reuters 1993-10-17,,,,"""Police"" nothing more mentioned",3,Narok district,Narok district,Rift Valley province,Narok district,-1.250000,35.750000,POINT (35.75 -1.25),127872,Kenya,501,Africa,1,1,1993-10-15 00:00:00.000,1993-10-15 00:00:00.000,10,0,0,0,10,10,10,,
43696,KEN-1993-2-227-11,1993,1,Clear,2,5376,4766,Kikuyu - Maasai,5376,5376,Kikuyu - Maasai,926,926,Kikuyu,1030,1030,Maasai,-1,"HRW nov 1993, divide and rule p 57/58",,,,-,2,Enoosupukia village,Enoosupukia village (south of),Rift Valley province,Narok district,-0.913037,36.166820,POINT (36.16682 -0.913037),128593,Kenya,501,Africa,1,1,1993-10-15 00:00:00.000,1993-10-15 00:00:00.000,17,0,0,0,17,17,17,,
43868,KEN-1993-2-227-3,1993,1,Clear,2,5376,4766,Kikuyu - Maasai,5376,5376,Kikuyu - Maasai,926,926,Kikuyu,1030,1030,Maasai,-1,Reuters 1993-10-18,,,,Local media,3,Narok district,Narok district,Rift Valley province,Narok district,-1.250000,35.750000,POINT (35.75 -1.25),127872,Kenya,501,Africa,1,2,1993-10-16 00:00:00.000,1993-10-17 00:00:00.000,0,0,0,8,8,8,8,,
43735,KEN-1993-2-227-4,1993,1,Clear,2,5376,4766,Kikuyu - Maasai,5376,5376,Kikuyu - Maasai,926,926,Kikuyu,1030,1030,Maasai,-1,Reuters 1993-10-21,,,,local reporters,2,Mau Narok town,Mau Narok town (near),Rift Valley province,Nakuru district,-0.600000,36.000000,POINT (36 -0.6),128593,Kenya,501,Africa,1,1,1993-10-20 00:00:00.000,1993-10-20 00:00:00.000,5,1,0,0,6,6,6,,
43686,KEN-1993-2-227-5,1993,1,Clear,2,5376,4766,Kikuyu - Maasai,5376,5376,Kikuyu - Maasai,926,926,Kikuyu,1030,1030,Maasai,-1,Reuters 1993-10-26,,,,Police assistant commissioner Jeremiah Matagaro,4,Rift Valley province,Rift Valley province,Rift Valley province,,0.500000,36.000000,POINT (36 0.5),130753,Kenya,501,Africa,1,1,1993-10-25 00:00:00.000,1993-10-25 00:00:00.000,8,0,0,0,8,8,3,,
44052,KEN-1993-2-227-6,1993,1,Clear,2,5376,4766,Kikuyu - Maasai,5376,5376,Kikuyu - Maasai,926,926,Kikuyu,1030,1030,Maasai,-1,Reuters 1993-10-27,,,,"""witnesses""",1,Narok town,Narok town,Rift Valley province,Narok district,-1.083333,35.866667,POINT (35.866667 -1.083333),127872,Kenya,501,Africa,1,1,1993-10-27 00:00:00.000,1993-10-27 00:00:00.000,3,0,0,0,3,3,0,,
43674,KEN-1995-2-227-1,1995,0,Clear,2,5376,4766,Kikuyu - Maasai,5376,5376,Kikuyu - Maasai,926,926,Kikuyu,1030,1030,Maasai,-1,Reuters 1995-01-11,,,,"Aden Noor Aden, district commissioner in charge of the regional capital, Nakuru",1,Mau Narok town,Mau Narok town,Rift Valley province,Nakuru district,-0.600000,36.000000,POINT (36 -0.6),128593,Kenya,501,Africa,1,1,1995-01-06 00:00:00.000,1995-01-06 00:00:00.000,0,2,0,0,2,2,2,,
44051,KEN-1995-2-227-2,1995,0,Clear,2,5376,4766,Kikuyu - Maasai,5376,5376,Kikuyu - Maasai,926,926,Kikuyu,1030,1030,Maasai,-1,Reuters 1995-01-11,,,,"Aden Noor Aden, district commissioner in charge of the regional capital, Nakuru",1,Longonot farm,Longonot farm,Rift Valley province,Nakuru district,-0.833333,36.400000,POINT (36.4 -0.833333),128593,Kenya,501,Africa,1,2,1995-01-07 00:00:00.000,1995-01-11 00:00:00.000,10,0,0,0,10,11,10,,
43937,KEN-2005-2-227-1,2005,0,Clear,2,5376,4766,Kikuyu - Maasai,5376,5376,Kikuyu - Maasai,926,926,Kikuyu,1030,1030,Maasai,-1,"BBC Monitoring Africa 2005-01-23 ""Death toll in clashes in southwestern Kenya put at six"" AND Reuters 2005-01-23 ""Hundreds flee Kenya land clashes, eight dead"" AND Reuters 2005-01-23 ""UPDATE 1-Hundreds flee Kenya land clashes, 13 dead"" AND AFP 2005-01-23 ""At least 14 killed as Kenyan tribes fight over water"" AND AFP 2005-01-24 ""Thousands flee as death toll in Kenyan water clashes rises"" AND Dow Jones International News 2005-01-24 ""Clashes Over Kenya Water Supplies Leave At Least 14 Dead"" AFP 2005-01-25 ""Kenya's Kibaki vows crackdown amid escalating tribal clashes",,,,"Police, residents and officials",4,Rift Valley province,Rift Valley province,Rift Valley province,,0.500000,36.000000,POINT (36 0.5),130753,Kenya,501,Africa,2,2,2005-01-21 00:00:00.000,2005-01-24 00:00:00.000,0,0,0,17,17,20,17,,
44168,KEN-2005-2-227-2,2005,0,Clear,2,5376,4766,Kikuyu - Maasai,5376,5376,Kikuyu - Maasai,926,926,Kikuyu,1030,1030,Maasai,-1,"AFP 2005-01-31 ""Families flee new violence in central Kenya",,,,Narok police Commander Joshua Leyum,3,Narok district,Narok district,Rift Valley province,Narok district,-1.250000,35.750000,POINT (35.75 -1.25),127872,Kenya,501,Africa,1,1,2005-01-30 00:00:00.000,2005-01-30 00:00:00.000,1,0,0,0,1,1,1,,
44130,KEN-2005-2-227-3,2005,0,Clear,2,5376,4766,Kikuyu - Maasai,5376,5376,Kikuyu - Maasai,926,926,Kikuyu,1030,1030,Maasai,-1,"Reuters 2005-02-23 ""Man speared to death in Kenyan ethnic clashes"" AND BBC Monitoring Africa 2005-02-27 ""Kenya: Maasai leaders accuse police of using excessive force to quell clashes",,,,police,4,Rift Valley province,Rift Valley province,Rift Valley province,,0.500000,36.000000,POINT (36 0.5),130753,Kenya,501,Africa,1,1,2005-02-22 00:00:00.000,2005-02-22 00:00:00.000,0,0,0,1,1,2,1,,
44429,KEN-2005-2-227-4,2005,0,Clear,2,5376,4766,Kikuyu - Maasai,5376,5376,Kikuyu - Maasai,926,926,Kikuyu,1030,1030,Maasai,-1,"Reuters 2005-02-23 ""Man speared to death in Kenyan ethnic clashes",,,,police,4,Rift Valley province,Rift Valley province,Rift Valley province,,0.500000,36.000000,POINT (36 0.5),130753,Kenya,501,Africa,1,1,2005-02-24 00:00:00.000,2005-02-24 00:00:00.000,1,0,0,0,1,1,1,,
44112,KEN-2005-2-227-5,2005,0,Clear,2,5376,4766,Kikuyu - Maasai,5376,5376,Kikuyu - Maasai,926,926,Kikuyu,1030,1030,Maasai,-1,"AFP 2005-04-06 ""Five killed by cattle rustlers in Kenya's Rift Valley",,,,National police spokesman Jaspher Ombati,4,Rift Valley province,Rift Valley province,Rift Valley province,,0.500000,36.000000,POINT (36 0.5),130753,Kenya,501,Africa,1,1,2005-04-05 00:00:00.000,2005-04-05 00:00:00.000,0,0,0,0,0,5,0,,
43714,KEN-2006-2-227-1,2006,0,Clear,2,5376,4766,Kikuyu - Maasai,5376,5376,Kikuyu - Maasai,926,926,Kikuyu,1030,1030,Maasai,-1,"Reuters 2006-01-29 ""Two men speared to death in Kenyan ethnic attack",,,,Police,1,Eburru village,Eburru village,Rift Valley province,Nakuru district,-0.616667,36.250000,POINT (36.25 -0.616667),128593,Kenya,501,Africa,1,1,2006-01-29 00:00:00.000,2006-01-29 00:00:00.000,0,0,0,2,2,2,2,,
44177,KEN-2008-2-227-1,2008,0,Clear,2,5376,4766,Kikuyu - Maasai,5376,5376,Kikuyu - Maasai,926,926,Kikuyu,1030,1030,Maasai,-1,"AP 2008-01-18 ""On bloodiest day of protests, Kenya opposition vows to keep up pressure with strikes",,,,.,3,Narok district,Narok district,Rift Valley province,Narok district,-1.250000,35.750000,POINT (35.75 -1.25),127872,Kenya,501,Africa,1,1,2008-01-18 00:00:00.000,2008-01-18 00:00:00.000,0,0,0,5,5,5,5,,
44068,KEN-1999-2-228-1,1999,0,Clear,2,5377,4767,Marakwet - Pokot,5377,5377,Marakwet - Pokot,929,929,Marakwet,670,670,Pokot,-1,The Nation 1999-03-31,,,,,4,Rift Valley province,"West Pokot, Marakwet and Baringo borders",Rift Valley province,,0.500000,36.000000,POINT (36 0.5),130753,Kenya,501,Africa,2,5,1999-02-01 00:00:00.000,1999-03-31 00:00:00.000,0,0,0,10,10,10,10,,
43701,KEN-2001-2-228-1,2001,1,Clear,2,5377,4767,Marakwet - Pokot,5377,5377,Marakwet - Pokot,929,929,Marakwet,670,670,Pokot,-1,Xinhua 2001-01-15,,,,East African Standard newspaper,3,Elgeyo-Marakwet district,Marakwet district,Rift Valley province,Elgeyo-Marakwet district,0.948333,35.508611,POINT (35.508611 0.948333),130752,Kenya,501,Africa,1,2,2001-01-13 00:00:00.000,2001-01-14 00:00:00.000,0,0,0,4,4,4,4,,
64508,KEN-2001-2-228-4,2001,1,Clear,2,5377,4767,Marakwet - Pokot,5377,5377,Marakwet - Pokot,929,929,Marakwet,670,670,Pokot,1,"""Kenya Human Rights Commission (KHRC),2001-07-01,RAIDING DEMOCRACY: The Slaughter of the Marakwet in Kerio Valley""",Kenya Human Rights Commission (KHRC),2001-07-01,RAIDING DEMOCRACY: The Slaughter of the Marakwet in Kerio Valley,Peace and Reconciliation Unit of the National Council of churches (NCCK),3,West Pokot district,"Cheptulei village of Chesogon Division, West Pokot",Rift Valley province,West Pokot district,1.416667,35.250000,POINT (35.25 1.416667),131471,Kenya,501,Africa,1,1,2001-02-10 00:00:00.000,2001-02-10 00:00:00.000,0,0,2,0,2,2,2,,
64511,KEN-2001-2-228-5,2001,1,Clear,2,5377,4767,Marakwet - Pokot,5377,5377,Marakwet - Pokot,929,929,Marakwet,670,670,Pokot,1,"""Kenya Human Rights Commission (KHRC),2001-07-01,RAIDING DEMOCRACY: The Slaughter of the Marakwet in Kerio Valley""",Kenya Human Rights Commission (KHRC),2001-07-01,RAIDING DEMOCRACY: The Slaughter of the Marakwet in Kerio Valley,Peace and Reconciliation Unit of the National Council of churches (NCCK),3,West Pokot district,Liter,Rift Valley province,West Pokot district,1.416667,35.250000,POINT (35.25 1.416667),131471,Kenya,501,Africa,1,1,2001-02-11 00:00:00.000,2001-02-11 00:00:00.000,0,0,1,0,1,1,1,,
64514,KEN-2001-2-228-6,2001,1,Clear,2,5377,4767,Marakwet - Pokot,5377,5377,Marakwet - Pokot,929,929,Marakwet,670,670,Pokot,1,"""Kenya Human Rights Commission (KHRC),2001-07-01,RAIDING DEMOCRACY: The Slaughter of the Marakwet in Kerio Valley""",Kenya Human Rights Commission (KHRC),2001-07-01,RAIDING DEMOCRACY: The Slaughter of the Marakwet in Kerio Valley,Peace and Reconciliation Unit of the National Council of churches (NCCK),3,West Pokot district,Liter,Rift Valley province,West Pokot district,1.416667,35.250000,POINT (35.25 1.416667),131471,Kenya,501,Africa,1,1,2001-02-12 00:00:00.000,2001-02-12 00:00:00.000,0,0,2,0,2,2,2,,
64517,KEN-2001-2-228-7,2001,1,Clear,2,5377,4767,Marakwet - Pokot,5377,5377,Marakwet - Pokot,929,929,Marakwet,670,670,Pokot,1,"""Kenya Human Rights Commission (KHRC),2001-07-01,RAIDING DEMOCRACY: The Slaughter of the Marakwet in Kerio Valley""",Kenya Human Rights Commission (KHRC),2001-07-01,RAIDING DEMOCRACY: The Slaughter of the Marakwet in Kerio Valley,Peace and Reconciliation Unit of the National Council of churches (NCCK),3,West Pokot district,Kaben village,Rift Valley province,West Pokot district,1.416667,35.250000,POINT (35.25 1.416667),131471,Kenya,501,Africa,1,1,2001-02-13 00:00:00.000,2001-02-13 00:00:00.000,0,0,0,2,2,2,2,,
64518,KEN-2001-2-228-8,2001,1,Clear,2,5377,4767,Marakwet - Pokot,5377,5377,Marakwet - Pokot,929,929,Marakwet,670,670,Pokot,1,"""Kenya Human Rights Commission (KHRC),2001-07-01,RAIDING DEMOCRACY: The Slaughter of the Marakwet in Kerio Valley""",Kenya Human Rights Commission (KHRC),2001-07-01,RAIDING DEMOCRACY: The Slaughter of the Marakwet in Kerio Valley,NCCK,3,West Pokot district,Marakwet area,Rift Valley province,West Pokot district,1.416667,35.250000,POINT (35.25 1.416667),131471,Kenya,501,Africa,1,1,2001-02-14 00:00:00.000,2001-02-14 00:00:00.000,2,4,0,0,6,6,6,,
44049,KEN-2001-2-228-2,2001,1,Clear,2,5377,4767,Marakwet - Pokot,5377,5377,Marakwet - Pokot,929,929,Marakwet,670,670,Pokot,1,"""Kenya Human Rights Commission (KHRC) 2001,2001-12-31,RAIDING DEMOCRACY: The Slaughter of the Marakwet in Kerio Valley""",Kenya Human Rights Commission (KHRC) 2001,2001-12-31,RAIDING DEMOCRACY: The Slaughter of the Marakwet in Kerio Valley,"police; KHRC; Office of the Assistant Chief, Murkutwo",2,Chesongoch village,"Murkutwo location near Chesongoch in Marakwet District (Kaksegei, Kaptul, Kwenoi, Katemunge, Kirawi, Kacheturgut, Kakimoi and Kasang villages)",Rift Valley province,Elgeyo-Marakwet district,1.123469,35.644247,POINT (35.644247 1.123469),131472,Kenya,501,Africa,1,1,2001-03-12 00:00:00.000,2001-03-12 00:00:00.000,28,1,19,0,48,62,48,,
40822,KEN-2012-2-228-1,2012,0,Clear,2,5377,4767,Marakwet - Pokot,5377,5377,Marakwet - Pokot,929,929,Marakwet,670,670,Pokot,-1,"AK Education (http://www.akadeducationafrica.com/chesegon-peacebuilding-meeting.php); The Standard 2012-09-03 ""Community fined goats for man’s killling",,,,,3,West Pokot district,Pokot Central,Rift Valley province,West Pokot district,1.416667,35.250000,POINT (35.25 1.416667),131471,Kenya,501,Africa,1,1,2012-06-29 00:00:00.000,2012-06-29 00:00:00.000,1,0,0,0,1,1,1,,
234110,KEN-2016-2-228-0,2016,1,Clear,2,5377,4767,Marakwet - Pokot,5377,5377,Marakwet - Pokot,929,929,Marakwet,670,670,Pokot,3,"""The Star (Kenya),2016-03-24,Two herders shot dead in Pokot-Marakwet clash over pasture"";""The Star (Kenya),2016-04-15,Two killed in Pokot, Marakwet herders clash"";""The Star (Kenya),2016-05-20,Pokot bandits raid Marakwet village, steal 80 cows, 480 goats""",The Star (Kenya);The Star (Kenya);The Star (Kenya),2016-03-24;2016-04-15;2016-05-20,"Two herders shot dead in Pokot-Marakwet clash over pasture;Two killed in Pokot, Marakwet herders clash;Pokot bandits raid Marakwet village, steal 80 cows, 480 goats",area deputy county commissioner Eric Mulevu,1,Endo village,"Endo, Marakwet East",Elgeyo Marakwet county,Marakwet East constituency,1.266667,35.616667,POINT (35.616667 1.266667),131472,Kenya,501,Africa,1,1,2016-03-23 00:00:00.000,2016-03-23 00:00:00.000,3,0,0,0,3,3,3,,
234111,KEN-2016-2-228-1,2016,1,Clear,2,5377,4767,Marakwet - Pokot,5377,5377,Marakwet - Pokot,929,929,Marakwet,670,670,Pokot,1,"""The Star (Kenya),2016-04-15,Two killed in Pokot, Marakwet herders clash""",The Star (Kenya),2016-04-15,"Two killed in Pokot, Marakwet herders clash","Tilem Kimutai, a resident of Tot; Area deputy county commissioner Eric Mulevu",1,Tot village,"Tot, Marakwet East",Elgeyo Marakwet county,Marakwet East constituency,1.203701,35.656401,POINT (35.656401 1.203701),131472,Kenya,501,Africa,1,1,2016-04-14 00:00:00.000,2016-04-14 00:00:00.000,0,2,0,0,2,2,2,,
235766,KEN-2016-2-228-13,2016,1,Clear,2,5377,4767,Marakwet - Pokot,5377,5377,Marakwet - Pokot,929,929,Marakwet,670,670,Pokot,2,"""Daily Nation,2016-11-04,Pokot and Marakwet sue for peace in Kerio Valley"";""Daily Nation,2016-11-01,Makeshift police camp at Kerio Valley to boost security""",Daily Nation;Daily Nation,2016-11-04;2016-11-01,Pokot and Marakwet sue for peace in Kerio Valley;Makeshift police camp at Kerio Valley to boost security,official sources,5,Kerio valley,Kerio Valley,Baringo county,Tiaty constituency,1.062019,35.657480,POINT (35.6574806 1.0620194),131472,Kenya,501,Africa,2,5,2016-05-01 00:00:00.000,2016-11-04 00:00:00.000,0,0,0,6,6,6,6,,
234137,KEN-2016-2-228-2,2016,1,Clear,2,5377,4767,Marakwet - Pokot,5377,5377,Marakwet - Pokot,929,929,Marakwet,670,670,Pokot,1,"""The Star (Kenya),2016-05-20,Pokot bandits raid Marakwet village, steal 80 cows, 480 goats""",The Star (Kenya),2016-05-20,"Pokot bandits raid Marakwet village, steal 80 cows, 480 goats",not clear from article. Other info in the text is attributed to Marakwet East deputy county commissioner Eric Mulevu and Area Senator Kipchumba Murkomen.,1,Endo village,Endo,Elgeyo Marakwet county,Marakwet East constituency,1.266667,35.616667,POINT (35.616667 1.266667),131472,Kenya,501,Africa,1,2,2016-05-11 00:00:00.000,2016-05-15 00:00:00.000,0,0,0,4,4,4,4,,
234484,KEN-2016-2-228-8,2016,1,Clear,2,5377,4767,Marakwet - Pokot,5377,5377,Marakwet - Pokot,929,929,Marakwet,670,670,Pokot,1,"""The Star (Kenya),2016-06-24,MPs demand action to stop Kerio Valley clashes""",The Star (Kenya),2016-06-24,MPs demand action to stop Kerio Valley clashes,"Four MPs: Asman Kamama (Tiaty), William Cheptumo (Baringo North), Kangogo Bowen (Marakwet East) and William Kisang’ (Marakwet West)",5,Kerio valley,Kerio Valley,Baringo county,Tiaty constituency,1.062019,35.657480,POINT (35.6574806 1.0620194),131472,Kenya,501,Africa,2,5,2016-05-14 00:00:00.000,2016-06-24 00:00:00.000,0,0,0,5,5,5,5,,
234483,KEN-2016-2-228-7,2016,1,Clear,2,5377,4767,Marakwet - Pokot,5377,5377,Marakwet - Pokot,929,929,Marakwet,670,670,Pokot,1,"""The Star (Kenya),2016-06-21,Governor Tolgos accuses Tiaty MP Kamama of funding rustlers, bandits""",The Star (Kenya),2016-06-21,"Governor Tolgos accuses Tiaty MP Kamama of funding rustlers, bandits","area Governor Alex Tolgos/
Area deputy county commissioner Eric Muluvu",5,Kerio valley,Kerio Valley,Baringo county,Tiaty constituency,1.062019,35.657480,POINT (35.6574806 1.0620194),131472,Kenya,501,Africa,1,1,2016-06-19 00:00:00.000,2016-06-19 00:00:00.000,0,0,0,1,1,1,1,,
234481,KEN-2016-2-228-6,2016,1,Clear,2,5377,4767,Marakwet - Pokot,5377,5377,Marakwet - Pokot,929,929,Marakwet,670,670,Pokot,1,"""The Star (Kenya),2016-06-21,Governor Tolgos accuses Tiaty MP Kamama of funding rustlers, bandits""",The Star (Kenya),2016-06-21,"Governor Tolgos accuses Tiaty MP Kamama of funding rustlers, bandits","area Governor Alex Tolgos/
Area deputy county commissioner Eric Muluvu",3,Marakwet East constituency,"Kaben village, Marakwet East, Elgeyo Marakwet county, Kerio Valley",Elgeyo Marakwet county,Marakwet East constituency,1.151716,35.576350,POINT (35.57635 1.1517167),131472,Kenya,501,Africa,1,1,2016-06-20 00:00:00.000,2016-06-20 00:00:00.000,0,0,0,1,1,1,1,,
234153,KEN-2016-2-228-4,2016,1,Clear,2,5377,4767,Marakwet - Pokot,5377,5377,Marakwet - Pokot,929,929,Marakwet,670,670,Pokot,1,"""The Star (Kenya),2016-09-16,Two shot dead as Marakwet, Pokot clashes intesify""",The Star (Kenya),2016-09-16,"Two shot dead as Marakwet, Pokot clashes intesify","not clear from the article, other information attributed to 	
Area police boss Emmanuel Rono",1,Kabetwa town,Kabetwa location,Elgeyo Marakwet county,Marakwet East constituency,1.160771,35.643642,POINT (35.643642 1.160771),131472,Kenya,501,Africa,1,1,2016-09-13 00:00:00.000,2016-09-13 00:00:00.000,1,0,0,0,1,1,1,,
234152,KEN-2016-2-228-3,2016,1,Clear,2,5377,4767,Marakwet - Pokot,5377,5377,Marakwet - Pokot,929,929,Marakwet,670,670,Pokot,2,"""The Star (Kenya),2016-09-16,Two shot dead as Marakwet, Pokot clashes intesify"";""The Star (Kenya),2016-09-17,Two killed in fresh clashes""",The Star (Kenya);The Star (Kenya),2016-09-16;2016-09-17,"Two shot dead as Marakwet, Pokot clashes intesify;Two killed in fresh clashes",Area police boss Emmanuel Rono,3,Marakwet East constituency,"Kaben location, Marakwet East, Elgeyo Marakwet county",Elgeyo Marakwet county,Marakwet East constituency,1.151716,35.576350,POINT (35.57635 1.1517167),131472,Kenya,501,Africa,1,1,2016-09-15 00:00:00.000,2016-09-15 00:00:00.000,1,1,0,0,2,2,2,,
235762,KEN-2016-2-228-12,2016,1,Clear,2,5377,4767,Marakwet - Pokot,5377,5377,Marakwet - Pokot,929,929,Marakwet,670,670,Pokot,1,"""Daily Nation,2016-12-27,One killed, three injured after suspected Pokot bandits attack motorists in Kerio Valley""",Daily Nation,2016-12-27,"One killed, three injured after suspected Pokot bandits attack motorists in Kerio Valley","not clear, seems to be official reports",5,Kerio valley,Kerio Valley,Baringo county,Tiaty constituency,1.062019,35.657480,POINT (35.6574806 1.0620194),131472,Kenya,501,Africa,1,3,2016-12-19 00:00:00.000,2016-12-25 00:00:00.000,0,0,0,4,4,4,4,,
234509,KEN-2016-2-228-10,2016,1,Clear,2,5377,4767,Marakwet - Pokot,5377,5377,Marakwet - Pokot,929,929,Marakwet,670,670,Pokot,1,"""The Star (Kenya),2016-12-27,One killed, hundreds displaced over bandit attacks in Kerio Valley during Christmas""",The Star (Kenya),2016-12-27,"One killed, hundreds displaced over bandit attacks in Kerio Valley during Christmas","Richard Kayab, a resident; Marakwet East deputy county commissioner Erick Mulevu",1,Chesongoch village,"Chesongoch, Kerio valley",Elgeyo Marakwet county,Marakwet East constituency,1.123469,35.644247,POINT (35.644247 1.123469),131472,Kenya,501,Africa,1,1,2016-12-26 00:00:00.000,2016-12-26 00:00:00.000,1,0,0,0,1,1,1,,
236556,KEN-2017-2-5377-4,2017,0,Clear,2,5377,4767,Marakwet - Pokot,5377,5377,Marakwet - Pokot,929,929,Marakwet,670,670,Pokot,1,"""The Star (Kenya),2017-02-11,Kimaiyo condemns killing""",The Star (Kenya),2017-02-11,Kimaiyo condemns killing,Former Inspector General of Police David Kimaiyo,3,Marakwet East constituency,"Sewes village, Marakwet East (near the Elgeyo Marakwet-West Pokot border)",Elgeyo Marakwet county,Marakwet East constituency,1.151716,35.576350,POINT (35.57635 1.1517167),131472,Kenya,501,Africa,1,1,2017-02-08 00:00:00.000,2017-02-08 00:00:00.000,1,0,0,0,1,1,1,,
236557,KEN-2017-2-5377-5,2017,0,Clear,2,5377,4767,Marakwet - Pokot,5377,5377,Marakwet - Pokot,929,929,Marakwet,670,670,Pokot,1,"""The Star (Kenya),2017-02-11,Kimaiyo condemns killing""",The Star (Kenya),2017-02-11,Kimaiyo condemns killing,Former Inspector General of Police David Kimaiyo,4,Elgeyo Marakwet county,Marakwet,Elgeyo Marakwet county,,0.800000,35.566667,POINT (35.566667 0.8),130752,Kenya,501,Africa,1,1,2017-02-11 00:00:00.000,2017-02-11 00:00:00.000,1,0,0,0,1,1,1,,
238088,KEN-2017-2-5377-6,2017,0,Clear,2,5377,4767,Marakwet - Pokot,5377,5377,Marakwet - Pokot,929,929,Marakwet,670,670,Pokot,1,"""The Star (Kenya),2017-05-18,Pokot bandits kill herder, 72, during Kerio Valley raid""",The Star (Kenya),2017-05-18,"Pokot bandits kill herder, 72, during Kerio Valley raid","Mark Kayab, the deceased's son in law",2,Toroko village,Toroko primary school (near),Elgeyo Marakwet county,Marakwet East constituency,1.142683,35.632093,POINT (35.632093 1.142683),131472,Kenya,501,Africa,1,1,2017-05-18 00:00:00.000,2017-05-18 00:00:00.000,1,0,0,0,1,1,1,,
239576,KEN-2017-2-5377-7,2017,0,Clear,2,5377,4767,Marakwet - Pokot,5377,5377,Marakwet - Pokot,929,929,Marakwet,670,670,Pokot,1,"""The Star (Kenya),2017-07-05,Herder shot dead, 28 cows stolen in Kerio Valley raid""",The Star (Kenya),2017-07-05,"Herder shot dead, 28 cows stolen in Kerio Valley raid",Marakwet East police boss Lemmy Njiru,3,Marakwet East constituency,"Kamariny village, Kerio Valley",Elgeyo Marakwet county,Marakwet East constituency,1.151716,35.576350,POINT (35.57635 1.1517167),131472,Kenya,501,Africa,1,1,2017-07-04 00:00:00.000,2017-07-04 00:00:00.000,1,0,0,0,1,1,1,,
239581,KEN-2017-2-5377-0,2017,0,Clear,2,5377,4767,Marakwet - Pokot,5377,5377,Marakwet - Pokot,929,929,Marakwet,670,670,Pokot,2,"""The Star (Kenya),2017-07-23,One killed, two injured in Kerio Valley weekend attacks"";""Daily Nation,2017-02-17,Suspected bandits attack top security officials in Kerio Valley""",The Star (Kenya);Daily Nation,2017-07-23;2017-02-17,"One killed, two injured in Kerio Valley weekend attacks;Suspected bandits attack top security officials in Kerio Valley",Area deputy county commissioner Stephen Sangolo,3,Marakwet East constituency,"Kaben area, Kerio Valley",Elgeyo Marakwet county,Marakwet East constituency,1.151716,35.576350,POINT (35.57635 1.1517167),131472,Kenya,501,Africa,1,1,2017-07-23 00:00:00.000,2017-07-23 00:00:00.000,0,0,1,0,1,1,1,,
241736,KEN-2017-2-5377-2,2017,0,Clear,2,5377,4767,Marakwet - Pokot,5377,5377,Marakwet - Pokot,929,929,Marakwet,670,670,Pokot,1,"""The Star (Kenya),2017-09-08,Fear after armed raiders shoot dead two pupils in West Pokot""",The Star (Kenya),2017-09-08,Fear after armed raiders shoot dead two pupils in West Pokot,,3,Marakwet East constituency,Kaptet village,Elgeyo Marakwet county,Marakwet East constituency,1.151716,35.576350,POINT (35.57635 1.1517167),131472,Kenya,501,Africa,1,1,2017-09-06 00:00:00.000,2017-09-06 00:00:00.000,1,0,0,0,1,1,1,,
241735,KEN-2017-2-5377-1,2017,0,Clear,2,5377,4767,Marakwet - Pokot,5377,5377,Marakwet - Pokot,929,929,Marakwet,670,670,Pokot,1,"""The Star (Kenya),2017-09-08,Fear after armed raiders shoot dead two pupils in West Pokot""",The Star (Kenya),2017-09-08,Fear after armed raiders shoot dead two pupils in West Pokot,Pokot Central deputy county commissioner Geoffrey Kithinji,5,Marakwet East - Pokot South border,the border of Marakwet East and Pokot South,,,1.178593,35.401863,POINT (35.401863 1.178593),131471,Kenya,501,Africa,1,1,2017-09-08 00:00:00.000,2017-09-08 00:00:00.000,2,0,0,0,2,2,2,,
244653,KEN-2017-2-5377-3,2017,0,Clear,2,5377,4767,Marakwet - Pokot,5377,5377,Marakwet - Pokot,929,929,Marakwet,670,670,Pokot,1,"""The Star (Kenya),2017-10-04,Herder shot dead in fresh Marakwet East bandit attack""",The Star (Kenya),2017-10-04,Herder shot dead in fresh Marakwet East bandit attack,Authorities,3,Marakwet East constituency,"Kipchumwa, Marakwet East",Elgeyo Marakwet county,Marakwet East constituency,1.151716,35.576350,POINT (35.57635 1.1517167),131472,Kenya,501,Africa,1,1,2017-10-03 00:00:00.000,2017-10-03 00:00:00.000,1,0,0,0,1,1,1,,
253690,KEN-2017-2-5377-8,2017,0,Clear,2,5377,4767,Marakwet - Pokot,5377,5377,Marakwet - Pokot,929,929,Marakwet,670,670,Pokot,1,"""The Star (Kenya),2018-01-15,Return body or forget about peace, Marakwet tell Pokot""",The Star (Kenya),2018-01-15,"Return body or forget about peace, Marakwet tell Pokot",Authorities,5,Elgeyo Marakwet-West Pokot border,Marakwet East - West Pokot border,,,1.208407,35.435559,POINT (35.435559 1.208407),131471,Kenya,501,Africa,1,1,2017-12-05 00:00:00.000,2017-12-05 00:00:00.000,1,0,0,0,1,1,1,,
253691,KEN-2018-2-5377-1,2018,0,Clear,2,5377,4767,Marakwet - Pokot,5377,5377,Marakwet - Pokot,929,929,Marakwet,670,670,Pokot,2,"""The Star (Kenya),2018-01-06,Five bandits killed, six injured in renewed Kerio Valley clashes"";""The Star (Kenya),2018-01-16,Drop 'wrong approach' to peace, talk to bandits, Kerio leaders told""",The Star (Kenya);The Star (Kenya),2018-01-06;2018-01-16,"Five bandits killed, six injured in renewed Kerio Valley clashes;Drop 'wrong approach' to peace, talk to bandits, Kerio leaders told",Authorities,1,Chesongoch village,Chesegon on the border of Elgeyo Marakwet and West Pokot counties,Elgeyo Marakwet county,Marakwet East constituency,1.123469,35.644247,POINT (35.644247 1.123469),131472,Kenya,501,Africa,1,1,2018-01-05 00:00:00.000,2018-01-05 00:00:00.000,3,1,0,1,5,6,5,,
253740,KEN-2018-2-5377-2,2018,0,Clear,2,5377,4767,Marakwet - Pokot,5377,5377,Marakwet - Pokot,929,929,Marakwet,670,670,Pokot,1,"""The Star (Kenya),2018-01-16,Drop 'wrong approach' to peace, talk to bandits, Kerio leaders told""",The Star (Kenya),2018-01-16,"Drop 'wrong approach' to peace, talk to bandits, Kerio leaders told",,5,Elgeyo Marakwet-West Pokot border,,,,1.208407,35.435559,POINT (35.435559 1.208407),131471,Kenya,501,Africa,1,1,2018-01-11 00:00:00.000,2018-01-11 00:00:00.000,0,0,0,1,1,1,1,,
253759,KEN-2018-2-5377-3,2018,0,Clear,2,5377,4767,Marakwet - Pokot,5377,5377,Marakwet - Pokot,929,929,Marakwet,670,670,Pokot,2,"""The Star (Kenya),2018-01-28,Woman shot dead in Kerio amid sprawling bandit attacks"";""The Star (Kenya),2018-01-26,Fisherman shot dead in Kerio Valley bandit attack""",The Star (Kenya);The Star (Kenya),2018-01-28;2018-01-26,Woman shot dead in Kerio amid sprawling bandit attacks;Fisherman shot dead in Kerio Valley bandit attack,Marakwet West deputy county commissioner,1,Arror village,"Arror, Marakwet West",Elgeyo Marakwet county,Marakwet West constituency,0.958175,35.619980,POINT (35.61998 0.958175),130752,Kenya,501,Africa,1,1,2018-01-25 00:00:00.000,2018-01-25 00:00:00.000,0,0,0,1,1,1,0,,
253767,KEN-2018-2-5377-4,2018,0,Clear,2,5377,4767,Marakwet - Pokot,5377,5377,Marakwet - Pokot,929,929,Marakwet,670,670,Pokot,1,"""The Star (Kenya),2018-01-28,Woman shot dead in Kerio amid sprawling bandit attacks""",The Star (Kenya),2018-01-28,Woman shot dead in Kerio amid sprawling bandit attacks,Marakwet East police boss Lemmy Njiru,3,Marakwet East constituency,"Kaben village, Marakwet East",Elgeyo Marakwet county,Marakwet East constituency,1.151716,35.576350,POINT (35.57635 1.151716),131472,Kenya,501,Africa,1,1,2018-01-27 00:00:00.000,2018-01-27 00:00:00.000,1,0,0,0,1,1,1,,
253784,KEN-2018-2-5377-6,2018,0,Clear,2,5377,4767,Marakwet - Pokot,5377,5377,Marakwet - Pokot,929,929,Marakwet,670,670,Pokot,1,"""The Star (Kenya),2018-02-06,Herders shot dead, police reservist injured in latest Kerio Valley attack""",The Star (Kenya),2018-02-06,"Herders shot dead, police reservist injured in latest Kerio Valley attack",Chief Abraham Yano,1,Chesoi town,"Chesoi village, Kerio Valley",Elgeyo Marakwet county,Marakwet East constituency,1.064640,35.590550,POINT (35.59055 1.06464),131472,Kenya,501,Africa,1,1,2018-02-05 00:00:00.000,2018-02-05 00:00:00.000,0,2,0,0,2,2,2,,
278796,KEN-2018-2-5377-9,2018,0,Clear,2,5377,4767,Marakwet - Pokot,5377,5377,Marakwet - Pokot,929,929,Marakwet,670,670,Pokot,1,"""The Star (Kenya),2018-07-25,End Pokot-Marakwet conflicts, Uhuru told""",The Star (Kenya),2018-07-25,"End Pokot-Marakwet conflicts, Uhuru told",The Star,5,Embobut forest,Embobut forest,Elgeyo Marakwet county,Marakwet East constituency,1.245450,35.580400,POINT (35.5804 1.24545),131472,Kenya,501,Africa,1,1,2018-07-22 00:00:00.000,2018-07-22 00:00:00.000,0,1,0,0,1,1,1,,
260192,KEN-2018-2-5377-7,2018,0,Clear,2,5377,4767,Marakwet - Pokot,5377,5377,Marakwet - Pokot,929,929,Marakwet,670,670,Pokot,1,"""The Star (Kenya),2018-07-31,21 cows stolen as bandits 'rule' Marakwet-West Pokot border""",The Star (Kenya),2018-07-31,21 cows stolen as bandits 'rule' Marakwet-West Pokot border,Locals,5,Elgeyo Marakwet-West Pokot border,Elgeyo Marakwet-West Pokot border,,,1.208407,35.435559,POINT (35.435559 1.208407),131471,Kenya,501,Africa,1,1,2018-07-23 00:00:00.000,2018-07-23 00:00:00.000,0,0,0,2,2,2,2,,
278795,KEN-2018-2-5377-8,2018,0,Clear,2,5377,4767,Marakwet - Pokot,5377,5377,Marakwet - Pokot,929,929,Marakwet,670,670,Pokot,1,"""The Star (Kenya),2018-07-28,Elderly man killed as Marakwet, West Pokot border raids persist""",The Star (Kenya),2018-07-28,"Elderly man killed as Marakwet, West Pokot border raids persist",Police,1,Kapyego village,"Kapyego, Marakwet East",Elgeyo Marakwet county,Marakwet East constituency,1.146313,35.479713,POINT (35.479713 1.146313),131471,Kenya,501,Africa,1,1,2018-07-26 00:00:00.000,2018-07-26 00:00:00.000,1,0,0,0,1,1,1,,
277293,KEN-2019-2-5377-8,2019,1,Clear,2,5377,4767,Marakwet - Pokot,5377,5377,Marakwet - Pokot,929,929,Marakwet,670,670,Pokot,1,"""The Star (Kenya),2019-01-24,Clinical officer shot dead by bandits in Marakwet East""",The Star (Kenya),2019-01-24,Clinical officer shot dead by bandits in Marakwet East,police,2,Tot village,Chemukutet near Kapkobil centre,Elgeyo Marakwet county,Marakwet East constituency,1.203701,35.656401,POINT (35.656401 1.203701),131472,Kenya,501,Africa,1,1,2019-01-23 00:00:00.000,2019-01-23 00:00:00.000,0,0,0,1,1,1,1,,
287024,KEN-2019-2-5377-6,2019,1,Clear,2,5377,4767,Marakwet - Pokot,5377,5377,Marakwet - Pokot,929,929,Marakwet,670,670,Pokot,1,"""The Star (Kenya),2019-05-17,North Rift governors petition Matiang'i to end banditry""",The Star (Kenya),2019-05-17,North Rift governors petition Matiang'i to end banditry,The Star,1,Tot village,,Elgeyo Marakwet county,Marakwet East constituency,1.203701,35.656401,POINT (35.656401 1.203701),131472,Kenya,501,Africa,1,5,2019-02-17 00:00:00.000,2019-05-17 00:00:00.000,0,0,0,22,22,22,0,,
281904,KEN-2019-2-5377-2,2019,1,Clear,2,5377,4767,Marakwet - Pokot,5377,5377,Marakwet - Pokot,929,929,Marakwet,670,670,Pokot,2,"""The Star (Kenya),2019-04-02,Bandits kill two children in Marakwet East"";""Standard Media,2019-04-01,Tension high in Kerio valley as bandits kill two children, steal livestock""",The Star (Kenya);Standard Media,2019-04-02;2019-04-01,"Bandits kill two children in Marakwet East;Tension high in Kerio valley as bandits kill two children, steal livestock",The Star,1,Endo village,Endo ward,Elgeyo Marakwet county,Marakwet East constituency,1.276437,35.654715,POINT (35.654715 1.276437),131472,Kenya,501,Africa,1,1,2019-04-01 00:00:00.000,2019-04-01 00:00:00.000,0,0,0,2,2,2,2,,
285710,KEN-2019-2-5377-3,2019,1,Clear,2,5377,4767,Marakwet - Pokot,5377,5377,Marakwet - Pokot,929,929,Marakwet,670,670,Pokot,1,"""The Star (Kenya),2019-05-01,We're killed like rats daily in Kerio - Tolgos""",The Star (Kenya),2019-05-01,We're killed like rats daily in Kerio - Tolgos,Police,2,Tot village,"Chemukutet, Kapkobil",Elgeyo Marakwet county,Marakwet East constituency,1.203701,35.656401,POINT (35.656401 1.203701),131472,Kenya,501,Africa,1,1,2019-04-29 00:00:00.000,2019-04-29 00:00:00.000,0,0,0,2,2,2,2,,
287016,KEN-2019-2-5377-5,2019,1,Clear,2,5377,4767,Marakwet - Pokot,5377,5377,Marakwet - Pokot,929,929,Marakwet,670,670,Pokot,1,"""The Star (Kenya),2019-05-17,North Rift governors petition Matiang'i to end banditry""",The Star (Kenya),2019-05-17,North Rift governors petition Matiang'i to end banditry,The Star,1,Tot village,Tot,Elgeyo Marakwet county,Marakwet East constituency,1.203701,35.656401,POINT (35.656401 1.203701),131472,Kenya,501,Africa,1,1,2019-05-15 00:00:00.000,2019-05-15 00:00:00.000,0,0,0,3,3,3,3,,
359110,KEN-2020-2-5377-0.1,2020,0,Clear,2,5377,4767,Marakwet - Pokot,5377,5377,Marakwet - Pokot,929,929,Marakwet,670,670,Pokot,1,"""Crisis Watch,2020-10-01,Kenya SEPTEMBER 2020""",Crisis Watch,2020-10-01,Kenya SEPTEMBER 2020,CrisisWatch,5,Elgeyo Marakwet-West Pokot border,Kipchumo,,,1.208407,35.435559,POINT (35.435559 1.208407),131471,Kenya,501,Africa,1,1,2020-09-10 00:00:00.000,2020-09-10 00:00:00.000,0,0,0,3,3,3,3,,
359111,KEN-2020-2-5377-0.2,2020,0,Clear,2,5377,4767,Marakwet - Pokot,5377,5377,Marakwet - Pokot,929,929,Marakwet,670,670,Pokot,1,"""Crisis Watch,2020-10-01,Kenya SEPTEMBER 2020""",Crisis Watch,2020-10-01,Kenya SEPTEMBER 2020,CrisisWatch,5,Elgeyo Marakwet-West Pokot border,Chepkokou,,,1.208407,35.435559,POINT (35.435559 1.208407),131471,Kenya,501,Africa,1,1,2020-09-10 00:00:00.000,2020-09-10 00:00:00.000,0,0,0,3,3,3,3,,
368968,KEN-2020-2-5377-1,2020,0,Clear,2,5377,4767,Marakwet - Pokot,5377,5377,Marakwet - Pokot,929,929,Marakwet,670,670,Pokot,2,"""The Star (Kenya),2020-11-08,Bandits kill two boys as Kerio leaders meet over crisis"";""Crisis Watch,2020-12-01,Kenya NOVEMBER 2020""",The Star (Kenya);Crisis Watch,2020-11-08;2020-12-01,Bandits kill two boys as Kerio leaders meet over crisis;Kenya NOVEMBER 2020,,3,Marakwet East constituency,Kipchumwa in Elgeyo Marakwet county,Elgeyo Marakwet county,Marakwet East constituency,1.151716,35.576350,POINT (35.57635 1.151716),131472,Kenya,501,Africa,1,1,2020-11-06 00:00:00.000,2020-11-06 00:00:00.000,2,0,0,0,2,2,2,,
407712,KEN-2021-2-5377-0,2021,0,Clear,2,5377,4767,Marakwet - Pokot,5377,5377,Marakwet - Pokot,929,929,Marakwet,670,670,Pokot,1,"""The Star (Kenya),2021-07-04,Seven killed, hundreds homeless in fresh bandit attacks""",The Star (Kenya),2021-07-04,"Seven killed, hundreds homeless in fresh bandit attacks",,5,Baringo-Elgeyo Marakwet-West Pokot border,"along the borders of West Pokot, Elgeyo Marakwet and Baringo counties",,,1.323304,35.697064,POINT (35.697064 1.323304),131472,Kenya,501,Africa,1,2,2021-07-03 00:00:00.000,2021-07-04 00:00:00.000,0,0,0,2,2,2,2,,
43935,KEN-1998-2-230-2,1998,1,Clear,2,5378,4768,Nandi - Pokot,5378,5378,Nandi - Pokot,930,930,Nandi,670,670,Pokot,-1,"The Nation, 1998-09-13 in All Africa",,,,,3,Trans Nzoia district,Trans Nzoia district,Rift Valley province,Trans Nzoia district,1.016667,35.000000,POINT (35 1.016667),131471,Kenya,501,Africa,2,5,1998-08-01 00:00:00.000,1998-09-01 00:00:00.000,25,0,0,0,25,25,25,,
44440,KEN-1998-2-230-1,1998,1,Clear,2,5378,4768,Nandi - Pokot,5378,5378,Nandi - Pokot,930,930,Nandi,670,670,Pokot,-1,"The Nation, 1998-09-13 in All Africa",,,,,3,Trans Nzoia district,Trans Nzoia district,Rift Valley province,Trans Nzoia district,1.016667,35.000000,POINT (35 1.016667),131471,Kenya,501,Africa,2,4,1998-08-05 00:00:00.000,1998-08-12 00:00:00.000,10,0,0,0,10,10,10,,
43976,KEN-2001-2-232-1,2001,1,Clear,2,5379,4769,"Orma, Wardei - Pokomo",5379,5379,"Orma, Wardei - Pokomo",3815,3815,"Orma, Wardei",933,933,Pokomo,-1,Xinhua 2001-03-09,,,,Daily Nation newspaper; police,3,Tana River district,Tana River district,Coast province,Tana River district,-1.500000,39.500000,POINT (39.5 -1.5),127880,Kenya,501,Africa,2,2,2001-03-03 00:00:00.000,2001-03-07 00:00:00.000,0,0,0,0,0,12,0,,
44298,KEN-2001-2-232-2,2001,1,Clear,2,5379,4769,"Orma, Wardei - Pokomo",5379,5379,"Orma, Wardei - Pokomo",3815,3815,"Orma, Wardei",933,933,Pokomo,-1,"Reuters2001-11-19; The East African Standard/All Africa Global Media via COMTEX 2001-11-21; Nov 20, 2001 (The Nation/All Africa Global Media via COMTEX",,,,KTN television; district commissioner; survivors; local pastor,3,Tana River district,Tana River district,Coast province,Tana River district,-1.500000,39.500000,POINT (39.5 -1.5),127880,Kenya,501,Africa,1,2,2001-11-17 00:00:00.000,2001-11-19 00:00:00.000,0,0,7,7,14,14,14,,
43690,KEN-2001-2-232-3,2001,1,Clear,2,5379,4769,"Orma, Wardei - Pokomo",5379,5379,"Orma, Wardei - Pokomo",3815,3815,"Orma, Wardei",933,933,Pokomo,-1,Reuters 2001-12-06,,,,police,3,Tana River district,Tana River district,Coast province,Tana River district,-1.500000,39.500000,POINT (39.5 -1.5),127880,Kenya,501,Africa,2,2,2001-12-03 00:00:00.000,2001-12-06 00:00:00.000,0,0,0,17,17,17,17,,
44436,KEN-2001-2-232-4,2001,1,Clear,2,5379,4769,"Orma, Wardei - Pokomo",5379,5379,"Orma, Wardei - Pokomo",3815,3815,"Orma, Wardei",933,933,Pokomo,-1,Reuters 2001-12-06,,,,,3,Tana River district,Tana River district,Coast province,Tana River district,-1.500000,39.500000,POINT (39.5 -1.5),127880,Kenya,501,Africa,1,1,2001-12-06 00:00:00.000,2001-12-06 00:00:00.000,0,0,0,21,21,21,21,,
43963,KEN-2001-2-232-5,2001,1,Clear,2,5379,4769,"Orma, Wardei - Pokomo",5379,5379,"Orma, Wardei - Pokomo",3815,3815,"Orma, Wardei",933,933,Pokomo,-1,Reuters2008-12-09; X 2001-12-10,,,,police,3,Tana River district,Tana River district,Coast province,Tana River district,-1.500000,39.500000,POINT (39.5 -1.5),127880,Kenya,501,Africa,1,1,2001-12-08 00:00:00.000,2001-12-08 00:00:00.000,0,0,0,14,14,14,14,,
43691,KEN-1996-2-233-1,1996,1,Clear,2,5380,4770,"Pokot, Samburu - Turkana",5380,5380,"Pokot, Samburu - Turkana",3814,3814,"Pokot, Samburu",693,693,Turkana,-1,Reuters 1996-12-06,,,,police,2,Marti area,Marti area (near),Rift Valley province,Samburu district,1.466667,36.716667,POINT (36.716667 1.466667),131474,Kenya,501,Africa,1,1,1996-12-03 00:00:00.000,1996-12-03 00:00:00.000,10,0,0,41,51,51,51,,
9097,SUD-1996-2-322-2,1996,0,Clear,2,5460,4850,Dinka  - Nuer,5460,5460,Dinka  - Nuer,598,598,Dinka,660,660,Nuer,-1,"BBC Monitoring Service: Africa 1996-06-08  ""SOME 25 REPORTED KILLED IN SUDANESE FACTIONAL FIGHTING AT REFUGEE CAMP.",,,,,2,Lodwar town,"Lodwar town (Kakuma refugee camp, near)",Rift Valley province,,3.116667,35.600000,POINT (35.6 3.116667),134352,Kenya,501,Africa,2,3,1996-06-01 00:00:00.000,1996-06-07 00:00:00.000,0,0,0,0,0,25,0,,
8933,SUD-1996-2-322-1,1996,0,Clear,2,5460,4850,Dinka  - Nuer,5460,5460,Dinka  - Nuer,598,598,Dinka,660,660,Nuer,-1,"Reuters 1996-06-05 ""Six killed in fighting between Sudanese refugees"" AND",,,,,1,Lodwar town,Lodwar town,Rift Valley province,,3.116667,35.600000,POINT (35.6 3.116667),134352,Kenya,501,Africa,2,2,1996-06-03 00:00:00.000,1996-06-04 00:00:00.000,0,0,0,6,6,6,6,,
37630,UGA-1989-2-341-1,1989,0,Clear,2,5479,4869,Karimojong - Pokot,5479,5479,Karimojong - Pokot,1040,1040,Karimojong,670,670,Pokot,-1,"IONL 11 March 1989, 3, IONL 10 June 1989, 2",,,,,3,West Pokot district,West Pokot district,Rift Valley province,West Pokot district,1.416667,35.250000,POINT (35.25 1.416667),131471,Kenya,501,Africa,1,1,1989-03-02 00:00:00.000,1989-03-02 00:00:00.000,0,0,0,0,0,72,0,,
63384,UGA-2013-2-342-0,2013,0,Clear,2,5480,4870,Matheniko Karimojong - Pokot,5480,5480,Matheniko Karimojong - Pokot,1029,1029,Matheniko Karimojong,670,670,Pokot,2,"""Dow Jones Energy Service,2013-10-11,Clashes Erupt Near Oil Region Along Uganda-Kenyan Border"";""BBC Monitoring Africa,2013-11-11,Ugandan army officer urges Kenyan authorities to shoot dead cattle rustlers""",Dow Jones Energy Service;BBC Monitoring Africa,2013-10-11;2013-11-11,Clashes Erupt Near Oil Region Along Uganda-Kenyan Border;Ugandan army officer urges Kenyan authorities to shoot dead cattle rustlers,"ieutenant Jimmy Omara, Uganda's military spokesman in Karamoja region",2,Alale village,"Lorengekipi village, Alale district",West Pokot county,Kacheliba constituency,2.247848,35.014314,POINT (35.014314 2.247848),132911,Kenya,501,Africa,1,1,2013-10-08 00:00:00.000,2013-10-08 00:00:00.000,12,0,0,0,12,12,12,,
37273,UGA-2010-2-394-1,2010,0,Clear,2,5525,4915,Dodoth - Turkana,5525,5525,Dodoth - Turkana,1038,1038,Dodoth,693,693,Turkana,-1,"KENYA  Tracking of killings and displacement in Pastoral areas, OCHA Annual Review"", at http://reliefweb.int/sites/reliefweb.int/files/resources/9C18D2E8FB4F442CC1257808003B2038-Full_Report.pdf",,,,,1,Oropoi village,"Oropoi village, Turkana district, Rift valley province",Rift Valley province,Turkana district,3.783506,34.231842,POINT (34.231842 3.783506),135069,Kenya,501,Africa,1,1,2010-06-07 00:00:00.000,2010-06-07 00:00:00.000,0,4,0,0,4,4,4,,
37272,UGA-2010-2-394-2,2010,0,Clear,2,5525,4915,Dodoth - Turkana,5525,5525,Dodoth - Turkana,1038,1038,Dodoth,693,693,Turkana,-1,"KENYA  Tracking of killings and displacement in Pastoral areas, OCHA Annual Review"", at http://reliefweb.int/sites/reliefweb.int/files/resources/9C18D2E8FB4F442CC1257808003B2038-Full_Report.pdf",,,,,1,Oropoi village,"Oropoi village, Turkana district, Rift valley province",Rift Valley province,Turkana district,3.783506,34.231842,POINT (34.231842 3.783506),135069,Kenya,501,Africa,1,1,2010-06-10 00:00:00.000,2010-06-10 00:00:00.000,0,1,0,0,1,1,1,,
43679,KEN-2005-2-404-1,2005,1,Clear,2,5534,4924,Borana - Gabra,5534,5534,Borana - Gabra,591,591,Borana,609,609,Gabra,-1,"AFP 2005-07-13 ""Kenyan president condemns deadly clan violence, vows crackdown on killers"" AND All Africa 2005-07-14 ""Outrage As Massacre Death Toll Hits 76"" AND Reuters 2005-07-15 ""Kenya kills more bandits in north, death toll 80",,,,National police spokesman Jaspher Ombati,1,Turbi town,Turbi town,Eastern province,Marsabit district,3.333333,38.383333,POINT (38.383333 3.333333),134357,Kenya,501,Africa,1,1,2005-07-12 00:00:00.000,2005-07-12 00:00:00.000,0,56,0,0,56,71,56,,
44047,KEN-2005-2-404-2,2005,1,Clear,2,5534,4924,Borana - Gabra,5534,5534,Borana - Gabra,591,591,Borana,609,609,Gabra,-1,July 13 (Reuters),,,,Police,3,Marsabit district,Marsabit district,Eastern province,Marsabit district,3.000000,37.500000,POINT (37.5 3),134356,Kenya,501,Africa,1,1,2005-07-12 00:00:00.000,2005-07-12 00:00:00.000,10,0,0,0,10,20,10,,
44152,KEN-2005-2-404-3,2005,1,Clear,2,5534,4924,Borana - Gabra,5534,5534,Borana - Gabra,591,591,Borana,609,609,Gabra,-1,"AFP 2005-07-15 ""Kenya launches massive operation in northern region after massacre",,,,Police,3,Marsabit district,Marsabit district,Eastern province,Marsabit district,3.000000,37.500000,POINT (37.5 3),134356,Kenya,501,Africa,1,1,2005-07-14 00:00:00.000,2005-07-14 00:00:00.000,2,0,0,0,2,4,2,,
44093,KEN-2006-2-404-3,2006,1,Clear,2,5534,4924,Borana - Gabra,5534,5534,Borana - Gabra,591,591,Borana,609,609,Gabra,-1,CEWARN Country Updates: January  April 2006. For the Ethiopian Side of the Somali Cluster,,,,,4,Eastern province,Ethiopia - Kenya border,Eastern province,,0.583736,37.544442,POINT (37.544442 0.583736),130756,Kenya,501,Africa,1,1,2006-04-11 00:00:00.000,2006-04-11 00:00:00.000,0,9,0,0,9,9,9,,
43893,KEN-2006-2-404-1,2006,1,Clear,2,5534,4924,Borana - Gabra,5534,5534,Borana - Gabra,591,591,Borana,609,609,Gabra,-1,"Reuters 2006-05-23 ""Four killed in latest Kenya rustling violence",,,,Marsabit District Commissioner Mutea Iringo,3,Marsabit district,Marsabit district,Eastern province,Marsabit district,3.000000,37.500000,POINT (37.5 3),134356,Kenya,501,Africa,1,1,2006-05-21 00:00:00.000,2006-05-21 00:00:00.000,0,0,0,4,4,4,4,,
43865,KEN-2006-2-404-6,2006,1,Clear,2,5534,4924,Borana - Gabra,5534,5534,Borana - Gabra,591,591,Borana,609,609,Gabra,-1,"CEWARN country update may-aug 06, kenyan side of somali cluster",,,,,1,Elhad village,Elhad (sublocation of North Horr division),Eastern province,Marsabit district,3.956461,37.577368,POINT (37.577368 3.956461),135076,Kenya,501,Africa,1,1,2006-07-06 00:00:00.000,2006-07-06 00:00:00.000,14,5,0,0,19,19,19,,
44376,KEN-2006-2-404-5,2006,1,Clear,2,5534,4924,Borana - Gabra,5534,5534,Borana - Gabra,591,591,Borana,609,609,Gabra,-1,"CEWARN country update may-aug 06, kenyan side of somali cluster",,,,,1,Dukana village,Dukana village,Eastern province,Marsabit district,3.983333,37.266667,POINT (37.266667 3.983333),135075,Kenya,501,Africa,1,1,2006-08-26 00:00:00.000,2006-08-26 00:00:00.000,20,1,0,0,21,21,21,,
44379,KEN-2006-2-404-7,2006,1,Clear,2,5534,4924,Borana - Gabra,5534,5534,Borana - Gabra,591,591,Borana,609,609,Gabra,-1,"CEWARN Country Update, Kenyan side of the Somali cluster, sept-dec 06",,,,,1,Forole area,"Forole (sublocation, Bada Huri location, Maikona Division)",Eastern province,Marsabit district,3.716664,38.000000,POINT (38 3.716664),135077,Kenya,501,Africa,1,1,2006-10-05 00:00:00.000,2006-10-05 00:00:00.000,18,0,0,1,19,19,19,,
44370,KEN-2006-2-404-8,2006,1,Clear,2,5534,4924,Borana - Gabra,5534,5534,Borana - Gabra,591,591,Borana,609,609,Gabra,-1,"CEWARN Country Update, Kenyan side of the Somali cluster, sept-dec 06",,,,,1,Bubisa village,"Bubisa (sublocation, Bubisa location, Maikona Division)",Eastern province,Marsabit district,2.750994,38.089463,POINT (38.089463 2.750994),133637,Kenya,501,Africa,1,1,2006-12-07 00:00:00.000,2006-12-07 00:00:00.000,0,0,0,2,2,2,2,,
43757,KEN-2007-2-404-2,2007,1,Clear,2,5534,4924,Borana - Gabra,5534,5534,Borana - Gabra,591,591,Borana,609,609,Gabra,-1,"AFP 2007-01-18 ""Rival clans clash in northern Kenya",,,,,3,Marsabit district,Marsabit district,Eastern province,Marsabit district,3.000000,37.500000,POINT (37.5 3),134356,Kenya,501,Africa,1,1,2007-01-14 00:00:00.000,2007-01-14 00:00:00.000,0,0,0,7,7,7,7,,
44073,KEN-2007-2-404-1,2007,1,Clear,2,5534,4924,Borana - Gabra,5534,5534,Borana - Gabra,591,591,Borana,609,609,Gabra,-1,"AFP 2007-01-18 ""Rival clans clash in northern Kenya",,,,,3,Marsabit district,Marsabit district,Eastern province,Marsabit district,3.000000,37.500000,POINT (37.5 3),134356,Kenya,501,Africa,1,1,2007-01-18 00:00:00.000,2007-01-18 00:00:00.000,0,0,0,1,1,1,1,,
34100,ETH-2008-2-404-7,2008,0,Clear,2,5534,4924,Borana - Gabra,5534,5534,Borana - Gabra,591,591,Borana,609,609,Gabra,-1,"CEWARN country updates Kenya, Kenyan side of Somali cluster, may-aug 2008",,,,,1,Marsabit town,Marsabit,Eastern province,Marsabit district,2.328390,37.989860,POINT (37.98986 2.32839),132916,Kenya,501,Africa,2,5,2008-07-01 00:00:00.000,2008-08-31 00:00:00.000,0,1,0,0,1,1,1,,
32785,ETH-2008-2-404-2,2008,0,Clear,2,5534,4924,Borana - Gabra,5534,5534,Borana - Gabra,591,591,Borana,609,609,Gabra,-1,CEWARN Country Updates: September - December 2008. For the Ethiopian Side of the Somali Cluster,,,,,5,Tomtomo,Tomtomo,Eastern province,,3.321310,37.070690,POINT (37.07069 3.32131),134355,Kenya,501,Africa,1,4,2008-10-01 00:00:00.000,2008-10-31 00:00:00.000,1,0,0,0,1,1,1,,
40788,KEN-2012-2-404-1,2012,1,Clear,2,5534,4924,Borana - Gabra,5534,5534,Borana - Gabra,591,591,Borana,609,609,Gabra,-1,"AFP 2012-01-04 ""At least six killed in Kenya tribal clash""; Daily Nation 2012-01-05 through BBC ""Communal fighting in northern Kenya leaves six dead""; Daily Nation 2012-01-09 through BBC ""Kenyan cohesion body links violence in northern region to 2012 polls""; KBC Online 2012-01-12 through BBC ""Security minister promises to beef up security in northern Kenya",,,,"officials; ""unconfirmed report""s; Internal Security Minister",1,Heilu location,"Helu village, Moyale woreda",Eastern province,Moyale district,3.527490,39.077680,POINT (39.07768 3.52749),135079,Kenya,501,Africa,1,1,2012-01-04 00:00:00.000,2012-01-04 00:00:00.000,0,0,0,6,6,10,6,,
40791,KEN-2012-2-404-2,2012,1,Clear,2,5534,4924,Borana - Gabra,5534,5534,Borana - Gabra,591,591,Borana,609,609,Gabra,-1,"Daily Nation 2012-01-30 through BBC ""Kenyan police boss blames Ethiopian rebels for clashes in north""; ICG CrisisWatch Database, Kenya, 1 Feb 2012",,,,police,2,Moyale town,Moyale area,Eastern province,Moyale district,3.521600,39.054720,POINT (39.05472 3.5216),135079,Kenya,501,Africa,2,2,2012-01-26 00:00:00.000,2012-01-28 00:00:00.000,0,0,0,21,21,21,21,,
63580,ETH-2013-2-404-0,2013,0,Clear,2,5534,4924,Borana - Gabra,5534,5534,Borana - Gabra,591,591,Borana,609,609,Gabra,1,"""IRIN news,2013-12-11,Briefing: Escalating clashes in northern Kenya""",IRIN news,2013-12-11,Briefing: Escalating clashes in northern Kenya,Kenya Red Cross,2,Qate locality,"Qate area, home to the Borana",Marsabit county,Moyale constituency,3.439425,38.968831,POINT (38.968831 3.439425),134358,Kenya,501,Africa,1,1,2013-11-24 00:00:00.000,2013-11-24 00:00:00.000,0,0,0,1,1,1,1,,
241151,ETH-2017-2-5534-1,2017,0,Clear,2,5534,4924,Borana - Gabra,5534,5534,Borana - Gabra,591,591,Borana,609,609,Gabra,2,"""Crisiswatch April,2017-04-30,Chad April 2017"";""Crisiswatch April,2017-04-30,Kenya April 2017""",Crisiswatch April;Crisiswatch April,2017-04-30;2017-04-30,Chad April 2017;Kenya April 2017,Chief Ali Jirmo,3,Saku constituency,Kubi Qalo in Sagante,Marsabit county,Saku constituency,2.372635,37.971220,POINT (37.97122 2.372635),132916,Kenya,501,Africa,1,1,2017-04-10 00:00:00.000,2017-04-10 00:00:00.000,1,0,0,0,1,1,1,,
241147,ETH-2017-2-5534-0,2017,0,Clear,2,5534,4924,Borana - Gabra,5534,5534,Borana - Gabra,591,591,Borana,609,609,Gabra,2,"""Crisiswatch April,2017-04-30,Kenya April 2017"";""The Nation,2017-04-13,Tensions rise after discovery of murdered Marsabit teens""",Crisiswatch April;The Nation,2017-04-30;2017-04-13,Kenya April 2017;Tensions rise after discovery of murdered Marsabit teens,Chief Ali Jirmo,3,Saku constituency,"Kubi Qalo in Sagante, Marsabit county

Sagante/Jaldesa ward, Marsabit Central",Marsabit county,Saku constituency,2.372635,37.971220,POINT (37.97122 2.372635),132916,Kenya,501,Africa,2,1,2017-04-12 00:00:00.000,2017-04-12 00:00:00.000,4,0,0,0,4,4,4,,
268855,ETH-2018-2-5534-2,2018,0,Clear,2,5534,4924,Borana - Gabra,5534,5534,Borana - Gabra,591,591,Borana,609,609,Gabra,2,"""The Star (Kenya),2018-10-18,Governor Ali blames cops of laxity over Marsabit killings"";""The Star,2018-09-06,Two killed as Gabra, Borana herders clash over pasture""",The Star (Kenya);The Star,2018-10-18;2018-09-06,"Governor Ali blames cops of laxity over Marsabit killings;Two killed as Gabra, Borana herders clash over pasture",Governor in Marsabit,3,Saku constituency,Horonder,Marsabit county,Saku constituency,2.372635,37.971220,POINT (37.97122 2.372635),132916,Kenya,501,Africa,1,1,2018-09-05 00:00:00.000,2018-09-05 00:00:00.000,0,0,0,1,1,1,1,,
268856,ETH-2018-2-5534-3,2018,0,Clear,2,5534,4924,Borana - Gabra,5534,5534,Borana - Gabra,591,591,Borana,609,609,Gabra,1,"""The Star (Kenya),2018-10-18,Governor Ali blames cops of laxity over Marsabit killings""",The Star (Kenya),2018-10-18,Governor Ali blames cops of laxity over Marsabit killings,Governor in Marsabit,4,Marsabit county,,Marsabit county,,2.966667,37.600000,POINT (37.6 2.966667),133636,Kenya,501,Africa,2,5,2018-09-05 00:00:00.000,2018-10-18 00:00:00.000,0,0,0,1,1,1,1,,
269554,ETH-2018-2-5534-5,2018,0,Clear,2,5534,4924,Borana - Gabra,5534,5534,Borana - Gabra,591,591,Borana,609,609,Gabra,2,"""The Star (Kenya),2018-10-18,Governor Ali blames cops of laxity over Marsabit killings"";""The Star,2018-09-06,Two killed as Gabra, Borana herders clash over pasture""",The Star (Kenya);The Star,2018-10-18;2018-09-06,"Governor Ali blames cops of laxity over Marsabit killings;Two killed as Gabra, Borana herders clash over pasture",Governor Mohammed Ali,3,Saku constituency,Horonder,Marsabit county,Saku constituency,2.372635,37.971220,POINT (37.97122 2.372635),132916,Kenya,501,Africa,1,1,2018-09-06 00:00:00.000,2018-09-06 00:00:00.000,0,0,0,3,3,3,3,,
269103,ETH-2018-2-5534-4,2018,0,Clear,2,5534,4924,Borana - Gabra,5534,5534,Borana - Gabra,591,591,Borana,609,609,Gabra,2,"""Daily Nation,2018-10-13,Four killed in Marsabit ethnic clashes"";""International Crisis Group,2018-11-01,Kenya  OCTOBER 2018""",Daily Nation;International Crisis Group,2018-10-13;2018-11-01,Four killed in Marsabit ethnic clashes;Kenya  OCTOBER 2018,CrisisWatch,4,Marsabit county,"Shurr village, Marsabit County",Marsabit county,,2.966667,37.600000,POINT (37.6 2.966667),133636,Kenya,501,Africa,1,1,2018-10-10 00:00:00.000,2018-10-10 00:00:00.000,0,0,0,4,4,4,4,,
268846,ETH-2018-2-5534-1,2018,0,Clear,2,5534,4924,Borana - Gabra,5534,5534,Borana - Gabra,591,591,Borana,609,609,Gabra,2,"""The Star (Kenya),2018-10-18,Governor Ali blames cops of laxity over Marsabit killings"";""The Star (Kenya),2018-10-18,Governor Ali, two MPs quizzed over Marsabit ethnic clashes""",The Star (Kenya);The Star (Kenya),2018-10-18;2018-10-18,"Governor Ali blames cops of laxity over Marsabit killings;Governor Ali, two MPs quizzed over Marsabit ethnic clashes",Governor in Marsabit,1,Jaldesa village,Jaldesa village,Marsabit county,Saku constituency,2.155634,38.028262,POINT (38.028262 2.155634),132917,Kenya,501,Africa,1,1,2018-10-17 00:00:00.000,2018-10-17 00:00:00.000,0,0,0,3,3,3,3,,
272274,ETH-2018-2-5534-6,2018,0,Clear,2,5534,4924,Borana - Gabra,5534,5534,Borana - Gabra,591,591,Borana,609,609,Gabra,1,"""Garda World,2018-10-19,Kenya: Intercommunal clashes kill five in Marsabit county Oct. 17-18""",Garda World,2018-10-19,Kenya: Intercommunal clashes kill five in Marsabit county Oct. 17-18,Garda World,4,Marsabit county,The Gabra Scheme area,Marsabit county,,2.966667,37.600000,POINT (37.6 2.966667),133636,Kenya,501,Africa,1,1,2018-10-18 00:00:00.000,2018-10-18 00:00:00.000,0,0,0,2,2,2,2,,
272294,ETH-2018-2-5534-7,2018,0,Clear,2,5534,4924,Borana - Gabra,5534,5534,Borana - Gabra,591,591,Borana,609,609,Gabra,1,"""Crisis Watch,2018-12-01,Kenya  NOVEMBER 2018""",Crisis Watch,2018-12-01,Kenya  NOVEMBER 2018,Crisis Watch,4,Marsabit county,Marsabit county,Marsabit county,,2.966667,37.600000,POINT (37.6 2.966667),133636,Kenya,501,Africa,2,4,2018-11-01 00:00:00.000,2018-11-30 00:00:00.000,0,0,0,3,3,3,3,,
281922,ETH-2019-2-5534-0,2019,1,Clear,2,5534,4924,Borana - Gabra,5534,5534,Borana - Gabra,591,591,Borana,609,609,Gabra,2,"""ICG,2019-04-01,Kenya  MARCH 2019"";""The Star (Kenya),2019-03-15,Three killed in Marsabit tribal clashes""",ICG;The Star (Kenya),2019-04-01;2019-03-15,Kenya  MARCH 2019;Three killed in Marsabit tribal clashes,"ICG, The Star",3,Saku constituency,"Haro Giresa in Saku constituency, Marsabit county",Marsabit county,Saku constituency,2.372635,37.971220,POINT (37.97122 2.372635),132916,Kenya,501,Africa,1,1,2019-03-13 00:00:00.000,2019-03-13 00:00:00.000,0,0,0,3,3,3,3,,
287098,ETH-2019-2-5534-1,2019,1,Clear,2,5534,4924,Borana - Gabra,5534,5534,Borana - Gabra,591,591,Borana,609,609,Gabra,3,"""Xinhua News Agency,2019-05-07,At least 11 Kenyans killed in clashes near Kenya-Ethiopia border"";""ICG,2019-06-01,Kenya  MAY 2019"";""The Star (Kenya),2019-05-10,Commissioner denies police harassed public in search of OCS's killers""",Xinhua News Agency;ICG;The Star (Kenya),2019-05-07;2019-06-01;2019-05-10,At least 11 Kenyans killed in clashes near Kenya-Ethiopia border;Kenya  MAY 2019;Commissioner denies police harassed public in search of OCS's killers,"police and local government officials, Crisis Watch",1,Forolle village,"Forolle near the Kenya-Ethiopia, Marsabit",Marsabit county,North Horr constituency,3.718020,37.963131,POINT (37.963131 3.71802),135076,Kenya,501,Africa,1,1,2019-05-06 00:00:00.000,2019-05-06 00:00:00.000,0,0,0,11,11,11,11,,
317980,ETH-2019-2-5534-5,2019,1,Clear,2,5534,4924,Borana - Gabra,5534,5534,Borana - Gabra,591,591,Borana,609,609,Gabra,1,"""ICG,2019-06-01,Kenya  MAY 2019""",ICG,2019-06-01,Kenya  MAY 2019,CrisisWatch,3,Saku constituency,Boru Haro and Shaba Manyatta Jillo,Marsabit county,Saku constituency,2.372635,37.971220,POINT (37.97122 2.372635),132916,Kenya,501,Africa,2,2,2019-05-23 00:00:00.000,2019-05-24 00:00:00.000,0,0,0,2,2,2,0,,
287140,ETH-2019-2-5534-2,2019,1,Clear,2,5534,4924,Borana - Gabra,5534,5534,Borana - Gabra,591,591,Borana,609,609,Gabra,3,"""Daily Nation,2019-05-28,Kenya: Police Allowed to Detain Three Suspects Over Marsabit Killings"";""SIFA FM Marsabit,2019-05-24,-"";""The Star (Kenya),2019-06-05,Water, pasture feuds and politics blamed for deadly clan clashes in Marsabit""",Daily Nation;SIFA FM Marsabit;The Star (Kenya),2019-05-28;2019-05-24;2019-06-05,"Kenya: Police Allowed to Detain Three Suspects Over Marsabit Killings;-;Water, pasture feuds and politics blamed for deadly clan clashes in Marsabit","Daily Nation, SIFA FM Marsabit",2,Dakabaricha location,Manyatta Konso,Marsabit county,Saku constituency,2.348589,38.009201,POINT (38.009201 2.348589),132917,Kenya,501,Africa,1,1,2019-05-24 00:00:00.000,2019-05-24 00:00:00.000,0,0,0,3,3,5,0,,
293360,ETH-2019-2-5534-3,2019,1,Clear,2,5534,4924,Borana - Gabra,5534,5534,Borana - Gabra,591,591,Borana,609,609,Gabra,2,"""Daily Nation,2019-07-03,Tensions returns to Marsabit as attackers kill man, steal 250 cattle"";""ICG,2019-08-01,Kenya  JULY 2019""",Daily Nation;ICG,2019-07-03;2019-08-01,"Tensions returns to Marsabit as attackers kill man, steal 250 cattle;Kenya  JULY 2019","Daily Nation, CrisisWatch",1,Ele Bor village,Elle-Bor,Marsabit county,Moyale constituency,3.489173,38.240690,POINT (38.24069 3.489173),134357,Kenya,501,Africa,1,1,2019-07-03 00:00:00.000,2019-07-03 00:00:00.000,0,0,0,1,1,1,1,,
319224,ETH-2019-2-5534-6,2019,1,Clear,2,5534,4924,Borana - Gabra,5534,5534,Borana - Gabra,591,591,Borana,609,609,Gabra,1,"""All Africa,2019-11-19,Cross-Border Arms Trafficking Inflames Northern Kenya's Conflict""",All Africa,2019-11-19,Cross-Border Arms Trafficking Inflames Northern Kenya's Conflict,,2,Forolle village,two villages in Marsabit's Forolle settlement along the Kenya-Ethiopia border.,Marsabit county,North Horr constituency,3.718020,37.963131,POINT (37.963131 3.71802),135076,Kenya,501,Africa,1,1,2019-08-25 00:00:00.000,2019-08-25 00:00:00.000,0,0,0,12,12,12,12,,
299908,ETH-2019-2-5534-4.1,2019,1,Clear,2,5534,4924,Borana - Gabra,5534,5534,Borana - Gabra,591,591,Borana,609,609,Gabra,1,"""Agence France Presse,2019-08-25,12 killed in attacks by cattle rustlers in north Kenya""",Agence France Presse,2019-08-25,12 killed in attacks by cattle rustlers in north Kenya,police,1,Forolle village,"Forole and Sabareh, Marsabit county",Marsabit county,North Horr constituency,3.718020,37.963131,POINT (37.963131 3.71802),135076,Kenya,501,Africa,1,1,2019-08-25 00:00:00.000,2019-08-25 00:00:00.000,0,5,0,0,5,5,5,,
300873,ETH-2019-2-5534-4.2,2019,1,Clear,2,5534,4924,Borana - Gabra,5534,5534,Borana - Gabra,591,591,Borana,609,609,Gabra,1,"""Agence France Presse,2019-08-25,12 killed in attacks by cattle rustlers in north Kenya""",Agence France Presse,2019-08-25,12 killed in attacks by cattle rustlers in north Kenya,police,1,Sabarei village,"Forole and Sabareh, Marsabit county",Marsabit county,North Horr constituency,4.315833,36.913889,POINT (36.913889 4.315833),135794,Kenya,501,Africa,1,1,2019-08-25 00:00:00.000,2019-08-25 00:00:00.000,0,7,0,0,7,7,7,,
410149,ETH-2021-2-5534-0,2021,1,Clear,2,5534,4924,Borana - Gabra,5534,5534,Borana - Gabra,591,591,Borana,609,609,Gabra,1,"""Crisis Watch,2021-08-01,Kenya JULY 2021""",Crisis Watch,2021-08-01,Kenya JULY 2021,CrisisWatch,4,Marsabit county,Marsabit county,Marsabit county,,2.966667,37.600000,POINT (37.6 2.966667),133636,Kenya,501,Africa,2,3,2021-07-12 00:00:00.000,2021-07-18 00:00:00.000,0,0,0,5,5,5,5,,
422714,ETH-2021-2-5534-1,2021,1,Clear,2,5534,4924,Borana - Gabra,5534,5534,Borana - Gabra,591,591,Borana,609,609,Gabra,3,"""The Star (Kenya),2021-11-04,14 killed in Samburu, eight in Marsabit bandit attacks"";""The Star (Kenya),2021-11-06,'I faked death': Survivor recounts Marsabit bandit attack"";""Crisis Watch,2021-12-01,Kenya NOVEMBER 2021""",The Star (Kenya);The Star (Kenya);Crisis Watch,2021-11-04;2021-11-06;2021-12-01,"14 killed in Samburu, eight in Marsabit bandit attacks;'I faked death': Survivor recounts Marsabit bandit attack;Kenya NOVEMBER 2021",,2,Marsabit town,along the Marsabit-Badasa road,Marsabit county,Saku constituency,2.335684,37.992826,POINT (37.992826 2.335684),132916,Kenya,501,Africa,1,1,2021-11-04 00:00:00.000,2021-11-04 00:00:00.000,0,0,0,8,8,8,8,,
425532,ETH-2021-2-5534-3,2021,1,Clear,2,5534,4924,Borana - Gabra,5534,5534,Borana - Gabra,591,591,Borana,609,609,Gabra,4,"""BBC Monitoring Africa,2021-12-19,Gunmen kill 12 in northern Kenya village attacks"";""The Star (Kenya),2021-12-19,12 killed in Marsabit attack, security teams deployed"";""Crisiswatch,2022-01-01,Kenya DECEMBER 2021"";""Africa Research Bulletin,2022-01-18,KENYA: Major Incidents""",BBC Monitoring Africa;The Star (Kenya);Crisiswatch;Africa Research Bulletin,2021-12-19;2021-12-19;2022-01-01;2022-01-18,"Gunmen kill 12 in northern Kenya village attacks;12 killed in Marsabit attack, security teams deployed;Kenya DECEMBER 2021;KENYA: Major Incidents",Police official; CrisisWatch,1,Jaldesa village,Jaldesa,Marsabit county,Saku constituency,2.155634,38.028262,POINT (38.028262 2.155634),132917,Kenya,501,Africa,1,1,2021-12-18 00:00:00.000,2021-12-18 00:00:00.000,0,0,0,8,8,8,8,,
425533,ETH-2021-2-5534-2,2021,1,Clear,2,5534,4924,Borana - Gabra,5534,5534,Borana - Gabra,591,591,Borana,609,609,Gabra,4,"""Africa Research Bulletin,2022-01-18,KENYA: Major Incidents"";""Crisiswatch,2022-01-01,Kenya DECEMBER 2021"";""BBC Monitoring Africa,2021-12-19,Gunmen kill 12 in northern Kenya village attacks"";""The Star (Kenya),2021-12-19,12 killed in Marsabit attack, security teams deployed""",Africa Research Bulletin;Crisiswatch;BBC Monitoring Africa;The Star (Kenya),2022-01-18;2022-01-01;2021-12-19;2021-12-19,"KENYA: Major Incidents;Kenya DECEMBER 2021;Gunmen kill 12 in northern Kenya village attacks;12 killed in Marsabit attack, security teams deployed",Police official; CrisisWatch,2,Kubi Kalo hill,Kubi Qallo,Marsabit county,Saku constituency,2.226280,38.025040,POINT (38.02504 2.22628),132917,Kenya,501,Africa,1,1,2021-12-18 00:00:00.000,2021-12-18 00:00:00.000,0,0,0,4,4,4,4,,
44163,KEN-2006-2-405-4,2006,1,Clear,2,5535,4925,Pokot - Samburu,5535,5535,Pokot - Samburu,670,670,Pokot,925,925,Samburu,-1,Reuters  18/4-06,,,,police spokesman Gideon Kibunja,3,Samburu district,Samburu district,Rift Valley province,Samburu district,1.250000,37.000000,POINT (37 1.25),131475,Kenya,501,Africa,2,4,2006-04-01 00:00:00.000,2006-04-30 00:00:00.000,0,5,0,0,5,5,5,,
43858,KEN-2006-2-405-5,2006,1,Clear,2,5535,4925,Pokot - Samburu,5535,5535,Pokot - Samburu,670,670,Pokot,925,925,Samburu,-1,Reuters  18/4-06,,,,police spokesman Gideon Kibunja,3,Samburu district,Samburu district,Rift Valley province,Samburu district,1.250000,37.000000,POINT (37 1.25),131475,Kenya,501,Africa,1,4,2006-04-01 00:00:00.000,2006-04-30 00:00:00.000,2,0,0,0,2,2,2,,
44204,KEN-2006-2-405-1,2006,1,Clear,2,5535,4925,Pokot - Samburu,5535,5535,Pokot - Samburu,670,670,Pokot,925,925,Samburu,-1,"AFP 2006-05-20 ""Five killed in Kenyan cattle raid: police"" AND AFP 2006-05-21 ""Death toll in Kenyan cattle clashes climbs to 10",,,,Samburu Police Commander Charles Wasike,1,Kisima town,Kisima town,Rift Valley province,Samburu district,0.983333,36.816667,POINT (36.816667 0.983333),130754,Kenya,501,Africa,1,1,2006-05-20 00:00:00.000,2006-05-20 00:00:00.000,8,2,0,0,10,10,10,,
43948,KEN-2006-2-405-2,2006,1,Clear,2,5535,4925,Pokot - Samburu,5535,5535,Pokot - Samburu,670,670,Pokot,925,925,Samburu,-1,"AFP 2006-05-25 ""Cattle raiders kill three in northern Kenya",,,,Samburu district commissioner Julius Mathenge,3,Samburu district,Samburu district,Rift Valley province,Samburu district,1.250000,37.000000,POINT (37 1.25),131475,Kenya,501,Africa,1,1,2006-05-25 00:00:00.000,2006-05-25 00:00:00.000,0,2,0,0,2,2,2,,
43997,KEN-2006-2-405-3,2006,1,Clear,2,5535,4925,Pokot - Samburu,5535,5535,Pokot - Samburu,670,670,Pokot,925,925,Samburu,-1,http://www.irinnews.org/report.aspx?reportid=61346,,,,Eye witness,3,Samburu district,Samburu District (Losuk),Rift Valley province,Samburu district,1.250000,37.000000,POINT (37 1.25),131475,Kenya,501,Africa,1,4,2006-09-10 00:00:00.000,2006-09-20 00:00:00.000,0,6,0,0,6,6,6,,
44141,KEN-2009-2-405-1,2009,1,Clear,2,5535,4925,Pokot - Samburu,5535,5535,Pokot - Samburu,670,670,Pokot,925,925,Samburu,-1,"CEWARN Alert: TheKenyan side of the Karamoja and Somali cluster, 29 June 2009,",,,,,1,Sukuta Marmar village,Sukuta Marmar,Rift Valley province,Samburu district,0.816667,36.683333,POINT (36.683333 0.816667),130754,Kenya,501,Africa,1,1,2009-06-25 00:00:00.000,2009-06-25 00:00:00.000,1,4,0,0,5,5,5,,
44433,KEN-2009-2-405-3,2009,1,Clear,2,5535,4925,Pokot - Samburu,5535,5535,Pokot - Samburu,670,670,Pokot,925,925,Samburu,-1,"CEWARN, country update, Kenyan side of karamoja cluster, sep.dec 09",,,,,3,Samburu district,Samburu district (Samburu central),Rift Valley province,Samburu district,1.250000,37.000000,POINT (37 1.25),131475,Kenya,501,Africa,2,5,2009-09-01 00:00:00.000,2009-12-31 00:00:00.000,0,0,0,14,14,14,14,,
43719,KEN-2009-2-405-2,2009,1,Clear,2,5535,4925,Pokot - Samburu,5535,5535,Pokot - Samburu,670,670,Pokot,925,925,Samburu,-1,"CEWARN, country update, Kenyan side of karamoja cluster, sep.dec 09, AFP 2009-09-15; R 2009-09-15; Sep 15, 2009 (The Nation/All Africa Global Media via COMTEX;  Sep 16, 2009 (The Nation/All Africa Global Media via COMTEX; Laikipia North, Sep 18, 2009 (The Nation/All Africa Global Media via COMTEX",,,,,3,Laikipia district,Laikipia North District (Mogurak village),Rift Valley province,Laikipia district,0.416667,36.750000,POINT (36.75 0.416667),130034,Kenya,501,Africa,1,1,2009-09-14 00:00:00.000,2009-09-14 00:00:00.000,9,22,0,1,32,35,24,,
44431,KEN-1992-2-406-1,1992,0,Clear,2,5536,4926,Samburu - Turkana,5536,5536,Samburu - Turkana,925,925,Samburu,693,693,Turkana,-1,"MKUTU Kennedy Agade, 2008, Guns and Governance in the Rift Valley, African Issues, chapter 4",,,,police,1,Rumuruti village,Rumuruti village,Rift Valley province,Laikipia district,0.266987,36.538857,POINT (36.538857 0.266987),130034,Kenya,501,Africa,2,5,1992-01-01 00:00:00.000,1992-12-31 00:00:00.000,0,0,0,2,2,2,2,,
43947,KEN-1996-2-406-1,1996,1,Clear,2,5536,4926,Samburu - Turkana,5536,5536,Samburu - Turkana,925,925,Samburu,693,693,Turkana,-1,"MKUTU Kennedy Agade, 2008, Guns and Governance in the Rift Valley, African Issues, chapter 4",,,,police,1,Rumuruti village,Rumuruti village,Rift Valley province,Laikipia district,0.266987,36.538857,POINT (36.538857 0.266987),130034,Kenya,501,Africa,2,5,1996-01-01 00:00:00.000,1996-12-31 00:00:00.000,0,0,0,54,54,54,54,,
43932,KEN-1997-2-406-1,1997,0,Clear,2,5536,4926,Samburu - Turkana,5536,5536,Samburu - Turkana,925,925,Samburu,693,693,Turkana,-1,"MKUTU Kennedy Agade, 2008, Guns and Governance in the Rift Valley, African Issues, chapter 4",,,,police,1,Rumuruti village,Rumuruti village,Rift Valley province,Laikipia district,0.266987,36.538857,POINT (36.538857 0.266987),130034,Kenya,501,Africa,2,5,1997-01-01 00:00:00.000,1997-12-31 00:00:00.000,0,0,0,7,7,7,7,,
44061,KEN-1997-2-406-2,1997,0,Clear,2,5536,4926,Samburu - Turkana,5536,5536,Samburu - Turkana,925,925,Samburu,693,693,Turkana,-1,"MKUTU Kennedy Agade, 2008, Guns and Governance in the Rift Valley, African Issues, chapter 4",,,,police,1,Rumuruti village,Rumuruti village,Rift Valley province,Laikipia district,0.266987,36.538857,POINT (36.538857 0.266987),130034,Kenya,501,Africa,2,5,1997-01-01 00:00:00.000,1997-12-31 00:00:00.000,0,0,0,10,10,10,10,,
44048,KEN-1998-2-406-1,1998,0,Clear,2,5536,4926,Samburu - Turkana,5536,5536,Samburu - Turkana,925,925,Samburu,693,693,Turkana,-1,"MKUTU Kennedy Agade, 2008, Guns and Governance in the Rift Valley, African Issues, chapter 4",,,,police,1,Rumuruti village,Rumuruti village,Rift Valley province,Laikipia district,0.266987,36.538857,POINT (36.538857 0.266987),130034,Kenya,501,Africa,2,5,1998-01-01 00:00:00.000,1998-12-31 00:00:00.000,0,0,0,1,1,1,1,,
43910,KEN-1999-2-406-1,1999,0,Clear,2,5536,4926,Samburu - Turkana,5536,5536,Samburu - Turkana,925,925,Samburu,693,693,Turkana,-1,"MKUTU Kennedy Agade, 2008, Guns and Governance in the Rift Valley, African Issues, chapter 4",,,,police,1,Rumuruti village,Rumuruti village,Rift Valley province,Laikipia district,0.266987,36.538857,POINT (36.538857 0.266987),130034,Kenya,501,Africa,2,5,1999-01-01 00:00:00.000,1999-12-31 00:00:00.000,0,0,0,11,11,11,11,,
43672,KEN-2000-2-406-1,2000,0,Clear,2,5536,4926,Samburu - Turkana,5536,5536,Samburu - Turkana,925,925,Samburu,693,693,Turkana,-1,"MKUTU Kennedy Agade, 2008, Guns and Governance in the Rift Valley, African Issues, chapter 4",,,,police,1,Rumuruti village,Rumuruti village,Rift Valley province,Laikipia district,0.266987,36.538857,POINT (36.538857 0.266987),130034,Kenya,501,Africa,2,5,2000-01-01 00:00:00.000,2000-12-31 00:00:00.000,0,0,0,13,13,13,13,,
43476,KEN-2000-2-406-2,2000,0,Clear,2,5536,4926,Samburu - Turkana,5536,5536,Samburu - Turkana,925,925,Samburu,693,693,Turkana,-1,"MKUTU Kennedy Agade, 2008, Guns and Governance in the Rift Valley, African Issues, chapter 4",,,,police,1,Rumuruti village,Rumuruti village,Rift Valley province,Laikipia district,0.266987,36.538857,POINT (36.538857 0.266987),130034,Kenya,501,Africa,2,5,2000-01-01 00:00:00.000,2000-12-31 00:00:00.000,0,0,0,7,7,7,7,,
44301,KEN-2010-2-406-1,2010,0,Clear,2,5536,4926,Samburu - Turkana,5536,5536,Samburu - Turkana,925,925,Samburu,693,693,Turkana,-1,"KENYA  Tracking of killings and displacement in Pastoral areas, OCHA Annual Review"", at http://reliefweb.int/sites/reliefweb.int/files/resources/9C18D2E8FB4F442CC1257808003B2038-Full_Report.pdf",,,,,3,Isiolo district,"Ngarendare area, Isiolo district, Eastern province",Eastern province,Isiolo district,1.000000,38.750000,POINT (38.75 1),131478,Kenya,501,Africa,1,1,2010-12-02 00:00:00.000,2010-12-02 00:00:00.000,0,1,0,0,1,1,1,,
40815,KEN-2012-2-406-1,2012,0,Clear,2,5536,4926,Samburu - Turkana,5536,5536,Samburu - Turkana,925,925,Samburu,693,693,Turkana,-1,"AFP 2012-10-30 ""12 dead in Kenya livestock raid",,,,Red Cross,3,Samburu district,"Lomero village, Samburu",Rift Valley province,Samburu district,1.250000,37.000000,POINT (37 1.25),131475,Kenya,501,Africa,1,1,2012-10-30 00:00:00.000,2012-10-30 00:00:00.000,0,12,0,1,13,13,13,,
64432,KEN-2013-2-406-0,2013,0,Clear,2,5536,4926,Samburu - Turkana,5536,5536,Samburu - Turkana,925,925,Samburu,693,693,Turkana,2,"""Ministry of Education, Science and Technology, State Department of Education,2013-11-28,Baragoi Conflict Report: 28 November 2013"";""UNOCHA,2013-11-29,SAMBURU SECONDARY DATA REVIEW (November 2013)""","Ministry of Education, Science and Technology, State Department of Education;UNOCHA",2013-11-28;2013-11-29,Baragoi Conflict Report: 28 November 2013;SAMBURU SECONDARY DATA REVIEW (November 2013),KIRA [Kenya Initial Rapid Assessment] Samburu North Sub County Assessment Report (4-7 November 2013),2,Baragoi village,Baragoi area of Samburu North Sub County,Samburu county,Samburu North constituency,1.783333,36.783333,POINT (36.783333 1.783333),132194,Kenya,501,Africa,2,5,2013-09-01 00:00:00.000,2013-11-07 00:00:00.000,0,0,0,17,17,17,17,,
152540,KEN-2014-2-406-0,2014,0,Clear,2,5536,4926,Samburu - Turkana,5536,5536,Samburu - Turkana,925,925,Samburu,693,693,Turkana,2,"""BBC Monitoring Africa,2014-11-11,Ten killed in battle over livestock in central Kenya"";""Xinhua News Agency,2014-11-14,Africa Focus: Calm returns to northern Kenya after killing of 8 people""",BBC Monitoring Africa;Xinhua News Agency,2014-11-11;2014-11-14,Ten killed in battle over livestock in central Kenya;Africa Focus: Calm returns to northern Kenya after killing of 8 people,"Isiolo police Commander Nelson Okionga, Isiolo Kenya Red Cross Society coordinator Sora Bitacha",2,Buffalo Springs game reserve,Isiolo and Samburu border [central Kenya] - Leruko on Isiolo side and game park on Samburu County side,Isiolo county,Isiolo North constituency,0.533333,37.566667,POINT (37.566667 0.533333),130756,Kenya,501,Africa,1,1,2014-11-11 00:00:00.000,2014-11-11 00:00:00.000,2,8,0,0,10,10,8,,
206891,KEN-2015-2-406-4.1,2015,1,Clear,2,5536,4926,Samburu - Turkana,5536,5536,Samburu - Turkana,925,925,Samburu,693,693,Turkana,1,"""Finn Church Aid,2015-11-02,Isiolo and Samburu peace treaty signed following several months of fighting""",Finn Church Aid,2015-11-02,Isiolo and Samburu peace treaty signed following several months of fighting,Finn Church Aid,4,Isiolo county,Isiolo county,Isiolo county,,0.983333,38.533333,POINT (38.533333 0.983333),130758,Kenya,501,Africa,2,5,2015-05-01 00:00:00.000,2015-11-02 00:00:00.000,0,0,0,17,17,17,17,,
208868,KEN-2015-2-406-4.2,2015,1,Clear,2,5536,4926,Samburu - Turkana,5536,5536,Samburu - Turkana,925,925,Samburu,693,693,Turkana,1,"""Finn Church Aid,2015-11-02,Isiolo and Samburu peace treaty signed following several months of fighting""",Finn Church Aid,2015-11-02,Isiolo and Samburu peace treaty signed following several months of fighting,Finn Church Aid,4,Samburu county,Samburu county,Samburu county,,1.333333,37.116667,POINT (37.116667 1.333333),131475,Kenya,501,Africa,2,5,2015-05-01 00:00:00.000,2015-11-02 00:00:00.000,0,0,0,17,17,17,17,,
206504,KEN-2015-2-406-0,2015,1,Clear,2,5536,4926,Samburu - Turkana,5536,5536,Samburu - Turkana,925,925,Samburu,693,693,Turkana,1,"""BBC Monitoring Africa,2015-05-27,Five killed, 10 injured in northern Kenya communal fighting""",BBC Monitoring Africa,2015-05-27,"Five killed, 10 injured in northern Kenya communal fighting",Isiolo Deputy Commissioner Julius Maiyo,1,Attan village,"Attan, Isiolo County",Isiolo county,Isiolo North constituency,0.488599,37.610937,POINT (37.610937 0.488599),130036,Kenya,501,Africa,1,1,2015-05-26 00:00:00.000,2015-05-26 00:00:00.000,0,0,0,5,5,5,5,,
206526,KEN-2015-2-406-1,2015,1,Clear,2,5536,4926,Samburu - Turkana,5536,5536,Samburu - Turkana,925,925,Samburu,693,693,Turkana,2,"""BBC Monitoring Africa,2015-06-06,At least three killed in northeastern Kenya inter-communal clashes"";""The Standard digital news,2015-06-06,11 people reported dead after a clash between the Samburu and Turkana""",BBC Monitoring Africa;The Standard digital news,2015-06-06;2015-06-06,At least three killed in northeastern Kenya inter-communal clashes;11 people reported dead after a clash between the Samburu and Turkana,Isiolo County Commissioner Wanyama Musiambo,2,Buffalo Springs game reserve,Lowangila in Isiolo County [northeastern Kenya].,Isiolo county,Isiolo North constituency,0.533333,37.566667,POINT (37.566667 0.533333),130756,Kenya,501,Africa,1,1,2015-06-06 00:00:00.000,2015-06-06 00:00:00.000,0,0,0,11,11,11,11,,
235705,KEN-2016-2-406-0,2016,0,Clear,2,5536,4926,Samburu - Turkana,5536,5536,Samburu - Turkana,925,925,Samburu,693,693,Turkana,2,"""The Standard,2016-02-06,Nine killed in early morning cattle raid"";""The Standard,2016-02-08,1,500 people flee Marti following Friday attack""",The Standard;The Standard,2016-02-06;2016-02-08,"Nine killed in early morning cattle raid;1,500 people flee Marti following Friday attack",County Commissioner Mohammed Birik,2,Marti location,"Lengeyawei-Nachola Village, Marti Baragoi, Samburu County",Samburu county,Samburu North constituency,1.662899,36.644165,POINT (36.644165000158 1.662899294397),132194,Kenya,501,Africa,1,1,2016-02-05 00:00:00.000,2016-02-05 00:00:00.000,0,0,0,2,2,9,2,,
241277,KEN-2017-2-5536-1,2017,0,Clear,2,5536,4926,Samburu - Turkana,5536,5536,Samburu - Turkana,925,925,Samburu,693,693,Turkana,2,"""Africa Research Bulletin Volume 54 Issue 5,2017-07-18,Kenya - Land Invasions"";""ICG,2017-07-19,Ethnic Contest and Electoral Violence in Northern Kenya""",Africa Research Bulletin Volume 54 Issue 5;ICG,2017-07-18;2017-07-19,Kenya - Land Invasions;Ethnic Contest and Electoral Violence in Northern Kenya,"Isiolo County Commissioner George
Natembeya?",1,Burat locality,"Police camp at Mlango (northeast of Laikipia), Isiolo County

Burat location",Isiolo county,Isiolo North constituency,0.388226,37.439559,POINT (37.439559 0.388226),130035,Kenya,501,Africa,1,1,2017-06-07 00:00:00.000,2017-06-07 00:00:00.000,0,0,0,8,8,8,8,,
241755,KEN-2017-2-5536-0.2,2017,0,Clear,2,5536,4926,Samburu - Turkana,5536,5536,Samburu - Turkana,925,925,Samburu,693,693,Turkana,1,"""The Star (Kenya),2017-09-11,Two killed during latest livestock raid in Baragoi""",The Star (Kenya),2017-09-11,Two killed during latest livestock raid in Baragoi,,2,Siambu area,Siambu area of Samburu North,Samburu county,Samburu West constituency,1.217040,36.539800,POINT (36.5398 1.21704),131474,Kenya,501,Africa,1,1,2017-09-10 00:00:00.000,2017-09-10 00:00:00.000,3,0,0,0,3,3,3,,
241751,KEN-2017-2-5536-0.1,2017,0,Clear,2,5536,4926,Samburu - Turkana,5536,5536,Samburu - Turkana,925,925,Samburu,693,693,Turkana,1,"""The Star (Kenya),2017-09-11,Two killed during latest livestock raid in Baragoi""",The Star (Kenya),2017-09-11,Two killed during latest livestock raid in Baragoi,,2,Siambu area,Siambu area of Samburu North,Samburu county,Samburu West constituency,1.217040,36.539800,POINT (36.5398 1.21704),131474,Kenya,501,Africa,1,1,2017-09-11 00:00:00.000,2017-09-11 00:00:00.000,2,0,0,0,2,2,2,,
34231,ETH-1989-2-409-1,1989,1,Clear,2,5538,4928,"Dassanetch - Nyangatom , Toposa",5538,5538,"Dassanetch - Nyangatom , Toposa",713,713,Dassanetch,3806,3806,"Nyangatom , Toposa",-1,"Tornay, ""More chances on the fringe of the state?"", in Tvedt, ed. ""Confilcts in the horn of Africa: Human and ecological consequences of warfare",,,,,5,Dassenech country,Dassenech country,Rift Valley province,Turkana district,4.443028,35.988161,POINT (35.988161 4.443028),135792,Kenya,501,Africa,1,5,1989-01-01 00:00:00.000,1989-03-31 00:00:00.000,60,0,0,0,60,60,60,,
43441,KEN-1996-2-411-1,1996,1,Clear,2,5540,4930,Samburu - Somali,5540,5540,Samburu - Somali,925,925,Samburu,685,685,Somali,-1,IPRS 260996,,,,,1,Isiolo town,Isiolo town,Eastern province,Isiolo district,0.350000,37.583333,POINT (37.583333 0.35),130036,Kenya,501,Africa,2,5,1996-06-01 00:00:00.000,1996-09-26 00:00:00.000,0,0,0,40,40,40,40,,
43618,KEN-2008-2-411-1,2008,0,Clear,2,5540,4930,Samburu - Somali,5540,5540,Samburu - Somali,925,925,Samburu,685,685,Somali,1,"""BBC Monitoring Africa,2008-12-23,Three killed in land conflict in central Kenya""",BBC Monitoring Africa,2008-12-23,Three killed in land conflict in central Kenya,Kenya Red Cross acting Communications Manager Titus Mung'ou,3,Isiolo district,Isiolo [Eastern Province],Eastern province,Isiolo district,1.000000,38.750000,POINT (38.75 1),131478,Kenya,501,Africa,1,1,2008-12-23 00:00:00.000,2008-12-23 00:00:00.000,0,0,0,3,3,3,3,,
43385,KEN-2009-2-411-1,2009,0,Clear,2,5540,4930,Samburu - Somali,5540,5540,Samburu - Somali,925,925,Samburu,685,685,Somali,-1,"CEWARN, country update, kenyan side of somali cluster, jan-apr 2009",,,,,3,Isiolo district,Isiolo district,Eastern province,Isiolo district,1.000000,38.750000,POINT (38.75 1),131478,Kenya,501,Africa,1,4,2009-01-01 00:00:00.000,2009-01-31 00:00:00.000,0,0,0,6,6,6,6,,
34202,ETH-1997-2-430-1,1997,1,Clear,2,5559,4949,Dassanetch - Gabra,5559,5559,Dassanetch - Gabra,713,713,Dassanetch,609,609,Gabra,-1,"Sagawa, Automatic Rifles and Social Order Amongst the Daasanach of Conflict-Ridden East Africa, Nomadic Peoples, Vol. 14, Issue 1, 2010, 101; Houtteman, Yvan (2011) ""Living in the navel of Waag. Ritual traditions among the Daasanech of South West Ethiopia"", Universiteit Gent, Faculteit Letteren & Wijsbegeerte, p. 17",,,,,1,Kokoy area,"Kokoy, Eastern Province",Eastern province,,4.083330,36.266670,POINT (36.26667 4.08333),135793,Kenya,501,Africa,1,4,1997-03-01 00:00:00.000,1997-03-31 00:00:00.000,0,100,0,0,100,100,100,,
34197,ETH-2008-2-430-1,2008,0,Clear,2,5559,4949,Dassanetch - Gabra,5559,5559,Dassanetch - Gabra,713,713,Dassanetch,609,609,Gabra,-1,"CEWARN country updates Kenya, Kenyan side of Somali cluster, jan-april 2008",,,,,2,Darade sublocation of North Horr location,Darade sublocation of North Horr location,Eastern province,Marsabit district,3.321310,37.070690,POINT (37.07069 3.32131),134355,Kenya,501,Africa,1,1,2008-03-11 00:00:00.000,2008-03-11 00:00:00.000,0,3,0,0,3,3,3,,
153805,KEN-2014-2-430-0,2014,0,Clear,2,5559,4949,Dassanetch - Gabra,5559,5559,Dassanetch - Gabra,713,713,Dassanetch,609,609,Gabra,1,"""All Africa,2014-11-21,At Least Five Killed in Marsabit County Cattle Rustling Attack""",All Africa,2014-11-21,At Least Five Killed in Marsabit County Cattle Rustling Attack,Marsabit County Commissioner Peter Thuku,2,Buluk village,"12 kilometres from Buluku, North Horr, Marsabit County",Marsabit county,North Horr constituency,4.201150,36.683040,POINT (36.68304 4.20115),135794,Kenya,501,Africa,1,1,2014-11-19 00:00:00.000,2014-11-19 00:00:00.000,0,0,0,5,5,5,5,,
40799,KEN-2012-2-435-1,2012,1,Clear,2,5563,4953,Degodia - Garre,5563,5563,Degodia - Garre,918,918,Degodia,1079,1079,Garre,-1,"Daily Nation 2012-07-31 through BBC ""Six killed in renewed ethnic clashes in northeastern Kenya",,,,local MPs,3,Mandera district,"Mandera District, especially Banissa town, Mandera Central",North Eastern province,Mandera district,3.500000,40.750000,POINT (40.75 3.5),135082,Kenya,501,Africa,2,4,2012-07-17 00:00:00.000,2012-07-31 00:00:00.000,0,0,0,6,6,6,6,,
40800,KEN-2012-2-435-2,2012,1,Clear,2,5563,4953,Degodia - Garre,5563,5563,Degodia - Garre,918,918,Degodia,1079,1079,Garre,-1,"Capital FM/All Africa 2012-08-21 ""Five People Killed By Cattle Rustlers in Mandera""; The Star/All Africa 2012-08-21 ""MPs Condemn Border Killings in Mandera",,,,police,3,Mandera district,Chariko (at the boarder of Mandera Central and Mandera West),North Eastern province,Mandera district,3.500000,40.750000,POINT (40.75 3.5),135082,Kenya,501,Africa,1,1,2012-08-20 00:00:00.000,2012-08-20 00:00:00.000,5,0,0,0,5,5,5,,
40802,KEN-2012-2-435-4,2012,1,Clear,2,5563,4953,Degodia - Garre,5563,5563,Degodia - Garre,918,918,Degodia,1079,1079,Garre,-1,"AP 2012-08-24 ""Kenya Red Cross: More than 200 have died in separate clashes connected to polls next year""; The Standard 2012-08-27 through BBC ""Four more killed in clan fighting in northern Kenya",,,,"Kenya Red Cross; Local administration, police",3,Mandera district,"Mandera District, especially Banissa town, Mandera Central",North Eastern province,Mandera district,3.500000,40.750000,POINT (40.75 3.5),135082,Kenya,501,Africa,2,2,2012-08-20 00:00:00.000,2012-08-23 00:00:00.000,0,0,0,0,0,2,0,,
40806,KEN-2012-2-435-7,2012,1,Clear,2,5563,4953,Degodia - Garre,5563,5563,Degodia - Garre,918,918,Degodia,1079,1079,Garre,-1,"The Standard 2012-11-08 through BBC ""Suspected Ethiopian raiders kill four in northeastern Kenya",,,,,3,Mandera district,Mandera area,North Eastern province,Mandera district,3.500000,40.750000,POINT (40.75 3.5),135082,Kenya,501,Africa,2,3,2012-08-20 00:00:00.000,2012-08-26 00:00:00.000,0,0,0,0,0,4,0,,
40801,KEN-2012-2-435-3,2012,1,Clear,2,5563,4953,Degodia - Garre,5563,5563,Degodia - Garre,918,918,Degodia,1079,1079,Garre,-1,"Capital FM/All Africa 2012-08-23 ""Five Killed in Mandera Revenge Attacks",,,,police,2,Rhamu town,"Rhamu area villages, Mandera",North Eastern province,Mandera district,3.931881,41.225615,POINT (41.225615 3.931881),135083,Kenya,501,Africa,1,1,2012-08-22 00:00:00.000,2012-08-22 00:00:00.000,0,0,0,5,5,5,5,,
40804,KEN-2012-2-435-5,2012,1,Clear,2,5563,4953,Degodia - Garre,5563,5563,Degodia - Garre,918,918,Degodia,1079,1079,Garre,-1,"NTV 2012-08-25 through BBC ""Situation in volatile northern Kenya town ""threatening to get out of hand",,,,,3,Wajir district,"Waqbere village, Wajir",North Eastern province,Wajir district,1.747220,40.068900,POINT (40.0689 1.74722),132201,Kenya,501,Africa,1,1,2012-08-23 00:00:00.000,2012-08-23 00:00:00.000,0,1,0,0,1,1,1,,
40805,KEN-2012-2-435-6,2012,1,Clear,2,5563,4953,Degodia - Garre,5563,5563,Degodia - Garre,918,918,Degodia,1079,1079,Garre,-1,"The Standard 2012-08-27 through BBC ""Four more killed in clan fighting in northern Kenya",,,,"Local administration, police",2,Guba village,"Muradellow village of Guba location, Mandera North and Banisa near the Kenya-Ethiopia border",North Eastern province,Mandera district,3.860000,40.500000,POINT (40.5 3.86),135082,Kenya,501,Africa,1,1,2012-08-26 00:00:00.000,2012-08-26 00:00:00.000,0,0,0,4,4,4,4,,
40803,KEN-2012-2-435-8,2012,1,Clear,2,5563,4953,Degodia - Garre,5563,5563,Degodia - Garre,918,918,Degodia,1079,1079,Garre,-1,"The Standard 2012-11-08 through BBC ""Suspected Ethiopian raiders kill four in northeastern Kenya",,,,Mandera East DC [District Commissioner] Elvis Korir,2,Rhamu town,10 km from Rhamu town,North Eastern province,Mandera district,3.931881,41.225615,POINT (41.225615 3.931881),135083,Kenya,501,Africa,1,1,2012-11-04 00:00:00.000,2012-11-04 00:00:00.000,0,3,0,0,3,4,3,,
40807,KEN-2012-2-435-9,2012,1,Clear,2,5563,4953,Degodia - Garre,5563,5563,Degodia - Garre,918,918,Degodia,1079,1079,Garre,-1,"The Standard 2012-11-08 through BBC ""Suspected Ethiopian raiders kill four in northeastern Kenya""; Xinhua 2012-11-09 ""Roundup: Relative calm returns to N. Kenya after tribal clashes",,,,"police, local official",2,Mandera town,Shefshefe and livestock market villages on the outskirts of Mandera town,North Eastern province,Mandera district,3.936804,41.858383,POINT (41.858383 3.936804),135084,Kenya,501,Africa,1,2,2012-11-07 00:00:00.000,2012-11-09 00:00:00.000,0,0,0,6,6,6,6,,
62638,ETH-2013-2-435-20,2013,1,Clear,2,5563,4953,Degodia - Garre,5563,5563,Degodia - Garre,918,918,Degodia,1079,1079,Garre,2,"""Associated Press Newswires,2013-03-01,Kenyan police, a vilified institution, the key to peaceful elections on Monday"";""Xinhua News Agency,2013-03-04,Kenya's electoral officials decry insecurity""",Associated Press Newswires;Xinhua News Agency,2013-03-01;2013-03-04,"Kenyan police, a vilified institution, the key to peaceful elections on Monday;Kenya's electoral officials decry insecurity",inspector general of police David Kimaiyo,1,Rhamu town,Rhamu town in Mandera east,North Eastern province,Mandera district,3.931881,41.225615,POINT (41.225615 3.931881),135083,Kenya,501,Africa,1,1,2013-02-28 00:00:00.000,2013-02-28 00:00:00.000,0,0,0,7,7,7,2,,
64420,ETH-2013-2-435-18,2013,1,Clear,2,5563,4953,Degodia - Garre,5563,5563,Degodia - Garre,918,918,Degodia,1079,1079,Garre,1,"""Ministry of Education, Science and Technology, State Department of Education,2013-09-19,Education in Emergencies Status Report: 19th September 2013""","Ministry of Education, Science and Technology, State Department of Education",2013-09-19,Education in Emergencies Status Report: 19th September 2013,"Mandera KIRA [Kenya Initial Rapid Assessment] and Wajir KIRA, July 2013",3,Mandera district,Mandera County,North Eastern province,Mandera district,3.500000,40.750000,POINT (40.75 3.5),135082,Kenya,501,Africa,2,5,2013-03-01 00:00:00.000,2013-07-22 00:00:00.000,0,0,0,0,0,34,0,,
62655,ETH-2013-2-435-1,2013,1,Clear,2,5563,4953,Degodia - Garre,5563,5563,Degodia - Garre,918,918,Degodia,1079,1079,Garre,1,"""BBC Monitoring Africa,2013-05-16,Kenyan president to hold ""crisis meeting"" with police chiefs over insecurity""",BBC Monitoring Africa,2013-05-16,"Kenyan president to hold ""crisis meeting"" with police chiefs over insecurity",not stated,4,Mandera county,Mandera,Mandera county,,3.366667,40.700000,POINT (40.7 3.366667),134362,Kenya,501,Africa,2,4,2013-04-17 00:00:00.000,2013-05-16 00:00:00.000,0,0,0,0,0,1,0,,
62660,ETH-2013-2-435-5,2013,1,Clear,2,5563,4953,Degodia - Garre,5563,5563,Degodia - Garre,918,918,Degodia,1079,1079,Garre,1,"""Xinhua News Agency,2013-05-22,Schools closed in northern Kenya as insecurity escalates""",Xinhua News Agency,2013-05-22,Schools closed in northern Kenya as insecurity escalates,District Commissioner Sammy Mwati,4,Mandera county,Mandera County,Mandera county,,3.366667,40.700000,POINT (40.7 3.366667),134362,Kenya,501,Africa,1,4,2013-05-01 00:00:00.000,2013-05-22 00:00:00.000,0,0,0,1,1,1,1,,
62654,ETH-2013-2-435-0,2013,1,Clear,2,5563,4953,Degodia - Garre,5563,5563,Degodia - Garre,918,918,Degodia,1079,1079,Garre,3,"""BBC Monitoring Africa,2013-05-13,Ultimatum to surrender illegal arms issued in northeastern Kenya"";""All Africa,2013-05-14,Kenya Deploys Military to Disarm Militia in Northern Region"";""All Africa,2013-05-13,Kenyan Military Deployed to Quell Militia Violence in Mandera""",BBC Monitoring Africa;All Africa;All Africa,2013-05-13;2013-05-14;2013-05-13,Ultimatum to surrender illegal arms issued in northeastern Kenya;Kenya Deploys Military to Disarm Militia in Northern Region;Kenyan Military Deployed to Quell Militia Violence in Mandera,"Inspector General of Police David Kimaiyo; ""insiders""",2,Rhamu town,"near Rhamu town, Mandera [northeastern Kenya]",Mandera county,Mandera North constituency,3.931881,41.225615,POINT (41.225615 3.931881),135083,Kenya,501,Africa,1,1,2013-05-10 00:00:00.000,2013-05-10 00:00:00.000,0,0,0,7,7,7,7,,
63714,ETH-2013-2-435-14,2013,1,Clear,2,5563,4953,Degodia - Garre,5563,5563,Degodia - Garre,918,918,Degodia,1079,1079,Garre,1,"""All Africa,2013-05-20,Three Killed in Fresh Attacks At Mandera""",All Africa,2013-05-20,Three Killed in Fresh Attacks At Mandera,Government officials in the county,2,Malka Mari village,Malkamari division near the border,Mandera county,Banisa constituency,4.259040,40.738885,POINT (40.738885 4.25904),135802,Kenya,501,Africa,1,1,2013-05-16 00:00:00.000,2013-05-16 00:00:00.000,3,0,0,0,3,3,3,,
62659,ETH-2013-2-435-4,2013,1,Clear,2,5563,4953,Degodia - Garre,5563,5563,Degodia - Garre,918,918,Degodia,1079,1079,Garre,1,"""Xinhua News Agency,2013-05-22,Schools closed in northern Kenya as insecurity escalates""",Xinhua News Agency,2013-05-22,Schools closed in northern Kenya as insecurity escalates,District Commissioner Sammy Mwati,4,Mandera county,Mandera county,Mandera county,,3.366667,40.700000,POINT (40.7 3.366667),134362,Kenya,501,Africa,1,1,2013-05-21 00:00:00.000,2013-05-21 00:00:00.000,1,0,0,0,1,1,1,,
62657,ETH-2013-2-435-2,2013,1,Clear,2,5563,4953,Degodia - Garre,5563,5563,Degodia - Garre,918,918,Degodia,1079,1079,Garre,1,"""Xinhua News Agency,2013-05-22,Schools closed in northern Kenya as insecurity escalates""",Xinhua News Agency,2013-05-22,Schools closed in northern Kenya as insecurity escalates,District Commissioner Sammy Mwati,1,Guba village,Guba in Mandera County,Mandera county,Banisa constituency,3.860000,40.500000,POINT (40.5 3.86),135082,Kenya,501,Africa,1,1,2013-05-22 00:00:00.000,2013-05-22 00:00:00.000,1,0,0,0,1,1,1,,
62658,ETH-2013-2-435-3,2013,1,Clear,2,5563,4953,Degodia - Garre,5563,5563,Degodia - Garre,918,918,Degodia,1079,1079,Garre,1,"""Xinhua News Agency,2013-05-22,Schools closed in northern Kenya as insecurity escalates""",Xinhua News Agency,2013-05-22,Schools closed in northern Kenya as insecurity escalates,District Commissioner Sammy Mwati,4,Mandera county,Mandera County,Mandera county,,3.366667,40.700000,POINT (40.7 3.366667),134362,Kenya,501,Africa,1,1,2013-05-22 00:00:00.000,2013-05-22 00:00:00.000,0,0,0,2,2,2,2,,
62662,ETH-2013-2-435-6,2013,1,Clear,2,5563,4953,Degodia - Garre,5563,5563,Degodia - Garre,918,918,Degodia,1079,1079,Garre,1,"""Xinhua News Agency,2013-05-25,Inter-tribal clashes kill 5 in N. Kenya""",Xinhua News Agency,2013-05-25,Inter-tribal clashes kill 5 in N. Kenya,"divisional police commander, Christopher Rotich",3,Banisa constituency,Banisa area,Mandera county,Banisa constituency,3.900000,40.300000,POINT (40.3 3.9),135081,Kenya,501,Africa,1,1,2013-05-25 00:00:00.000,2013-05-25 00:00:00.000,0,3,0,0,3,3,3,,
62663,ETH-2013-2-435-7,2013,1,Clear,2,5563,4953,Degodia - Garre,5563,5563,Degodia - Garre,918,918,Degodia,1079,1079,Garre,1,"""Xinhua News Agency,2013-05-25,Inter-tribal clashes kill 5 in N. Kenya""",Xinhua News Agency,2013-05-25,Inter-tribal clashes kill 5 in N. Kenya,"divisional police commander, Christopher Rotich",1,Hullow village,Hullow village in Malka-Mari division (Mandera area),Mandera county,Banisa constituency,4.070000,40.860000,POINT (40.86 4.07),135802,Kenya,501,Africa,1,1,2013-05-25 00:00:00.000,2013-05-25 00:00:00.000,0,2,0,0,2,2,2,,
63749,ETH-2013-2-435-15,2013,1,Clear,2,5563,4953,Degodia - Garre,5563,5563,Degodia - Garre,918,918,Degodia,1079,1079,Garre,1,"""All Africa,2013-06-20,Gunmen Kill Two Women, Police Reservist in Wajir""",All Africa,2013-06-20,"Gunmen Kill Two Women, Police Reservist in Wajir",Wajir East police chief James Mutungi,1,Bur Mayo village,"Burmayo village, Wajir",Wajir county,Wajir North constituency,2.983356,40.266633,POINT (40.266633 2.983356),133641,Kenya,501,Africa,1,1,2013-06-17 00:00:00.000,2013-06-17 00:00:00.000,0,0,0,2,2,2,2,,
62670,ETH-2013-2-435-13,2013,1,Clear,2,5563,4953,Degodia - Garre,5563,5563,Degodia - Garre,918,918,Degodia,1079,1079,Garre,3,"""Agence France Presse,2013-06-22,Nine killed in inter-clan fighting in northeastern Kenya"";""Xinhua News Agency,2013-06-23,At least 12 killed in ethnic clash in northern Kenya"";""BBC Monitoring Africa,2013-06-24,Northeastern Kenya leaders summoned to Nairobi over insecurity""",Agence France Presse;Xinhua News Agency;BBC Monitoring Africa,2013-06-22;2013-06-23;2013-06-24,Nine killed in inter-clan fighting in northeastern Kenya;At least 12 killed in ethnic clash in northern Kenya;Northeastern Kenya leaders summoned to Nairobi over insecurity,police,4,Mandera county,Mandera,Mandera county,,3.366667,40.700000,POINT (40.7 3.366667),134362,Kenya,501,Africa,1,1,2013-06-21 00:00:00.000,2013-06-21 00:00:00.000,0,4,0,0,4,4,4,,
62672,ETH-2013-2-435-8,2013,1,Clear,2,5563,4953,Degodia - Garre,5563,5563,Degodia - Garre,918,918,Degodia,1079,1079,Garre,3,"""Agence France Presse,2013-06-22,Nine killed in inter-clan fighting in northeastern Kenya"";""BBC Monitoring Africa,2013-06-24,Northeastern Kenya leaders summoned to Nairobi over insecurity"";""Ministry of Education, Science and Technology, State Department of Education,2013-09-19,Education in Emergencies Status Report: 19th September 2013 Humanitarian profile""","Agence France Presse;BBC Monitoring Africa;Ministry of Education, Science and Technology, State Department of Education",2013-06-22;2013-06-24;2013-09-19,Nine killed in inter-clan fighting in northeastern Kenya;Northeastern Kenya leaders summoned to Nairobi over insecurity;Education in Emergencies Status Report: 19th September 2013 Humanitarian profile,police,4,Wajir county,Wajir,Wajir county,,1.750000,40.016667,POINT (40.016667 1.75),132201,Kenya,501,Africa,1,1,2013-06-21 00:00:00.000,2013-06-21 00:00:00.000,0,0,0,5,5,6,5,,
62675,ETH-2013-2-435-10,2013,1,Clear,2,5563,4953,Degodia - Garre,5563,5563,Degodia - Garre,918,918,Degodia,1079,1079,Garre,2,"""UNOCHA,2013-06-27,KENYA: Inter-communal Conflict in Mandera County"";""Xinhua News Agency,2013-06-23,At least 12 killed in ethnic clash in northern Kenya""",UNOCHA;Xinhua News Agency,2013-06-27;2013-06-23,KENYA: Inter-communal Conflict in Mandera County;At least 12 killed in ethnic clash in northern Kenya,not stated,3,Banisa constituency,"Jiriko village (?) some 50 kms from Banisa town, Mandera County",Mandera county,Banisa constituency,3.900000,40.300000,POINT (40.3 3.9),135081,Kenya,501,Africa,1,1,2013-06-22 00:00:00.000,2013-06-22 00:00:00.000,0,0,0,0,0,1,0,,
62676,ETH-2013-2-435-11,2013,1,Clear,2,5563,4953,Degodia - Garre,5563,5563,Degodia - Garre,918,918,Degodia,1079,1079,Garre,2,"""Xinhua News Agency,2013-06-23,At least 12 killed in ethnic clash in northern Kenya"";""UNOCHA,2013-06-27,KENYA: Inter-communal Conflict in Mandera County""",Xinhua News Agency;UNOCHA,2013-06-23;2013-06-27,At least 12 killed in ethnic clash in northern Kenya;KENYA: Inter-communal Conflict in Mandera County,not stated,1,Guba village,"Guba village near Banisa, Mandera County",Mandera county,Banisa constituency,3.860000,40.500000,POINT (40.5 3.86),135082,Kenya,501,Africa,1,1,2013-06-22 00:00:00.000,2013-06-22 00:00:00.000,0,0,0,0,0,3,0,,
62674,ETH-2013-2-435-9,2013,1,Clear,2,5563,4953,Degodia - Garre,5563,5563,Degodia - Garre,918,918,Degodia,1079,1079,Garre,4,"""Xinhua News Agency,2013-06-23,At least 12 killed in ethnic clash in northern Kenya"";""Xinhua News Agency,2013-06-23,Death toll in clan attack rises to 15 in northern Kenya"";""Xinhua News Agency,2013-06-24,Kenyan leader orders disarmament amid inter-ethnic clashes"";""UNOCHA,2013-06-27,KENYA: Inter-communal Conflict in Mandera County""",Xinhua News Agency;Xinhua News Agency;Xinhua News Agency;UNOCHA,2013-06-23;2013-06-23;2013-06-24;2013-06-27,At least 12 killed in ethnic clash in northern Kenya;Death toll in clan attack rises to 15 in northern Kenya;Kenyan leader orders disarmament amid inter-ethnic clashes;KENYA: Inter-communal Conflict in Mandera County,District Commissioner Sammy Mwati,3,Banisa constituency,"Jiriko village some 50 kms from Banisa town, Mandera County",Mandera county,Banisa constituency,3.900000,40.300000,POINT (40.3 3.9),135081,Kenya,501,Africa,1,1,2013-06-23 00:00:00.000,2013-06-23 00:00:00.000,15,0,0,1,16,16,16,,
64473,ETH-2013-2-435-19,2013,1,Clear,2,5563,4953,Degodia - Garre,5563,5563,Degodia - Garre,918,918,Degodia,1079,1079,Garre,1,"""UNOCHA,2013-07-18,KENYA: Inter-communal Conflict in Mandera County""",UNOCHA,2013-07-18,KENYA: Inter-communal Conflict in Mandera County,not stated,3,Banisa constituency,"Shirshir village, Banisa District in Mandera County",Mandera county,Banisa constituency,3.900000,40.300000,POINT (40.3 3.9),135081,Kenya,501,Africa,1,1,2013-06-28 00:00:00.000,2013-06-28 00:00:00.000,0,0,0,3,3,3,3,,
151299,ETH-2014-2-435-6,2014,1,Clear,2,5563,4953,Degodia - Garre,5563,5563,Degodia - Garre,918,918,Degodia,1079,1079,Garre,2,"""Agence France Presse,2014-06-23,Over 20 killed in northeastern Kenya clashes: government"";""Xinhua News Agency,2014-06-23,Over 60 killed, 75,000 displaced N. Kenya clashes: UN""",Agence France Presse;Xinhua News Agency,2014-06-23;2014-06-23,"Over 20 killed in northeastern Kenya clashes: government;Over 60 killed, 75,000 displaced N. Kenya clashes: UN",United Nations,4,Wajir county,Wajir district,Wajir county,,1.750000,40.016667,POINT (40.016667 1.75),132201,Kenya,501,Africa,2,5,2014-05-01 00:00:00.000,2014-06-22 00:00:00.000,0,0,0,5,5,9,5,,
151228,ETH-2014-2-435-0,2014,1,Clear,2,5563,4953,Degodia - Garre,5563,5563,Degodia - Garre,918,918,Degodia,1079,1079,Garre,3,"""BBC Monitoring Africa,2014-05-15,Three killed in clashes between rival clans in northeastern Kenya"";""All Africa,2014-05-16,Three Killed in Suspected Clashes Between Degodia and Gare Clans"";""Xinhua News Agency,2014-05-13,At least 3 killed in inter-clan violence in N. Kenya""",BBC Monitoring Africa;All Africa;Xinhua News Agency,2014-05-15;2014-05-16;2014-05-13,Three killed in clashes between rival clans in northeastern Kenya;Three Killed in Suspected Clashes Between Degodia and Gare Clans;At least 3 killed in inter-clan violence in N. Kenya,Tarbaj OCPD [Officer Commanding Police Division] Soita Mwanja,3,Tarbai constituency,"Ogaralle Village in Tarbaj Subcounty, Wajir",Wajir county,Tarbai constituency,2.214000,40.115000,POINT (40.115 2.214),132921,Kenya,501,Africa,1,1,2014-05-13 00:00:00.000,2014-05-13 00:00:00.000,3,0,0,0,3,3,3,,
151248,ETH-2014-2-435-3,2014,1,Clear,2,5563,4953,Degodia - Garre,5563,5563,Degodia - Garre,918,918,Degodia,1079,1079,Garre,1,"""BBC Monitoring Africa,2014-05-29,Five killed in clashes between rival clans in northeastern Kenya""",BBC Monitoring Africa,2014-05-29,Five killed in clashes between rival clans in northeastern Kenya,Daily Nation website article,4,Mandera county,Mandera County,Mandera county,,3.366667,40.700000,POINT (40.7 3.366667),134362,Kenya,501,Africa,2,4,2014-05-14 00:00:00.000,2014-05-28 00:00:00.000,0,0,0,2,2,2,2,,
153685,ETH-2014-2-435-11,2014,1,Clear,2,5563,4953,Degodia - Garre,5563,5563,Degodia - Garre,918,918,Degodia,1079,1079,Garre,1,"""All Africa,2014-05-22,Renewed Clan Clashes in Mandera, Wajir Open Door for Al-Shabaab Attacks""",All Africa,2014-05-22,"Renewed Clan Clashes in Mandera, Wajir Open Door for Al-Shabaab Attacks",Mandera County Police Commander Noah Mwivanda,2,Rhamu town,"Bulla Tawakal near Rhamu town, Mandera county",Mandera county,Mandera North constituency,3.931881,41.225615,POINT (41.225615 3.931881),135083,Kenya,501,Africa,1,1,2014-05-15 00:00:00.000,2014-05-15 00:00:00.000,0,6,0,0,6,6,6,,
153686,ETH-2014-2-435-12,2014,1,Clear,2,5563,4953,Degodia - Garre,5563,5563,Degodia - Garre,918,918,Degodia,1079,1079,Garre,1,"""All Africa,2014-05-22,Renewed Clan Clashes in Mandera, Wajir Open Door for Al-Shabaab Attacks""",All Africa,2014-05-22,"Renewed Clan Clashes in Mandera, Wajir Open Door for Al-Shabaab Attacks",Wajir County Commissioner Naftali Mungatia,3,Tarbai constituency,"Gunana, Wajir county",Wajir county,Tarbai constituency,2.214000,40.115000,POINT (40.115 2.214),132921,Kenya,501,Africa,1,1,2014-05-16 00:00:00.000,2014-05-16 00:00:00.000,1,0,0,0,1,1,1,,
153688,ETH-2014-2-435-13,2014,1,Clear,2,5563,4953,Degodia - Garre,5563,5563,Degodia - Garre,918,918,Degodia,1079,1079,Garre,1,"""All Africa,2014-05-22,Renewed Clan Clashes in Mandera, Wajir Open Door for Al-Shabaab Attacks""",All Africa,2014-05-22,"Renewed Clan Clashes in Mandera, Wajir Open Door for Al-Shabaab Attacks",Mandera County Police Commander Noah Mwivanda,2,Takaba town,"Takaba district, Mandera county",Mandera county,Mandera West constituency,3.424492,40.228714,POINT (40.228714 3.424492),134361,Kenya,501,Africa,1,1,2014-05-19 00:00:00.000,2014-05-19 00:00:00.000,0,3,0,0,3,3,3,,
151245,ETH-2014-2-435-2,2014,1,Clear,2,5563,4953,Degodia - Garre,5563,5563,Degodia - Garre,918,918,Degodia,1079,1079,Garre,1,"""BBC Monitoring Africa,2014-05-29,Five killed in clashes between rival clans in northeastern Kenya""",BBC Monitoring Africa,2014-05-29,Five killed in clashes between rival clans in northeastern Kenya,Daily Nation website article,1,Takaba town,"Takaba town, Mandera County",Mandera county,Mandera West constituency,3.424492,40.228714,POINT (40.228714 3.424492),134361,Kenya,501,Africa,1,3,2014-05-19 00:00:00.000,2014-05-25 00:00:00.000,0,0,0,2,2,2,2,,
151244,ETH-2014-2-435-1,2014,1,Clear,2,5563,4953,Degodia - Garre,5563,5563,Degodia - Garre,918,918,Degodia,1079,1079,Garre,1,"""BBC Monitoring Africa,2014-05-29,Five killed in clashes between rival clans in northeastern Kenya""",BBC Monitoring Africa,2014-05-29,Five killed in clashes between rival clans in northeastern Kenya,County Assembly Member Issack Abdi Hassan,1,Gari village,"Gare Village, Mandera county",Mandera county,Lafey constituency,3.434201,40.978135,POINT (40.978135 3.434201),134362,Kenya,501,Africa,1,1,2014-05-28 00:00:00.000,2014-05-28 00:00:00.000,0,0,0,3,3,3,3,,
153873,ETH-2014-2-435-16,2014,1,Clear,2,5563,4953,Degodia - Garre,5563,5563,Degodia - Garre,918,918,Degodia,1079,1079,Garre,1,"""All Africa,2014-06-04,Mandera Security Teams Grapple With Resurgence of Inter-Clan Clashes""",All Africa,2014-06-04,Mandera Security Teams Grapple With Resurgence of Inter-Clan Clashes,"not clear, probably Wajir governor Ahmed Abdullahi",1,Dandu village,Dandu in Mandera West,Mandera county,Mandera West constituency,3.422970,39.879900,POINT (39.8799 3.42297),134360,Kenya,501,Africa,1,1,2014-05-28 00:00:00.000,2014-05-28 00:00:00.000,0,2,0,0,2,2,2,,
151249,ETH-2014-2-435-4,2014,1,Clear,2,5563,4953,Degodia - Garre,5563,5563,Degodia - Garre,918,918,Degodia,1079,1079,Garre,5,"""Agence France Presse,2014-05-30,Eleven killed in northern Kenya ethnic clashes"";""BBC Monitoring Africa,2014-06-03,Kenyan authorities impose curfew on northeastern town over inter-clan clashes"";""Xinhua News Agency,2014-05-31,Roundup: Families displaced, houses burned as inter-ethnic clashes escalate in N. Kenya"";""Xinhua News Agency,2014-05-29,At least 12 killed in inter-ethnic clashes in northern Kenya"";""All Africa,2014-06-03,Attackers 'Are Ethiopians'""",Agence France Presse;BBC Monitoring Africa;Xinhua News Agency;Xinhua News Agency;All Africa,2014-05-30;2014-06-03;2014-05-31;2014-05-29;2014-06-03,"Eleven killed in northern Kenya ethnic clashes;Kenyan authorities impose curfew on northeastern town over inter-clan clashes;Roundup: Families displaced, houses burned as inter-ethnic clashes escalate in N. Kenya;At least 12 killed in inter-ethnic clashes in northern Kenya;Attackers 'Are Ethiopians'","police spokeswoman Zipporah Mboroki, Wajir county police commander David Kuria",3,Tarbai constituency,"Gunana location, Tarbaj constituency, Wajir",Wajir county,Tarbai constituency,2.214000,40.115000,POINT (40.115 2.214),132921,Kenya,501,Africa,1,1,2014-05-29 00:00:00.000,2014-05-29 00:00:00.000,12,0,0,0,12,18,12,,
153865,ETH-2014-2-435-15,2014,1,Clear,2,5563,4953,Degodia - Garre,5563,5563,Degodia - Garre,918,918,Degodia,1079,1079,Garre,1,"""PNA (Philippines News Agency),2014-06-01,Roundup: Families displaced, houses burned as inter-ethnic clashes escalate in N. Kenya By Fabian Mangera and Stephen Ingati""",PNA (Philippines News Agency),2014-06-01,"Roundup: Families displaced, houses burned as inter-ethnic clashes escalate in N. Kenya By Fabian Mangera and Stephen Ingati",not given,1,Rhamu town,Rhamu town on the Mandera side,Mandera county,Mandera North constituency,3.931881,41.225615,POINT (41.225615 3.931881),135083,Kenya,501,Africa,1,1,2014-05-30 00:00:00.000,2014-05-30 00:00:00.000,0,0,0,1,1,1,1,,
151298,ETH-2014-2-435-5,2014,1,Clear,2,5563,4953,Degodia - Garre,5563,5563,Degodia - Garre,918,918,Degodia,1079,1079,Garre,5,"""Agence France Presse,2014-06-23,Over 20 killed in northeastern Kenya clashes: governor"";""Agence France Presse,2014-06-23,Over 20 killed in northeastern Kenya clashes: government"";""All Africa,2014-06-23,Tribal Fighting in Kenya Leaves 30 Dead"";""APANEWS,2014-06-22,Kenya: Inter clan clashes claim 30 lives"";""Africa Research Bulletin,2014-07-01,vol 51 issue 6 p 20179""",Agence France Presse;Agence France Presse;All Africa;APANEWS;Africa Research Bulletin,2014-06-23;2014-06-23;2014-06-23;2014-06-22;2014-07-01,Over 20 killed in northeastern Kenya clashes: governor;Over 20 killed in northeastern Kenya clashes: government;Tribal Fighting in Kenya Leaves 30 Dead;Kenya: Inter clan clashes claim 30 lives;vol 51 issue 6 p 20179,"government officials, county authorities",3,Tarbai constituency,Tarbaj district of Wajir,Wajir county,Tarbai constituency,2.214000,40.115000,POINT (40.115 2.214),132921,Kenya,501,Africa,1,2,2014-06-21 00:00:00.000,2014-06-22 00:00:00.000,0,0,0,20,20,30,20,,
153875,ETH-2014-2-435-17,2014,1,Clear,2,5563,4953,Degodia - Garre,5563,5563,Degodia - Garre,918,918,Degodia,1079,1079,Garre,1,"""All Africa,2014-06-23,Police Arrest 19 Foreigners""",All Africa,2014-06-23,Police Arrest 19 Foreigners,"Mandera County Police Commander, Noah Mwivanda",1,Malka Mari village,"Malka mare, Banisa Sub County in Mandera County",Mandera county,Banisa constituency,4.259040,40.738885,POINT (40.738885 4.25904),135802,Kenya,501,Africa,1,1,2014-06-23 00:00:00.000,2014-06-23 00:00:00.000,1,0,0,0,1,1,1,,
153878,ETH-2014-2-435-18,2014,1,Clear,2,5563,4953,Degodia - Garre,5563,5563,Degodia - Garre,918,918,Degodia,1079,1079,Garre,1,"""All Africa,2014-08-15,Three Dead in Fresh Clan Attacks in Mandera""",All Africa,2014-08-15,Three Dead in Fresh Clan Attacks in Mandera,Area DC Samuel Mwati,1,Choroko locality,"Chiroqo village, Banisa sub-county in Mandera county",Mandera county,Banisa constituency,3.979469,40.538320,POINT (40.53832 3.979469),135082,Kenya,501,Africa,1,1,2014-08-15 00:00:00.000,2014-08-15 00:00:00.000,0,0,0,3,3,3,3,,
153901,ETH-2014-2-435-20,2014,1,Clear,2,5563,4953,Degodia - Garre,5563,5563,Degodia - Garre,918,918,Degodia,1079,1079,Garre,1,"""Xinhua News Agency,2014-09-08,At least 42 killed, 68 injured in inter-clan clashes in N. Kenya: KRCS""",Xinhua News Agency,2014-09-08,"At least 42 killed, 68 injured in inter-clan clashes in N. Kenya: KRCS",The Kenya Red Cross Society (KRCS),4,Mandera county,Mandera county,Mandera county,,3.366667,40.700000,POINT (40.7 3.366667),134362,Kenya,501,Africa,2,4,2014-08-23 00:00:00.000,2014-09-08 00:00:00.000,0,0,0,0,0,2,0,,
151402,ETH-2014-2-435-7,2014,1,Clear,2,5563,4953,Degodia - Garre,5563,5563,Degodia - Garre,918,918,Degodia,1079,1079,Garre,1,"""BBC Monitoring Africa,2014-08-24,One person killed as rival clans clash in northeastern Kenya""",BBC Monitoring Africa,2014-08-24,One person killed as rival clans clash in northeastern Kenya,Mandera Senator Billow Kerrow,1,Rhamu town,"Rhamu town, in Mandera North constituency [northeastern Kenya]",Mandera county,Mandera North constituency,3.931881,41.225615,POINT (41.225615 3.931881),135083,Kenya,501,Africa,1,1,2014-08-23 00:00:00.000,2014-08-23 00:00:00.000,0,0,0,1,1,1,1,,
151405,ETH-2014-2-435-8,2014,1,Clear,2,5563,4953,Degodia - Garre,5563,5563,Degodia - Garre,918,918,Degodia,1079,1079,Garre,4,"""BBC Monitoring Africa,2014-08-25,""Scores"" feared dead, injured in northeastern Kenya inter-clan clashes"";""BBC Monitoring Africa,2014-08-26,One suspect killed, eight arrested over ethnic clashes in northeastern Kenya"";""BBC Monitoring Africa,2014-08-26,Residents of northeastern Kenya town call for army deployment to quell violence"";""All Africa,2014-08-25,20 Feared Dead in Mandera Violence""",BBC Monitoring Africa;BBC Monitoring Africa;BBC Monitoring Africa;All Africa,2014-08-25;2014-08-26;2014-08-26;2014-08-25,"""Scores"" feared dead, injured in northeastern Kenya inter-clan clashes;One suspect killed, eight arrested over ethnic clashes in northeastern Kenya;Residents of northeastern Kenya town call for army deployment to quell violence;20 Feared Dead in Mandera Violence","""unofficial accounts""; County Commissioner Alex Ole Nkoyo, Mandera Governor Ali Roba",1,Rhamu town,"Rhamu town, Mandera County",Mandera county,Mandera North constituency,3.931881,41.225615,POINT (41.225615 3.931881),135083,Kenya,501,Africa,1,1,2014-08-24 00:00:00.000,2014-08-24 00:00:00.000,0,0,0,1,1,30,1,,
153892,ETH-2014-2-435-19,2014,1,Clear,2,5563,4953,Degodia - Garre,5563,5563,Degodia - Garre,918,918,Degodia,1079,1079,Garre,1,"""All Africa,2014-08-26,Five Arrested As Mandera Fighting Leaves Two Dead""",All Africa,2014-08-26,Five Arrested As Mandera Fighting Leaves Two Dead,Police Spokesperson Zipporah Mboroki,4,Mandera county,Mandera,Mandera county,,3.366667,40.700000,POINT (40.7 3.366667),134362,Kenya,501,Africa,1,1,2014-08-25 00:00:00.000,2014-08-25 00:00:00.000,0,0,0,1,1,1,1,,
151422,ETH-2014-2-435-9,2014,1,Clear,2,5563,4953,Degodia - Garre,5563,5563,Degodia - Garre,918,918,Degodia,1079,1079,Garre,1,"""BBC Monitoring Africa,2014-08-27,Eight more killed in northeastern Kenya inter-clan clashes""",BBC Monitoring Africa,2014-08-27,Eight more killed in northeastern Kenya inter-clan clashes,"Police, North Eastern regional police commander Patrick Lumumba",1,Guba village,Guba within Mandera County [northeastern Kenya],Mandera county,Banisa constituency,3.860000,40.500000,POINT (40.5 3.86),135082,Kenya,501,Africa,1,1,2014-08-26 00:00:00.000,2014-08-26 00:00:00.000,0,0,0,8,8,8,8,,
153752,ETH-2014-2-435-14,2014,1,Clear,2,5563,4953,Degodia - Garre,5563,5563,Degodia - Garre,918,918,Degodia,1079,1079,Garre,1,"""All Africa,2014-09-12,Two People Killed in Mandera in Inter-Clan Attacks, Four Elders Arrested""",All Africa,2014-09-12,"Two People Killed in Mandera in Inter-Clan Attacks, Four Elders Arrested",Mandera County Police Commander Noah Mwivanda,1,Darkale locality,Darkale village in Mandera County,Mandera county,Banisa constituency,3.844455,40.267328,POINT (40.267328 3.844455),135081,Kenya,501,Africa,1,1,2014-09-11 00:00:00.000,2014-09-11 00:00:00.000,0,2,0,0,2,2,2,,
153965,ETH-2014-2-435-21,2014,1,Clear,2,5563,4953,Degodia - Garre,5563,5563,Degodia - Garre,918,918,Degodia,1079,1079,Garre,1,"""All Africa,2014-10-06,Man Killed in Mandera""",All Africa,2014-10-06,Man Killed in Mandera,county commissioner Alex ole Nkoyo,2,Rhamu town,"Bula Dawa, Rhamu subcounty, Mandera",Mandera county,Mandera North constituency,3.931881,41.225615,POINT (41.225615 3.931881),135083,Kenya,501,Africa,1,1,2014-10-04 00:00:00.000,2014-10-04 00:00:00.000,0,0,0,0,0,1,0,,
206304,ETH-2015-2-435-0,2015,0,Clear,2,5563,4953,Degodia - Garre,5563,5563,Degodia - Garre,918,918,Degodia,1079,1079,Garre,1,"""BBC Monitoring Africa,2015-03-01,Two killed in suspected inter-clan fighting in northeastern Kenya""",BBC Monitoring Africa,2015-03-01,Two killed in suspected inter-clan fighting in northeastern Kenya,Police,3,Mandera North constituency,Mandera's Rhamu sub-county,Mandera county,Mandera North constituency,3.620582,40.804929,POINT (40.804929 3.620582),135082,Kenya,501,Africa,1,1,2015-03-01 00:00:00.000,2015-03-01 00:00:00.000,0,0,0,0,0,2,0,,
206586,ETH-2015-2-435-1,2015,0,Clear,2,5563,4953,Degodia - Garre,5563,5563,Degodia - Garre,918,918,Degodia,1079,1079,Garre,2,"""Kenya Daily Nation,2015-06-17,Scores feared dead in renewed inter-clan clashes in Mandera"";""Xinhua News Agency,2015-06-21,Kenya arrests local officials over inter-ethnic killings""",Kenya Daily Nation;Xinhua News Agency,2015-06-17;2015-06-21,Scores feared dead in renewed inter-clan clashes in Mandera;Kenya arrests local officials over inter-ethnic killings,"Marothley MCA Mohamed Abdi, County commissioner Alex Ole Nkonyo",1,Mandera town,"Mandera, near the Kenya-Ethiopia border",Mandera county,Mandera East constituency,3.936631,41.867011,POINT (41.867011 3.936631),135084,Kenya,501,Africa,1,1,2015-06-16 00:00:00.000,2015-06-16 00:00:00.000,0,5,0,0,5,5,5,,
206881,ETH-2015-2-435-2,2015,0,Clear,2,5563,4953,Degodia - Garre,5563,5563,Degodia - Garre,918,918,Degodia,1079,1079,Garre,1,"""Kenya Daily Nation,2015-06-17,Scores feared dead in renewed inter-clan clashes in Mandera""",Kenya Daily Nation,2015-06-17,Scores feared dead in renewed inter-clan clashes in Mandera,"police, 
Marothley MCA Mohamed Abdi",1,Choroko locality,"Choroqo Village in Banisa Sub-County, Mandera",Mandera county,Banisa constituency,3.979469,40.538320,POINT (40.53832 3.979469),135082,Kenya,501,Africa,1,1,2015-06-17 00:00:00.000,2015-06-17 00:00:00.000,0,0,0,10,10,35,10,,
254864,ETH-2018-2-5563-0,2018,0,Clear,2,5563,4953,Degodia - Garre,5563,5563,Degodia - Garre,918,918,Degodia,1079,1079,Garre,2,"""Xinhua News Agency,2018-03-28,At least 6 killed in militia attack in northeast Kenya"";""Xinhua News Agency,2018-03-28,Roundup: Six killed, two injured in militia attack near Kenya's border""",Xinhua News Agency;Xinhua News Agency,2018-03-28;2018-03-28,"At least 6 killed in militia attack in northeast Kenya;Roundup: Six killed, two injured in militia attack near Kenya's border",North Eastern regional coordinator Mohamud Saleh,1,Choroko locality,Choroqo village,Mandera county,Banissa constituency,3.979469,40.538320,POINT (40.53832 3.979469),135082,Kenya,501,Africa,1,1,2018-03-28 00:00:00.000,2018-03-28 00:00:00.000,5,0,0,0,5,5,5,,
254865,ETH-2018-2-5563-1,2018,0,Clear,2,5563,4953,Degodia - Garre,5563,5563,Degodia - Garre,918,918,Degodia,1079,1079,Garre,1,"""Xinhua News Agency,2018-03-28,Roundup: Six killed, two injured in militia attack near Kenya's border""",Xinhua News Agency,2018-03-28,"Roundup: Six killed, two injured in militia attack near Kenya's border",Banisa Deputy County Commissioner Mathias Chishambo,3,Banissa constituency,Domal,Mandera county,Banissa constituency,3.900000,40.300000,POINT (40.3 3.9),135081,Kenya,501,Africa,1,1,2018-03-28 00:00:00.000,2018-03-28 00:00:00.000,0,1,0,0,1,1,1,,
287037,ETH-2019-2-5563-0,2019,0,Clear,2,5563,4953,Degodia - Garre,5563,5563,Degodia - Garre,918,918,Degodia,1079,1079,Garre,2,"""The Star (Kenya),2019-05-21,Governor Roba calls for peace, unity between Mandera clans"";""All Africa,2019-05-20,Renewed Tribal Clashes in Mandera Leaves Three Dead
CR 	Shabelle Media Network""",The Star (Kenya);All Africa,2019-05-21;2019-05-20,"Governor Roba calls for peace, unity between Mandera clans;Renewed Tribal Clashes in Mandera Leaves Three Dead
CR 	Shabelle Media Network",Shabelle Media Network,3,Banissa constituency,Banisa sub-county of Mandera,Mandera county,Banissa constituency,3.900000,40.300000,POINT (40.3 3.9),135081,Kenya,501,Africa,1,1,2019-05-17 00:00:00.000,2019-05-17 00:00:00.000,0,0,0,3,3,3,3,,
40733,KEN-2011-2-452-2,2011,1,Clear,2,5580,4970,Borana - Turkana,5580,5580,Borana - Turkana,591,591,Borana,693,693,Turkana,-1,"Nairobi Star/All Africa 26 October 2011 ""Isiolo MPs Accuse State of Laxity Over Security""; IRIN Africa 2011-10-21 ""KENYA: Inter-ethnic clashes result in deaths, school closures",,,,local officials,2,Ngaremara village,"Tractor village, Ngaremara Division",Eastern province,Isiolo district,0.504190,37.649155,POINT (37.649155 0.50419),130756,Kenya,501,Africa,1,1,2011-10-14 00:00:00.000,2011-10-14 00:00:00.000,0,0,0,7,7,7,0,,
40731,KEN-2011-2-452-1,2011,1,Clear,2,5580,4970,Borana - Turkana,5580,5580,Borana - Turkana,591,591,Borana,693,693,Turkana,-1,"Nairobi Star/All Africa 18 October 2011 ""Saitoti Promises Isiolo More Cops""; IRIN Africa 2011-10-21 ""KENYA: Inter-ethnic clashes result in deaths, school closures",,,,residents,1,Ngaremara village,Ngaremara village Isiolo-Marsabit road,Eastern province,Isiolo district,0.504190,37.649155,POINT (37.649155 0.50419),130756,Kenya,501,Africa,1,1,2011-10-14 00:00:00.000,2011-10-14 00:00:00.000,0,5,0,3,8,8,7,,
40734,KEN-2011-2-452-3,2011,1,Clear,2,5580,4970,Borana - Turkana,5580,5580,Borana - Turkana,591,591,Borana,693,693,Turkana,-1,"Nairobi Star/All Africa 26 October 2011 ""Isiolo MPs Accuse State of Laxity Over Security",,,,local officials,2,Isiolo town,Alamach area on the outskirt of Isiolo town,Eastern province,Isiolo district,0.350000,37.583333,POINT (37.583333 0.35),130036,Kenya,501,Africa,1,2,2011-10-21 00:00:00.000,2011-10-23 00:00:00.000,0,0,0,3,3,3,3,,
40735,KEN-2011-2-452-4,2011,1,Clear,2,5580,4970,Borana - Turkana,5580,5580,Borana - Turkana,591,591,Borana,693,693,Turkana,-1,"Nairobi Star/All Africa 26 October 2011 ""Isiolo MPs Accuse State of Laxity Over Security",,,,local officials,1,Kambi Garba estate,"Kambi Garba estate, three kilometres from the Isiolo town",Eastern province,Isiolo district,0.386594,37.588282,POINT (37.588282 0.386594),130036,Kenya,501,Africa,1,2,2011-10-21 00:00:00.000,2011-10-23 00:00:00.000,0,0,0,2,2,2,2,,
40736,KEN-2011-2-452-5,2011,1,Clear,2,5580,4970,Borana - Turkana,5580,5580,Borana - Turkana,591,591,Borana,693,693,Turkana,-1,"Nairobi Star/All Africa 3 January 2012 ""Eight People Killed in Isiolo Bandit Raid",,,,police,1,Burat locality,Burat,Eastern province,Isiolo district,0.388226,37.439559,POINT (37.439559 0.388226),130035,Kenya,501,Africa,1,1,2011-12-28 00:00:00.000,2011-12-28 00:00:00.000,0,0,0,1,1,1,1,,
40737,KEN-2011-2-452-6,2011,1,Clear,2,5580,4970,Borana - Turkana,5580,5580,Borana - Turkana,591,591,Borana,693,693,Turkana,-1,"Nairobi Star/All Africa 3 January 2012 ""Eight People Killed in Isiolo Bandit Raid",,,,"residents, OCPD",1,Kambi Yaa Juu estate,"Kambi Juu estate, Isiolo town",Eastern province,Isiolo district,0.329774,37.569224,POINT (37.569224 0.329774),130036,Kenya,501,Africa,1,1,2011-12-31 00:00:00.000,2011-12-31 00:00:00.000,0,0,0,8,8,8,8,,
40820,KEN-2012-2-452-1,2012,0,Clear,2,5580,4970,Borana - Turkana,5580,5580,Borana - Turkana,591,591,Borana,693,693,Turkana,-1,"IRIN 2012-04-02 ""Several thousand displaced after fresh clashes in Isiolo",,,,UN sources,2,Gambell village,"Gambella area along the Isiolo-Garba, less than 5km from Isiolo town",Eastern province,Meru North district,0.401147,37.685247,POINT (37.685247 0.401147),130036,Kenya,501,Africa,1,1,2012-03-30 00:00:00.000,2012-03-30 00:00:00.000,2,0,0,0,2,2,2,,
40792,KEN-2012-2-486-1,2012,1,Clear,2,5648,5038,Orma - Pokomo,5648,5648,Orma - Pokomo,931,931,Orma,933,933,Pokomo,-1,"Nairobi Star/All Africa 2012-03-14 ""Two Cops Arrested Over Murder",,,,,1,Kilengwani village,Kilelengwani in Tanadelta constituency,Coast province,Tana River district,-2.449116,40.485851,POINT (40.485851 -2.449116),126441,Kenya,501,Africa,1,1,2012-03-11 00:00:00.000,2012-03-11 00:00:00.000,0,1,0,0,1,1,1,,
40793,KEN-2012-2-486-2,2012,1,Clear,2,5648,5038,Orma - Pokomo,5648,5648,Orma - Pokomo,931,931,Orma,933,933,Pokomo,-1,"The Standard 2012-08-16 through BBC ""Kenya: Four feared dead, scores injured in ethnic violence in coastal region",,,,Unconfirmed reports,3,Tana River district,Thara village,Coast province,Tana River district,-1.500000,39.500000,POINT (39.5 -1.5),127880,Kenya,501,Africa,1,3,2012-08-06 00:00:00.000,2012-08-12 00:00:00.000,0,0,0,0,0,1,0,,
40794,KEN-2012-2-486-3,2012,1,Clear,2,5648,5038,Orma - Pokomo,5648,5648,Orma - Pokomo,931,931,Orma,933,933,Pokomo,-1,"The Standard 2012-08-16 through BBC ""Kenya: Four feared dead, scores injured in ethnic violence in coastal region""; AFP 2012-08-22 ""At least 48 Kenyans hacked, burned to death: police""; Daily Nation 2012-08-23 ""Kenyan government gives local officials ""stern warning"" over ethnic clashes",,,,"hospital and police sources; Coast PPO [Provincial Officer]; Lawmaker Danson Mungatana, who represents the area",2,Kilengwani village,"Kau, Kilelengwani village, some 10 kilometres from Riketa",Coast province,Tana River district,-2.449116,40.485851,POINT (40.485851 -2.449116),126441,Kenya,501,Africa,1,1,2012-08-15 00:00:00.000,2012-08-15 00:00:00.000,0,3,0,0,3,4,2,,
40795,KEN-2012-2-486-4,2012,1,Clear,2,5648,5038,Orma - Pokomo,5648,5648,Orma - Pokomo,931,931,Orma,933,933,Pokomo,-1,"AFP 2012-08-22 ""At least 48 Kenyans hacked, burned to death: police""; Reuters 2012-08-24 ""Kenya police arrest 9 community leaders after clashes kill 53",,,,"police, Lawmaker Danson Mungatana, who represents the area",1,Tarasaa village,"Reketa area of Tarassa, Tana River district",Coast province,Tana River district,-2.441880,40.170750,POINT (40.17075 -2.44188),126441,Kenya,501,Africa,1,1,2012-08-21 00:00:00.000,2012-08-21 00:00:00.000,53,0,0,0,53,62,53,,
40789,KEN-2012-2-486-5,2012,1,Clear,2,5648,5038,Orma - Pokomo,5648,5648,Orma - Pokomo,931,931,Orma,933,933,Pokomo,-1,"AFP 2012-09-07 ""12 Kenyans killed in revenge ethnic attack: Red Cross",,,,,3,Tana River district,Tana River district,Coast province,Tana River district,-1.500000,39.500000,POINT (39.5 -1.5),127880,Kenya,501,Africa,1,3,2012-08-27 00:00:00.000,2012-09-02 00:00:00.000,0,0,0,1,1,1,1,,
40796,KEN-2012-2-486-6,2012,1,Clear,2,5648,5038,Orma - Pokomo,5648,5648,Orma - Pokomo,931,931,Orma,933,933,Pokomo,-1,"AFP 2012-09-07 ""12 Kenyans killed in revenge ethnic attack: Red Cross""; The Standard 2012-09-07 through BBC ""Death toll in southeastern Kenya clashes rises to 12",,,,"Red Cross, police",1,Chamwanamuma village,Chamwana Muma village in Tana Delta,Coast province,Tana River district,-2.583823,40.338178,POINT (40.338178 -2.583823),125721,Kenya,501,Africa,1,1,2012-09-07 00:00:00.000,2012-09-07 00:00:00.000,0,11,0,1,12,13,12,,
40760,KEN-2012-2-486-7,2012,1,Clear,2,5648,5038,Orma - Pokomo,5648,5648,Orma - Pokomo,931,931,Orma,933,933,Pokomo,-1,"Xinhua 2012-09-10 ""Roundup: At least 38 killed in ethnic clashes in southeast Kenya",,,,,3,Tana River district,Tana Delta,Coast province,Tana River district,-1.500000,39.500000,POINT (39.5 -1.5),127880,Kenya,501,Africa,1,1,2012-09-09 00:00:00.000,2012-09-09 00:00:00.000,2,1,0,0,3,3,3,,
40790,KEN-2012-2-486-8,2012,1,Clear,2,5648,5038,Orma - Pokomo,5648,5648,Orma - Pokomo,931,931,Orma,933,933,Pokomo,-1,"Xinhua 2012-09-10 ""Roundup: At least 38 killed in ethnic clashes in southeast Kenya",,,,"Red Cross, police",1,Kilengwani village,Kilelengwani village,Coast province,Tana River district,-2.449116,40.485851,POINT (40.485851 -2.449116),126441,Kenya,501,Africa,1,1,2012-09-10 00:00:00.000,2012-09-10 00:00:00.000,0,0,0,38,38,38,35,,
40797,KEN-2012-2-486-9.1,2012,1,Clear,2,5648,5038,Orma - Pokomo,5648,5648,Orma - Pokomo,931,931,Orma,933,933,Pokomo,-1,"AFP 2012-09-11 ""At least four dead in new tribal attacks in Kenya",,,,"Red Cross, police",1,Semikaro village,Semikaro in the Tana River delta,Coast province,Tana River district,-2.592050,40.289371,POINT (40.289371 -2.59205),125721,Kenya,501,Africa,1,1,2012-09-11 00:00:00.000,2012-09-11 00:00:00.000,0,0,0,1,1,1,1,,
241891,KEN-2012-2-486-9.2,2012,1,Clear,2,5648,5038,Orma - Pokomo,5648,5648,Orma - Pokomo,931,931,Orma,933,933,Pokomo,-1,"AFP 2012-09-11 ""At least four dead in new tribal attacks in Kenya",,,,"Red Cross, police",1,Nduru village,Nduru in the Tana River delta,Coast province,Tana River district,-2.505540,40.270260,POINT (40.27026 -2.50554),125721,Kenya,501,Africa,1,1,2012-09-11 00:00:00.000,2012-09-11 00:00:00.000,0,0,0,1,1,1,1,,
241892,KEN-2012-2-486-9.3,2012,1,Clear,2,5648,5038,Orma - Pokomo,5648,5648,Orma - Pokomo,931,931,Orma,933,933,Pokomo,-1,"AFP 2012-09-11 ""At least four dead in new tribal attacks in Kenya",,,,"Red Cross, police",1,Laini locality,Laini in the Tana River delta,Coast province,Tana River district,-1.372982,39.975116,POINT (39.975116 -1.372982),127880,Kenya,501,Africa,1,1,2012-09-11 00:00:00.000,2012-09-11 00:00:00.000,0,0,0,1,1,1,1,,
241893,KEN-2012-2-486-9.4,2012,1,Clear,2,5648,5038,Orma - Pokomo,5648,5648,Orma - Pokomo,931,931,Orma,933,933,Pokomo,-1,"AFP 2012-09-11 ""At least four dead in new tribal attacks in Kenya",,,,"Red Cross, police",1,Shirikisho village,Shirikisho village in the Tana River delta,Coast province,Tana River district,-2.522010,40.327920,POINT (40.32792 -2.52201),125721,Kenya,501,Africa,1,1,2012-09-11 00:00:00.000,2012-09-11 00:00:00.000,0,0,0,1,1,1,1,,
40798,KEN-2012-2-486-10,2012,1,Clear,2,5648,5038,Orma - Pokomo,5648,5648,Orma - Pokomo,931,931,Orma,933,933,Pokomo,-1,"Daily Nation 2012-12-21 through BBC ""Death toll from clashes in southeastern Kenya rises to 20""; AFP 2012-12-21 ""Kenya tribal violence kills 39",,,,police,1,Kipau village,"Kipau village, Tana River",Coast province,Tana River district,-2.422849,40.222452,POINT (40.222452 -2.422849),126441,Kenya,501,Africa,1,1,2012-12-21 00:00:00.000,2012-12-21 00:00:00.000,31,14,0,0,45,45,45,,
62628,KEN-2013-2-486-0,2013,0,Clear,2,5648,5038,Orma - Pokomo,5648,5648,Orma - Pokomo,931,931,Orma,933,933,Pokomo,5,"""Agence France Presse,2013-01-09,At least eight killed in Kenya tribal violence: police"";""Agence France Presse,2013-01-09,At least eight killed in Kenya tribal violence: police"";""Reuters News,2013-01-09,Eight killed in Kenya raid, police see political hand"";""Agence France Presse,2013-01-09,Nine killed in Kenyan clash, as police probe politicians"";""All Africa,2013-01-11,Tana Clashes Politically Instigated - Kimaiyo""",Agence France Presse;Agence France Presse;Reuters News;Agence France Presse;All Africa,2013-01-09;2013-01-09;2013-01-09;2013-01-09;2013-01-11,"At least eight killed in Kenya tribal violence: police;At least eight killed in Kenya tribal violence: police;Eight killed in Kenya raid, police see political hand;Nine killed in Kenyan clash, as police probe politicians;Tana Clashes Politically Instigated - Kimaiyo","senior police officer, Kenya's Red Cross",1,Nduru village,Nduru village in the Tana River delta area,Coast province,Tana River district,-2.505540,40.270260,POINT (40.27026 -2.50554),125721,Kenya,501,Africa,1,1,2013-01-09 00:00:00.000,2013-01-09 00:00:00.000,6,3,0,0,9,9,8,,
63627,KEN-2013-2-486-2,2013,0,Clear,2,5648,5038,Orma - Pokomo,5648,5648,Orma - Pokomo,931,931,Orma,933,933,Pokomo,1,"""All Africa,2013-01-11,Tana Clashes Politically Instigated - Kimaiyo""",All Africa,2013-01-11,Tana Clashes Politically Instigated - Kimaiyo,Kenya Red Cross,3,Tana River district,Tana River delta area,Coast province,Tana River district,-1.500000,39.500000,POINT (39.5 -1.5),127880,Kenya,501,Africa,2,2,2013-01-09 00:00:00.000,2013-01-11 00:00:00.000,0,0,0,2,2,2,2,,
62630,KEN-2013-2-486-1,2013,0,Clear,2,5648,5038,Orma - Pokomo,5648,5648,Orma - Pokomo,931,931,Orma,933,933,Pokomo,6,"""Agence France Presse,2013-01-10,Four Kenyans killed in reprisal raid: Red Cross"";""Agence France Presse,2013-01-10,At least 10 Kenyans killed in reprisal raid: Red Cross"";""Reuters News,2013-01-10,10 killed in revenge attack in Kenya's Tana River"";""BBC Monitoring Africa,2013-01-10,Kenyan police step up patrols in volatile delta area"";""Agence France Presse,2013-01-11,Kenyan police pin tribal violence to electoral politics"";""BBC Monitoring Africa,2013-01-14,Kenya's Tana Delta conflict blamed on multinationals""",Agence France Presse;Agence France Presse;Reuters News;BBC Monitoring Africa;Agence France Presse;BBC Monitoring Africa,2013-01-10;2013-01-10;2013-01-10;2013-01-10;2013-01-11;2013-01-14,Four Kenyans killed in reprisal raid: Red Cross;At least 10 Kenyans killed in reprisal raid: Red Cross;10 killed in revenge attack in Kenya's Tana River;Kenyan police step up patrols in volatile delta area;Kenyan police pin tribal violence to electoral politics;Kenya's Tana Delta conflict blamed on multinationals,"local Red Cross official Caleb Kilunde, Regional police chief Aggrey Adoli",1,Kibusu village,Kibusu village in Tana River delta region of southeast Kenya,Coast province,Tana River district,-2.350000,40.133333,POINT (40.133333 -2.35),126441,Kenya,501,Africa,1,1,2013-01-10 00:00:00.000,2013-01-10 00:00:00.000,0,11,0,0,11,11,10,,
234478,KEN-2016-2-486-1,2016,0,Clear,2,5648,5038,Orma - Pokomo,5648,5648,Orma - Pokomo,931,931,Orma,933,933,Pokomo,1,"""The Star (Kenya),2016-04-07,Three killed, tension high in fresh Tana River clashes""",The Star (Kenya),2016-04-07,"Three killed, tension high in fresh Tana River clashes",Coast regional police boss Francis Wanjohi,3,Galole constituency,Galole area,Tana River county,Galole constituency,-1.624177,39.536445,POINT (39.536445247648 -1.624177612965),127160,Kenya,501,Africa,1,1,2016-04-07 00:00:00.000,2016-04-07 00:00:00.000,0,0,0,3,3,3,3,,
234327,KEN-2016-2-486-0,2016,0,Clear,2,5648,5038,Orma - Pokomo,5648,5648,Orma - Pokomo,931,931,Orma,933,933,Pokomo,1,"""Coastweek,2016-06-16,Nine killed during inter-community clashes in Tana River district""",Coastweek,2016-06-16,Nine killed during inter-community clashes in Tana River district,Coast Regional Coordinator Samuel Kilele,4,Tana River county,Tana River county,Tana River county,,-1.533333,39.416667,POINT (39.416667 -1.533333),127159,Kenya,501,Africa,2,4,2016-06-09 00:00:00.000,2016-06-16 00:00:00.000,0,0,0,9,9,9,9,,
206306,KEN-2015-1-X1950-0,2015,1,Clear,1,13646,13646,Kenya: Northeastern Province and Coast,10589,10589,Government of Kenya - Al-Shabaab,91,91,Government of Kenya,717,717,Al-Shabaab,4,"""Agence France Presse,2015-03-13,Three killed in Shebab attack in northern Kenya"";""All Africa,2015-03-13,3 Killed, Vehicles Burnt in Attack On Governor Roba's Convoy"";""Xinhua News Agency,2015-03-14,Kenya's top police chiefs tour insecurity-hit northern region"";""All Africa,2015-03-14,Mandera Attack - 4 Dead, Governor Survives""",Agence France Presse;All Africa;Xinhua News Agency;All Africa,2015-03-13;2015-03-13;2015-03-14;2015-03-14,"Three killed in Shebab attack in northern Kenya;3 Killed, Vehicles Burnt in Attack On Governor Roba's Convoy;Kenya's top police chiefs tour insecurity-hit northern region;Mandera Attack - 4 Dead, Governor Survives",Mandera East deputy county commissioner Elvis Korir; al-Shabaab military spokesman Abdulaziz Abu Musab,2,Fino locality,"Arabia-Omar road, between Fino and Damasa area, Mandera",Mandera county,Lafey constituency,3.375578,41.418119,POINT (41.418119 3.375578),134363,Kenya,501,Africa,1,1,2015-03-13 00:00:00.000,2015-03-13 00:00:00.000,2,0,2,0,4,4,4,501,
206370,KEN-2015-1-X1950-1,2015,1,Clear,1,13646,13646,Kenya: Northeastern Province and Coast,10589,10589,Government of Kenya - Al-Shabaab,91,91,Government of Kenya,717,717,Al-Shabaab,1,"""Xinhua News Agency,2015-04-11,Police shot dead 2 terror suspects in Kenya's coast region""",Xinhua News Agency,2015-04-11,Police shot dead 2 terror suspects in Kenya's coast region,Kwale County Commissioner Evans Achoki,1,Diani location,"Diani, in Kwale on the coast",Kwale county,Msambweni constituency,-4.299547,39.567647,POINT (39.56764793396 -4.2995479273819),123560,Kenya,501,Africa,1,1,2015-04-11 00:00:00.000,2015-04-11 00:00:00.000,0,0,0,0,0,2,0,501,
206481,KEN-2015-1-X1950-6,2015,1,Clear,1,13646,13646,Kenya: Northeastern Province and Coast,10589,10589,Government of Kenya - Al-Shabaab,91,91,Government of Kenya,717,717,Al-Shabaab,9,"""Agence France Presse,2015-05-26,Several Kenyan police killed in Shebab attack near Garissa: security sources"";""Agence France Presse,2015-05-26,Thirteen Kenyan police missing after Shebab ambush near Garissa: spokesman"";""Agence France Presse,2015-05-26,Kenyan police missing, feared dead after Shebab attack"";""All Africa,2015-05-26,Kenyan Policemen Killed in Yumbis By Al Shabab Raid"";""All Africa,2015-05-26,Al-Shabab Claims to Have Killed Kenyan Police Officers"";""Agence France Presse,2015-05-26,Kenya police clash with Shebab in Garissa"";""All Africa,2015-05-26,Al Shabaab Attack in Kenya Leaves More Than 25 Police Officers Dead"";""All Africa,2015-05-26,Only Injuries Sustained in Yumbis Attack - Boinnet"";""All Africa,2015-05-27,African Press Review 27 May 2015""",Agence France Presse;Agence France Presse;Agence France Presse;All Africa;All Africa;Agence France Presse;All Africa;All Africa;All Africa,2015-05-26;2015-05-26;2015-05-26;2015-05-26;2015-05-26;2015-05-26;2015-05-26;2015-05-26;2015-05-27,"Several Kenyan police killed in Shebab attack near Garissa: security sources;Thirteen Kenyan police missing after Shebab ambush near Garissa: spokesman;Kenyan police missing, feared dead after Shebab attack;Kenyan Policemen Killed in Yumbis By Al Shabab Raid;Al-Shabab Claims to Have Killed Kenyan Police Officers;Kenya police clash with Shebab in Garissa;Al Shabaab Attack in Kenya Leaves More Than 25 Police Officers Dead;Only Injuries Sustained in Yumbis Attack - Boinnet;African Press Review 27 May 2015","Local officials, police spokesman George Kinoti, Garissa's County Commissioner James Kianda; al-Shabaab spokesman Abdulaziz Abu Musab",5,70km north of Garissa,Yumbis village 70km north of Garissa,Garissa county,,0.183994,39.646466,POINT (39.6464667 0.1839944),130040,Kenya,501,Africa,1,2,2015-05-25 00:00:00.000,2015-05-26 00:00:00.000,1,0,0,0,1,21,1,501,
206500,KEN-2015-1-X1950-5,2015,1,Clear,1,13646,13646,Kenya: Northeastern Province and Coast,10589,10589,Government of Kenya - Al-Shabaab,91,91,Government of Kenya,717,717,Al-Shabaab,1,"""All Africa,2015-05-26,Al-Shabab Claims to Have Killed Kenyan Police Officers""",All Africa,2015-05-26,Al-Shabab Claims to Have Killed Kenyan Police Officers,al-Shabab military spokesman; anonymous official,5,Between Garissa and Dadaab,between Garissa and the Dadaab refugee camp,Garissa county,,-0.110591,40.021783,POINT (40.0217833 -0.1105917),129321,Kenya,501,Africa,1,1,2015-05-26 00:00:00.000,2015-05-26 00:00:00.000,0,0,0,0,0,5,0,501,
206544,KEN-2015-1-X1950-7,2015,1,Clear,1,13646,13646,Kenya: Northeastern Province and Coast,10589,10589,Government of Kenya - Al-Shabaab,91,91,Government of Kenya,717,717,Al-Shabaab,7,"""Xinhua News Agency,2015-06-14,1st LD: 11 Al-Shabaab attackers killed in Kenya's coast"";""Agence France Presse,2015-06-15,British jihadist Thomas Evans believed killed in Kenya"";""Agence France Presse,2015-06-15,British jihadist Thomas Evans believed killed in Kenya"";""Xinhua News Agency,2015-06-15,15 Al-Shabaab fighters killed in attack on Kenyan military camp"";""All Africa,2015-06-15,Kenya Parades 11 Al Shabaab Terrorists Killed in Lamu for Public Viewing"";""BBC Monitoring Africa,2015-06-21,Number of Kenyan soldiers killed by Al-Shabab in Lamu unclear"";""BBC Monitoring Africa,2015-06-23,Somalia's Al-Shabab claims killing 15 Kenyan soldiers in Lamu attack""",Xinhua News Agency;Agence France Presse;Agence France Presse;Xinhua News Agency;All Africa;BBC Monitoring Africa;BBC Monitoring Africa,2015-06-14;2015-06-15;2015-06-15;2015-06-15;2015-06-15;2015-06-21;2015-06-23,1st LD: 11 Al-Shabaab attackers killed in Kenya's coast;British jihadist Thomas Evans believed killed in Kenya;British jihadist Thomas Evans believed killed in Kenya;15 Al-Shabaab fighters killed in attack on Kenyan military camp;Kenya Parades 11 Al Shabaab Terrorists Killed in Lamu for Public Viewing;Number of Kenyan soldiers killed by Al-Shabab in Lamu unclear;Somalia's Al-Shabab claims killing 15 Kenyan soldiers in Lamu attack,Kenya Defence Forces Spokesman David Obonyo; al-Shabaab,2,Baure locality,"Baure area, Lamu County",Lamu county,Lamu East constituency,-1.722025,40.966245,POINT (40.966245 -1.722025),127162,Kenya,501,Africa,1,1,2015-06-14 00:00:00.000,2015-06-14 00:00:00.000,2,11,0,0,13,26,13,501,
206549,KEN-2015-1-X1950-8,2015,1,Clear,1,13646,13646,Kenya: Northeastern Province and Coast,10589,10589,Government of Kenya - Al-Shabaab,91,91,Government of Kenya,717,717,Al-Shabaab,2,"""Xinhua News Agency,2015-06-15,15 Al-Shabaab fighters killed in attack on Kenyan military camp"";""All Africa,2015-06-15,4 More Militia Killed As KDF Pursues Shabaab Attackers""",Xinhua News Agency;All Africa,2015-06-15;2015-06-15,15 Al-Shabaab fighters killed in attack on Kenyan military camp;4 More Militia Killed As KDF Pursues Shabaab Attackers,"Kenya Defence Force (KDF) spokesman, David Obonyo",2,Boni forest (Lamu county),"Boni forests, Lamu county",Lamu county,Lamu East constituency,-1.717327,41.334830,POINT (41.3348306 -1.7173278),127163,Kenya,501,Africa,1,1,2015-06-14 00:00:00.000,2015-06-14 00:00:00.000,0,4,0,0,4,4,4,501,
206623,KEN-2015-1-X1950-12,2015,1,Clear,1,13646,13646,Kenya: Northeastern Province and Coast,10589,10589,Government of Kenya - Al-Shabaab,91,91,Government of Kenya,717,717,Al-Shabaab,1,"""All Africa,2015-07-08,Kenya - Al Shabab Ambushes On Bus in Lamu""",All Africa,2015-07-08,Kenya - Al Shabab Ambushes On Bus in Lamu,al-Shabaab; Kenyan army spokesman,2,Mpeketoni town,near Mpeketoni in Lamu county,Lamu county,Lamu West constituency,-2.392715,40.694218,POINT (40.694218 -2.392715),126442,Kenya,501,Africa,1,1,2015-07-07 00:00:00.000,2015-07-07 00:00:00.000,0,0,0,0,0,2,0,501,
206631,KEN-2015-1-X1950-13,2015,1,Clear,1,13646,13646,Kenya: Northeastern Province and Coast,10589,10589,Government of Kenya - Al-Shabaab,91,91,Government of Kenya,717,717,Al-Shabaab,3,"""Agence France Presse,2015-07-14,Suspected Shebab kill five in Kenya bomb attack: police"";""All Africa,2015-07-14,Three Killed in Bomb Attack On Kenyan Police Vehicle"";""All Africa,2015-07-14,Three Killed in Al Shabaab Landmine Attack""",Agence France Presse;All Africa;All Africa,2015-07-14;2015-07-14;2015-07-14,Suspected Shebab kill five in Kenya bomb attack: police;Three Killed in Bomb Attack On Kenyan Police Vehicle;Three Killed in Al Shabaab Landmine Attack,police; Al Shabaab,4,Lamu county,Lamu county,Lamu county,,-2.033333,40.783333,POINT (40.783333 -2.033333),126442,Kenya,501,Africa,1,1,2015-07-13 00:00:00.000,2015-07-13 00:00:00.000,2,0,1,0,3,3,3,501,
206633,KEN-2015-1-X1950-15,2015,1,Clear,1,13646,13646,Kenya: Northeastern Province and Coast,10589,10589,Government of Kenya - Al-Shabaab,91,91,Government of Kenya,717,717,Al-Shabaab,2,"""Xinhua News Agency,2015-07-29,Kenyan soldiers kill 3 Al-Shabaab militants in coastal region"";""All Africa,2015-07-30,KDF Kills Three Al-Shabaab Attackers in Lamu""",Xinhua News Agency;All Africa,2015-07-29;2015-07-30,Kenyan soldiers kill 3 Al-Shabaab militants in coastal region;KDF Kills Three Al-Shabaab Attackers in Lamu,Kenya Defence Force (KDF) spokesman David Obonyo,1,Basuba locality,Basuba in Lamu County,Lamu county,Lamu East constituency,-1.769805,41.058928,POINT (41.058928 -1.769805),127163,Kenya,501,Africa,1,1,2015-07-29 00:00:00.000,2015-07-29 00:00:00.000,0,3,0,0,3,3,3,501,
206645,KEN-2015-1-X1950-14,2015,1,Clear,1,13646,13646,Kenya: Northeastern Province and Coast,10589,10589,Government of Kenya - Al-Shabaab,91,91,Government of Kenya,717,717,Al-Shabaab,1,"""BBC Monitoring Africa,2015-08-15,Al-Shabab attack ""kills seven Kenyan soldiers in Lamu""""",BBC Monitoring Africa,2015-08-15,"Al-Shabab attack ""kills seven Kenyan soldiers in Lamu""",Al-Shabab,1,Lamu town,Lamu town,Lamu county,Lamu West constituency,-2.269248,40.899148,POINT (40.899148 -2.269248),126442,Kenya,501,Africa,1,1,2015-08-12 00:00:00.000,2015-08-12 00:00:00.000,0,0,0,0,0,7,0,501,
206650,KEN-2015-1-X1950-16,2015,1,Clear,1,13646,13646,Kenya: Northeastern Province and Coast,10589,10589,Government of Kenya - Al-Shabaab,91,91,Government of Kenya,717,717,Al-Shabaab,1,"""All Africa,2015-09-23,Three Police Officers Killed in Bomb Explosion By Al Shabab in Kenyan Town""",All Africa,2015-09-23,Three Police Officers Killed in Bomb Explosion By Al Shabab in Kenyan Town,"witnesses, al-Shabaab",1,Mandera town,Mandera town,Mandera county,Mandera East constituency,3.936631,41.867011,POINT (41.867011 3.936631),135084,Kenya,501,Africa,1,1,2015-09-22 00:00:00.000,2015-09-22 00:00:00.000,3,0,0,0,3,3,3,501,
206661,KEN-2015-1-X1950-18,2015,1,Clear,1,13646,13646,Kenya: Northeastern Province and Coast,10589,10589,Government of Kenya - Al-Shabaab,91,91,Government of Kenya,717,717,Al-Shabaab,2,"""BBC Monitoring Africa,2015-11-23,Kenyan soldier died in IED blast near Somali border"";""All Africa,2015-11-24,Al Shabaab Claims Killing 8 KDF Soldiers in IED Attack Near Somali-Kenyan Border""",BBC Monitoring Africa;All Africa,2015-11-23;2015-11-24,Kenyan soldier died in IED blast near Somali border;Al Shabaab Claims Killing 8 KDF Soldiers in IED Attack Near Somali-Kenyan Border,"Hulugho Sub-County Commissioner Dancan Okwach; Sheikh Abdulaziz Abu Musab, the spokesman of Al shabaab's military operations",2,Hulugho location,"about six kilometers from Hulugho town, Hulugho Sub-County in Garissa",Garissa county,Ijara constituency,-0.896324,40.967814,POINT (40.967814445496 -0.89632433158914),128602,Kenya,501,Africa,1,1,2015-11-23 00:00:00.000,2015-11-23 00:00:00.000,1,0,0,0,1,8,1,501,
206726,KEN-2015-1-X1950-23,2015,1,Clear,1,13646,13646,Kenya: Northeastern Province and Coast,10589,10589,Government of Kenya - Al-Shabaab,91,91,Government of Kenya,717,717,Al-Shabaab,3,"""All Africa,2015-12-07,KDF Denies Soldier Killed in Al Shabaab-Ied Attack, Says Three Injured"";""BBC Monitoring Africa,2015-12-08,Al-Shababkills seven soldiers in Kenya - report"";""All Africa,2015-12-09,Webuye Family Mourns KDF Soldier Killed in Boni Forest On Sunday""",All Africa;BBC Monitoring Africa;All Africa,2015-12-07;2015-12-08;2015-12-09,"KDF Denies Soldier Killed in Al Shabaab-Ied Attack, Says Three Injured;Al-Shababkills seven soldiers in Kenya - report;Webuye Family Mourns KDF Soldier Killed in Boni Forest On Sunday",Al-Shabaab; KDF spokesman David Obonyo; family members,2,Kiunga village,"Ishakani area, Kiunga division, located in the coastal county of Lamu",Lamu county,Lamu East constituency,-1.745440,41.490810,POINT (41.49081 -1.74544),127163,Kenya,501,Africa,1,1,2015-12-06 00:00:00.000,2015-12-06 00:00:00.000,1,0,0,0,1,7,0,501,
206740,KEN-2015-1-X1950-20,2015,1,Clear,1,13646,13646,Kenya: Northeastern Province and Coast,10589,10589,Government of Kenya - Al-Shabaab,91,91,Government of Kenya,717,717,Al-Shabaab,3,"""BBC Monitoring Africa,2015-12-14,Kenyan soldier killed in ambush by Al-Shabab militants in northeastern"";""BBC Monitoring Africa,2015-12-14,Al-Shabab claims killing Kenyan police officers in attack"";""All Africa,2015-12-14,Kenya Official - 1 Soldier Dies, 2 Wounded in Ambush By Al Shabaab""",BBC Monitoring Africa;BBC Monitoring Africa;All Africa,2015-12-14;2015-12-14;2015-12-14,"Kenyan soldier killed in ambush by Al-Shabab militants in northeastern;Al-Shabab claims killing Kenyan police officers in attack;Kenya Official - 1 Soldier Dies, 2 Wounded in Ambush By Al Shabaab",Mandera County Commissioner Fredrick Shisia; Al-Shabab spokesman Shaykh Abdiasis Abu Mus'ab,5,Between El Wak and Mandera,Lungo village which lies between Ceel Waaq [Elwak] and Mandera,Mandera county,,3.329897,41.403475,POINT (41.403475 3.3298972),134363,Kenya,501,Africa,1,1,2015-12-13 00:00:00.000,2015-12-13 00:00:00.000,1,0,0,0,1,4,1,501,
206753,KEN-2015-1-X1950-22,2015,1,Clear,1,13646,13646,Kenya: Northeastern Province and Coast,10589,10589,Government of Kenya - Al-Shabaab,91,91,Government of Kenya,717,717,Al-Shabaab,3,"""All Africa,2015-12-15,Seven Kenyan Army Officers Killed in Ied Blast Near Mandere City"";""BBC Monitoring Africa,2015-12-15,Al-Shabab reportedly kills 11 Kenyan soldiers in two separate attacks in"";""BBC Monitoring Africa,2015-12-15,Explosion injures five Kenyan police officers at border with Somalia""",All Africa;BBC Monitoring Africa;BBC Monitoring Africa,2015-12-15;2015-12-15;2015-12-15,Seven Kenyan Army Officers Killed in Ied Blast Near Mandere City;Al-Shabab reportedly kills 11 Kenyan soldiers in two separate attacks in;Explosion injures five Kenyan police officers at border with Somalia,al-shabaab; Mandera County Police Commander Job Boronjo,2,Mandera town,"Border Point 3, near Mandera townon the Mandera-Somalia border",Mandera county,Mandera East constituency,3.936631,41.867011,POINT (41.867011 3.936631),135084,Kenya,501,Africa,1,1,2015-12-14 00:00:00.000,2015-12-14 00:00:00.000,0,0,0,0,0,7,0,501,
206755,KEN-2015-1-X1950-21,2015,1,Clear,1,13646,13646,Kenya: Northeastern Province and Coast,10589,10589,Government of Kenya - Al-Shabaab,91,91,Government of Kenya,717,717,Al-Shabaab,2,"""Xinhua News Agency,2015-12-17,Kenya's security officers search for vehicles hijacked by Al-Shabaab"";""Xinhua News Agency,2015-12-17,1 killed, 2 others injured in Al-Shabaab attack in Kenya's Lamu""",Xinhua News Agency;Xinhua News Agency,2015-12-17;2015-12-17,"Kenya's security officers search for vehicles hijacked by Al-Shabaab;1 killed, 2 others injured in Al-Shabaab attack in Kenya's Lamu",Regional police commander Francis Wanjohi,1,Milhoi locality,"Milihoi, between the volatile Mpeketoni and Hindi townships, Lamu",Lamu county,Lamu West constituency,-2.216667,40.700000,POINT (40.7 -2.216667),126442,Kenya,501,Africa,1,1,2015-12-16 00:00:00.000,2015-12-16 00:00:00.000,0,0,0,1,1,1,1,501,
206764,KEN-2015-1-10589-1,2015,1,Clear,1,13646,13646,Kenya: Northeastern Province and Coast,10589,10589,Government of Kenya - Al-Shabaab,91,91,Government of Kenya,717,717,Al-Shabaab,4,"""BBC Monitoring Africa,2015-12-21,Al-Shabab says kills Kenyan police officers in ambush"";""BBC Monitoring Africa,2015-12-21,Somali militants kill at least two in Kenya bus attack"";""Agence France Presse,2015-12-21,Two killed in Shebab attack on bus in northern Kenya"";""All Africa,2015-12-21,Muslim Passengers Protect Christians in Mandera Bus Attack""",BBC Monitoring Africa;BBC Monitoring Africa;Agence France Presse;All Africa,2015-12-21;2015-12-21;2015-12-21;2015-12-21,Al-Shabab says kills Kenyan police officers in ambush;Somali militants kill at least two in Kenya bus attack;Two killed in Shebab attack on bus in northern Kenya;Muslim Passengers Protect Christians in Mandera Bus Attack,pro-Al-Shabab news website; residents and a local official,2,Mandera town,"Dabacity on the outskirts of Mandera, along the Nairob-Mandera road",Mandera county,Mandera East constituency,3.936631,41.867011,POINT (41.867011 3.936631),135084,Kenya,501,Africa,1,1,2015-12-21 00:00:00.000,2015-12-21 00:00:00.000,1,0,0,2,3,3,2,501,
206767,KEN-2015-1-X1950-24,2015,1,Clear,1,13646,13646,Kenya: Northeastern Province and Coast,10589,10589,Government of Kenya - Al-Shabaab,91,91,Government of Kenya,717,717,Al-Shabaab,3,"""All Africa,2015-12-28,Al Shabaab Claims Killing Several Kenyan Police Officers in Lamu Blast"";""BBC Monitoring Africa,2015-12-25,'Al-Shabab' militants attack police in Kenya's coast during Christmas"";""BBC Monitoring Africa,2015-12-26,Security beefed up in Kenya's Lamu County after Al-Shabab attack""",All Africa;BBC Monitoring Africa;BBC Monitoring Africa,2015-12-28;2015-12-25;2015-12-26,Al Shabaab Claims Killing Several Kenyan Police Officers in Lamu Blast;'Al-Shabab' militants attack police in Kenya's coast during Christmas;Security beefed up in Kenya's Lamu County after Al-Shabab attack,Police; al-shabaab,2,Kiunga village,"Budhei area near Kiunga, Lamu County",Lamu county,Lamu East constituency,-1.745440,41.490810,POINT (41.49081 -1.74544),127163,Kenya,501,Africa,1,1,2015-12-25 00:00:00.000,2015-12-25 00:00:00.000,1,0,0,0,1,2,1,501,
206769,KEN-2015-1-X1950-25,2015,1,Clear,1,13646,13646,Kenya: Northeastern Province and Coast,10589,10589,Government of Kenya - Al-Shabaab,91,91,Government of Kenya,717,717,Al-Shabaab,3,"""Agence France Presse,2015-12-27,Two policemen killed in northeast Kenya ambush: Red Cross"";""All Africa,2015-12-28,Major Security Operation in Mandera After Attacks"";""All Africa,2015-12-28,Al Shabaab Islamists Claim Deadly Ambush in Northeastern Kenya""",Agence France Presse;All Africa;All Africa,2015-12-27;2015-12-28;2015-12-28,Two policemen killed in northeast Kenya ambush: Red Cross;Major Security Operation in Mandera After Attacks;Al Shabaab Islamists Claim Deadly Ambush in Northeastern Kenya,Red Cross; al-shabaab,2,Lafey-El Wak road,"along Lafey-Elwak road, Mandera county",Mandera county,,2.989172,41.032355,POINT (41.0323556 2.9891722),133643,Kenya,501,Africa,1,1,2015-12-27 00:00:00.000,2015-12-27 00:00:00.000,2,0,0,0,2,4,2,501,
233178,KEN-2016-1-10589-2,2016,1,Clear,1,13646,13646,Kenya: Northeastern Province and Coast,10589,10589,Government of Kenya - Al-Shabaab,91,91,Government of Kenya,717,717,Al-Shabaab,4,"""All Africa,2016-01-20,Four Suspects On Terror List Killed in Malindi"";""Reuters News,2016-01-20,Kenyan police say kill Islamists planning attacks in tourist resort"";""Xinhua News Agency,2016-01-20,Kenyan police kill 4 most wanted terror suspects"";""Agence France Presse,2016-01-21,Kenya police kill four terror suspects in tourist town shoot-out""",All Africa;Reuters News;Xinhua News Agency;Agence France Presse,2016-01-20;2016-01-20;2016-01-20;2016-01-21,Four Suspects On Terror List Killed in Malindi;Kenyan police say kill Islamists planning attacks in tourist resort;Kenyan police kill 4 most wanted terror suspects;Kenya police kill four terror suspects in tourist town shoot-out,"Inspector General of Police Joseph Boinnet; Mutava Muchangi, the local police chief",1,Malindi town,Malindi,Kilifi county,Malindi constituency,-3.217478,40.119100,POINT (40.1191 -3.217478),125001,Kenya,501,Africa,1,1,2016-01-20 00:00:00.000,2016-01-20 00:00:00.000,0,4,0,0,4,4,4,501,
233182,KEN-2016-1-10589-3,2016,1,Clear,1,13646,13646,Kenya: Northeastern Province and Coast,10589,10589,Government of Kenya - Al-Shabaab,91,91,Government of Kenya,717,717,Al-Shabaab,3,"""Xinhua News Agency,2016-01-26,Six police officers killed in IED explosion in Kenya's coast"";""Agence France Presse,2016-01-27,Bomb kills Kenya police as troops pull out of Somali bases"";""Reuters News,2016-01-27,Five Kenyan police killed after truck hits explosive device""",Xinhua News Agency;Agence France Presse;Reuters News,2016-01-26;2016-01-27;2016-01-27,Six police officers killed in IED explosion in Kenya's coast;Bomb kills Kenya police as troops pull out of Somali bases;Five Kenyan police killed after truck hits explosive device,police; al-Shabaab,2,Mangai location,Mangai area in Lamu County,Lamu county,Lamu East constituency,-1.742809,41.177511,POINT (41.177511 -1.742809),127163,Kenya,501,Africa,1,1,2016-01-26 00:00:00.000,2016-01-26 00:00:00.000,5,0,0,0,5,8,5,501,
233190,KEN-2016-1-10589-4,2016,1,Clear,1,13646,13646,Kenya: Northeastern Province and Coast,10589,10589,Government of Kenya - Al-Shabaab,91,91,Government of Kenya,717,717,Al-Shabaab,3,"""Reuters News,2016-02-02,Kenya security kill 4 suspected al Shabaab fighters in Lamu - official"";""All Africa,2016-02-02,4 Terrorists Killed in Boni Forest, Police Vehicle Recovered"";""All Africa,2016-02-13,Kenyan Coast Police Detain Two 'Most Wanted' Al Shabaab Suspects in Mombasa""",Reuters News;All Africa;All Africa,2016-02-02;2016-02-02;2016-02-13,"Kenya security kill 4 suspected al Shabaab fighters in Lamu - official;4 Terrorists Killed in Boni Forest, Police Vehicle Recovered;Kenyan Coast Police Detain Two 'Most Wanted' Al Shabaab Suspects in Mombasa",government official,2,Boni forest (Lamu county),Boni forest in Lamu county,Lamu county,Lamu East constituency,-1.717327,41.334830,POINT (41.3348306 -1.7173278),127163,Kenya,501,Africa,1,1,2016-02-01 00:00:00.000,2016-02-01 00:00:00.000,0,4,0,0,4,4,4,501,
233259,KEN-2016-1-10589-6,2016,1,Clear,1,13646,13646,Kenya: Northeastern Province and Coast,10589,10589,Government of Kenya - Al-Shabaab,91,91,Government of Kenya,717,717,Al-Shabaab,4,"""Agence France Presse,2016-06-20,Shabaab kill five Kenyan police: governor"";""Xinhua News Agency,2016-06-20,Five Kenyan policemen feared dead in suspected Al-Shabaab ambush"";""Reuters News,2016-06-20,Somali militants kill five police in north Kenya"";""Xinhua News Agency,2016-06-20,1st LD Writethru-Roundup: Suspected Al-Shabaab militants kill 5 policemen in NE Kenya""",Agence France Presse;Xinhua News Agency;Reuters News;Xinhua News Agency,2016-06-20;2016-06-20;2016-06-20;2016-06-20,Shabaab kill five Kenyan police: governor;Five Kenyan policemen feared dead in suspected Al-Shabaab ambush;Somali militants kill five police in north Kenya;1st LD Writethru-Roundup: Suspected Al-Shabaab militants kill 5 policemen in NE Kenya,"Mandera governor Ali Roba; Al Shabaab military operations spokesman Sheikh Abdiasis Abu Musab; Mandera County Police Commander, Job Boronjo",2,El Wak town,"between Kutulo and Dambacity, near Elwak, Mandera county",Mandera county,Banisa constituency,2.811916,40.929660,POINT (40.92966 2.811916),133642,Kenya,501,Africa,1,1,2016-06-20 00:00:00.000,2016-06-20 00:00:00.000,5,0,0,0,5,5,5,501,
233260,KEN-2016-1-10589-7,2016,1,Clear,1,13646,13646,Kenya: Northeastern Province and Coast,10589,10589,Government of Kenya - Al-Shabaab,91,91,Government of Kenya,717,717,Al-Shabaab,1,"""Xinhua News Agency,2016-06-20,Kenyan police foil attack, kill Al-Shabaab militant in coastal town""",Xinhua News Agency,2016-06-20,"Kenyan police foil attack, kill Al-Shabaab militant in coastal town","Regional police commander, Francis Wanjohi",1,Kwale town,Kwale,Kwale county,Matuga constituency,-4.173748,39.452063,POINT (39.452063 -4.173748),123559,Kenya,501,Africa,1,1,2016-06-20 00:00:00.000,2016-06-20 00:00:00.000,0,1,0,0,1,1,1,501,
233264,KEN-2016-1-10589-10,2016,1,Clear,1,13646,13646,Kenya: Northeastern Province and Coast,10589,10589,Government of Kenya - Al-Shabaab,91,91,Government of Kenya,717,717,Al-Shabaab,1,"""All Africa,2016-06-30,Al Shabaab Says It Killed 6 KDF Soldiers in Base Attack""",All Africa,2016-06-30,Al Shabaab Says It Killed 6 KDF Soldiers in Base Attack,An unnamed Al Shabaab commander,2,Mangai location,"Mangai area, Lamu Island",Lamu county,Lamu East constituency,-1.742809,41.177511,POINT (41.177511 -1.742809),127163,Kenya,501,Africa,1,1,2016-06-28 00:00:00.000,2016-06-28 00:00:00.000,0,0,0,0,0,6,0,501,
233262,KEN-2016-1-10589-8,2016,1,Clear,1,13646,13646,Kenya: Northeastern Province and Coast,10589,10589,Government of Kenya - Al-Shabaab,91,91,Government of Kenya,717,717,Al-Shabaab,2,"""Xinhua News Agency,2016-06-29,Kenyan police kill terror suspect in coastal town"";""Reuters News,2016-06-29,Kenyan forces kill five suspected Islamist militants""",Xinhua News Agency;Reuters News,2016-06-29;2016-06-29,Kenyan police kill terror suspect in coastal town;Kenyan forces kill five suspected Islamist militants,Regional police boss Francis Wanjohi,1,Malindi town,Malindi,Kilifi county,Malindi constituency,-3.217478,40.119100,POINT (40.1191 -3.217478),125001,Kenya,501,Africa,1,1,2016-06-29 00:00:00.000,2016-06-29 00:00:00.000,0,0,0,0,0,1,0,501,
233263,KEN-2016-1-10589-9,2016,1,Clear,1,13646,13646,Kenya: Northeastern Province and Coast,10589,10589,Government of Kenya - Al-Shabaab,91,91,Government of Kenya,717,717,Al-Shabaab,5,"""Reuters News,2016-06-29,Kenyan forces kill five suspected Islamist militants"";""Associated Press Newswires,2016-06-29,Kenya military: 4 extremists killed averting an attack"";""Xinhua News Agency,2016-06-29,Roundup: Kenyan police interrogating 8 terror suspects arrested in coastal region"";""All Africa,2016-06-30,Al Shabaab Says It Killed 6 KDF Soldiers in Base Attack"";""All Africa,2016-06-30,Al Shabaab Says It Killed 6 KDF Soldiers in Base Attack""",Reuters News;Associated Press Newswires;Xinhua News Agency;All Africa;All Africa,2016-06-29;2016-06-29;2016-06-29;2016-06-30;2016-06-30,Kenyan forces kill five suspected Islamist militants;Kenya military: 4 extremists killed averting an attack;Roundup: Kenyan police interrogating 8 terror suspects arrested in coastal region;Al Shabaab Says It Killed 6 KDF Soldiers in Base Attack;Al Shabaab Says It Killed 6 KDF Soldiers in Base Attack,Kenya Defence Forces (KDF) spokesman David Obonyo,2,Milimani location,"Milimani area, near a military camp in Lamu County",Lamu county,Lamu East constituency,-1.775833,40.837500,POINT (40.8375 -1.775833),127162,Kenya,501,Africa,1,1,2016-06-29 00:00:00.000,2016-06-29 00:00:00.000,0,4,0,0,4,4,4,501,
233320,KEN-2016-1-10589-11,2016,1,Clear,1,13646,13646,Kenya: Northeastern Province and Coast,10589,10589,Government of Kenya - Al-Shabaab,91,91,Government of Kenya,717,717,Al-Shabaab,1,"""Xinhua News Agency,2016-07-06,Al-Shabaab member gunned down in Kenyan coastal town""",Xinhua News Agency,2016-07-06,Al-Shabaab member gunned down in Kenyan coastal town,"Regional police commander, Francis Wanjohi",1,Kwale town,Kwale town,Kwale county,Matuga constituency,-4.173748,39.452063,POINT (39.452063 -4.173748),123559,Kenya,501,Africa,1,1,2016-07-06 00:00:00.000,2016-07-06 00:00:00.000,0,1,0,0,1,1,1,501,
233325,KEN-2016-1-10589-13,2016,1,Clear,1,13646,13646,Kenya: Northeastern Province and Coast,10589,10589,Government of Kenya - Al-Shabaab,91,91,Government of Kenya,717,717,Al-Shabaab,1,"""Xinhua News Agency,2016-07-14,Kenyan police kill Al-Shabaab suspect in foiled attack""",Xinhua News Agency,2016-07-14,Kenyan police kill Al-Shabaab suspect in foiled attack,"n Al-Shabaab terror suspect was killed in Kenya's coastal town of Lamu in a foiled dawn attack at a local police station early Thursday.

Lamu County Commissioner Joseph Kanyiri confirmed the attack occurred at Mangai Rapid Deployment Unit Camp where police engaged about 20 Al-Shabaab terrorists in a gunfight, injuring several others.

TD 
Security officers on the ground said one officer was injured during the raid which happened.

""Over 20 Al-Shabaab attempted to attack Administration Police camp but they were repulsed. The heavily armed gunmen hurled grenades and fired at the AP camp but our officers managed to overpower them,"" Kanyiri told Xinhua.

This is third attempt by the militants to attack the camp comprising Rapid Deployment Unit officers (RDU), a special force trained in combat operations.

Inspector General of Police Joseph Boinnet said a major security operation was underway, with a back-up team deployed there Thursday.

It came days after a police officer was killed, another injured and a security car hit by an Improvised Explosive Device (IED) in Ishakani area at the Kenya-Somalia border. One officer was killed and two others wounded in the Tuesday evening incident.

The police officers were on normal patrol when the vehicle runs over an IED planted by Al-Shabaab militants.

The Somali militants have intensified attacks in Lamu using IEDs. At least 50 Al-Shabaab members have been sighted in Lamu by locals in recent days.

The IED strategically planted along the roads near Kenya Somalia border are slowing down security operations to flush out militants hiding in the vast Boni forest which is near the Somali border, according to commanders involved in the operation.

The areas affected include Bondhei, Pandanguo, Kiunga, Baragoi and Milimani which has claimed several lives in the recent past.",1,Lamu town,"Lamu town, at Mangai Rapid Deployment Unit Camp",Lamu county,Lamu West constituency,-2.269248,40.899148,POINT (40.899148 -2.269248),126442,Kenya,501,Africa,1,1,2016-07-14 00:00:00.000,2016-07-14 00:00:00.000,0,1,0,0,1,1,1,501,
233326,KEN-2016-1-10589-14,2016,1,Clear,1,13646,13646,Kenya: Northeastern Province and Coast,10589,10589,Government of Kenya - Al-Shabaab,91,91,Government of Kenya,717,717,Al-Shabaab,2,"""Xinhua News Agency,2016-07-21,Kenyan police kill 2 terror suspects in coastal region"";""Reuters News,2016-07-21,Kenyan police kill two suspected members of Somalia's al Shabaab""",Xinhua News Agency;Reuters News,2016-07-21;2016-07-21,Kenyan police kill 2 terror suspects in coastal region;Kenyan police kill two suspected members of Somalia's al Shabaab,Tarime/Rorya special zonal RPC Andrew Satta,1,Mombasa town,Mombasa,Mombasa county,,-4.050000,39.666667,POINT (39.666667 -4.05),123560,Kenya,501,Africa,1,1,2016-07-21 00:00:00.000,2016-07-21 00:00:00.000,0,2,0,0,2,2,2,501,
233327,KEN-2016-1-10589-15,2016,1,Clear,1,13646,13646,Kenya: Northeastern Province and Coast,10589,10589,Government of Kenya - Al-Shabaab,91,91,Government of Kenya,717,717,Al-Shabaab,2,"""Xinhua News Agency,2016-07-21,Kenyan police kill 2 terror suspects in coastal region"";""Reuters News,2016-07-21,Kenyan police kill two suspected members of Somalia's al Shabaab""",Xinhua News Agency;Reuters News,2016-07-21;2016-07-21,Kenyan police kill 2 terror suspects in coastal region;Kenyan police kill two suspected members of Somalia's al Shabaab,Kisauni police commander Walter Abondo,1,Mombasa town,Mombasa,Mombasa county,,-4.050000,39.666667,POINT (39.666667 -4.05),123560,Kenya,501,Africa,1,1,2016-07-21 00:00:00.000,2016-07-21 00:00:00.000,0,2,0,0,2,2,2,501,
233328,KEN-2016-1-10589-16,2016,1,Clear,1,13646,13646,Kenya: Northeastern Province and Coast,10589,10589,Government of Kenya - Al-Shabaab,91,91,Government of Kenya,717,717,Al-Shabaab,2,"""Xinhua News Agency,2016-07-28,1st LD Writethru: Blast injures 4 soldiers in Kenyan border town"";""All Africa,2016-07-29,Al Shabaab Claims Killing 6 Kenyan Policemen in Attack""",Xinhua News Agency;All Africa,2016-07-28;2016-07-29,1st LD Writethru: Blast injures 4 soldiers in Kenyan border town;Al Shabaab Claims Killing 6 Kenyan Policemen in Attack,Al Shabaab; Kenyan security officials,1,Fino locality,Fino Town in Mandera County,Mandera county,Lafey constituency,3.375578,41.418119,POINT (41.418119 3.375578),134363,Kenya,501,Africa,1,1,2016-07-28 00:00:00.000,2016-07-28 00:00:00.000,0,0,0,0,0,6,0,501,
233329,KEN-2016-1-10589-17,2016,1,Clear,1,13646,13646,Kenya: Northeastern Province and Coast,10589,10589,Government of Kenya - Al-Shabaab,91,91,Government of Kenya,717,717,Al-Shabaab,1,"""All Africa,2016-08-05,Kenyan Army Base Raided By Al Shabaab""",All Africa,2016-08-05,Kenyan Army Base Raided By Al Shabaab,local residents,2,Fino locality,Fino town (near) in Mandera County,Mandera county,Lafey constituency,3.375578,41.418119,POINT (41.418119 3.375578),134363,Kenya,501,Africa,1,2,2016-08-03 00:00:00.000,2016-08-04 00:00:00.000,2,2,0,0,4,4,4,501,
233330,KEN-2016-1-10589-18,2016,1,Clear,1,13646,13646,Kenya: Northeastern Province and Coast,10589,10589,Government of Kenya - Al-Shabaab,91,91,Government of Kenya,717,717,Al-Shabaab,1,"""Xinhua News Agency,2016-08-14,Kenyan police kill 3 Al-Shabaab suspects in coast region""",Xinhua News Agency,2016-08-14,Kenyan police kill 3 Al-Shabaab suspects in coast region,Mombasa County commissioner Maalim Mohammed,1,Mombasa town,Mombasa,Mombasa county,,-4.050000,39.666667,POINT (39.666667 -4.05),123560,Kenya,501,Africa,1,1,2016-08-14 00:00:00.000,2016-08-14 00:00:00.000,0,2,0,0,2,2,2,501,
233331,KEN-2016-1-10589-19,2016,1,Clear,1,13646,13646,Kenya: Northeastern Province and Coast,10589,10589,Government of Kenya - Al-Shabaab,91,91,Government of Kenya,717,717,Al-Shabaab,2,"""All Africa,2016-08-15,Al Shabaab Suspect Killed in Kenya, 2 Grenades Seized"";""Xinhua News Agency,2016-08-14,Kenyan police kill 3 Al-Shabaab suspects in coast region""",All Africa;Xinhua News Agency,2016-08-15;2016-08-14,"Al Shabaab Suspect Killed in Kenya, 2 Grenades Seized;Kenyan police kill 3 Al-Shabaab suspects in coast region",Msambweni police commander Benjamin Rotich,2,Diani location,"Vingirika village, Diani, Kwale County",Kwale county,Msambweni constituency,-4.299547,39.567647,POINT (39.56764793396 -4.2995479273819),123560,Kenya,501,Africa,1,1,2016-08-14 00:00:00.000,2016-08-14 00:00:00.000,0,1,0,0,1,1,1,501,
233343,KEN-2016-1-10589-21,2016,1,Clear,1,13646,13646,Kenya: Northeastern Province and Coast,10589,10589,Government of Kenya - Al-Shabaab,91,91,Government of Kenya,717,717,Al-Shabaab,3,"""Agence France Presse,2016-09-22,Shabaab militants storm Kenya police post"";""Xinhua News Agency,2016-09-22,Four policemen missing after attack in NE Kenya"";""Agence France Presse,2016-09-22,Shabaab militants storm Kenya police post""",Agence France Presse;Xinhua News Agency;Agence France Presse,2016-09-22;2016-09-22;2016-09-22,Shabaab militants storm Kenya police post;Four policemen missing after attack in NE Kenya;Shabaab militants storm Kenya police post,police; al-Shabaab,1,Liboi location,"Liboi, Garissa",Garissa county,Dadaab constituency,0.398519,40.954815,POINT (40.954815 0.398519),130042,Kenya,501,Africa,1,2,2016-09-21 00:00:00.000,2016-09-22 00:00:00.000,0,0,0,0,0,6,0,501,
233618,KEN-2016-1-10589-23,2016,1,Clear,1,13646,13646,Kenya: Northeastern Province and Coast,10589,10589,Government of Kenya - Al-Shabaab,91,91,Government of Kenya,717,717,Al-Shabaab,2,"""All Africa,2016-10-14,Kenyan Urged to Equip Officers On the Border"";""All Africa,2016-09-26,Kenya to Issue Full Report On Attack in Hamey By Al Shabaab""",All Africa;All Africa,2016-10-14;2016-09-26,Kenyan Urged to Equip Officers On the Border;Kenya to Issue Full Report On Attack in Hamey By Al Shabaab,,2,Liboi location,"Hamey police post near Liboi, Garissa",Garissa county,Dadaab constituency,0.398519,40.954815,POINT (40.954815 0.398519),130042,Kenya,501,Africa,1,4,2016-09-22 00:00:00.000,2016-10-09 00:00:00.000,3,0,0,0,3,3,3,501,
233347,KEN-2016-1-10589-22,2016,1,Clear,1,13646,13646,Kenya: Northeastern Province and Coast,10589,10589,Government of Kenya - Al-Shabaab,91,91,Government of Kenya,717,717,Al-Shabaab,1,"""Xinhua News Agency,2016-09-27,Kenyan police kill most wanted terror suspect in Mombasa""",Xinhua News Agency,2016-09-27,Kenyan police kill most wanted terror suspect in Mombasa,Coast Regional Coordinator Nelson Marwa,1,Mombasa town,Mombasa,Mombasa county,,-4.050000,39.666667,POINT (39.666667 -4.05),123560,Kenya,501,Africa,1,1,2016-09-27 00:00:00.000,2016-09-27 00:00:00.000,0,1,0,0,1,1,1,501,
233619,KEN-2016-1-10589-24,2016,1,Clear,1,13646,13646,Kenya: Northeastern Province and Coast,10589,10589,Government of Kenya - Al-Shabaab,91,91,Government of Kenya,717,717,Al-Shabaab,2,"""Xinhua News Agency,2016-10-18,Kenyan guard killed in border region in fight with Al-Shabaab"";""All Africa,2016-10-18,Kenyan Police Clash With Al Shabaab in Mandera Town""",Xinhua News Agency;All Africa,2016-10-18;2016-10-18,Kenyan guard killed in border region in fight with Al-Shabaab;Kenyan Police Clash With Al Shabaab in Mandera Town,Mandera County Commissioner Fredrick Shisia,1,Mandera town,Mandera town,Mandera county,Mandera East constituency,3.936631,41.867011,POINT (41.867011 3.936631),135084,Kenya,501,Africa,1,1,2016-10-17 00:00:00.000,2016-10-17 00:00:00.000,0,0,1,0,1,1,1,501,
233946,KEN-2016-1-10589-25,2016,1,Clear,1,13646,13646,Kenya: Northeastern Province and Coast,10589,10589,Government of Kenya - Al-Shabaab,91,91,Government of Kenya,717,717,Al-Shabaab,1,"""Xinhua News Agency,2016-12-09,Kenyan soldiers kill 4 Al-Shabaab militants, seize weapons""",Xinhua News Agency,2016-12-09,"Kenyan soldiers kill 4 Al-Shabaab militants, seize weapons",Kenya Defence Forces (KDF) spokesman Paul Njuguna,2,Hulugho location,"Mchanga Nyakendu area in Hulugho, Garissa",Garissa county,Ijara constituency,-0.896324,40.967814,POINT (40.967814445496 -0.89632433158914),128602,Kenya,501,Africa,1,1,2016-12-09 00:00:00.000,2016-12-09 00:00:00.000,0,4,0,0,4,4,4,501,
233947,KEN-2016-1-10589-26,2016,1,Clear,1,13646,13646,Kenya: Northeastern Province and Coast,10589,10589,Government of Kenya - Al-Shabaab,91,91,Government of Kenya,717,717,Al-Shabaab,1,"""All Africa,2016-12-15,Four Al Shabaab Militants Killed in Garissa, Kenya""",All Africa,2016-12-15,"Four Al Shabaab Militants Killed in Garissa, Kenya",KDF Spokesman Col Paul Njuguna,2,Hulugho location,"Mchanga Nyekundu area, Hulugho, Garissa County",Garissa county,Ijara constituency,-0.896324,40.967814,POINT (40.967814445496 -0.89632433158914),128602,Kenya,501,Africa,1,1,2016-12-15 00:00:00.000,2016-12-15 00:00:00.000,0,4,0,0,4,4,4,501,
236544,KEN-2017-1-10589-0,2017,1,Clear,1,13646,13646,Kenya: Northeastern Province and Coast,10589,10589,Government of Kenya - Al-Shabaab,91,91,Government of Kenya,717,717,Al-Shabaab,2,"""Xinhua News Agency,2017-01-23,Police reservist killed in Kenya border town attack"";""All Africa,2017-01-23,Kenyan Police Officer Killed in Mandera Al-Shabaab Attack""",Xinhua News Agency;All Africa,2017-01-23;2017-01-23,Police reservist killed in Kenya border town attack;Kenyan Police Officer Killed in Mandera Al-Shabaab Attack,Mandera County Commissioner Fredrick Shisia,1,Mandera town,Mandera town,Mandera county,Mandera East constituency,3.936631,41.867011,POINT (41.867011 3.936631),135084,Kenya,501,Africa,1,1,2017-01-23 00:00:00.000,2017-01-23 00:00:00.000,1,0,0,0,1,1,1,501,
236551,KEN-2017-1-10589-1,2017,1,Clear,1,13646,13646,Kenya: Northeastern Province and Coast,10589,10589,Government of Kenya - Al-Shabaab,91,91,Government of Kenya,717,717,Al-Shabaab,4,"""Xinhua News Agency,2017-02-02,Urgent: Unknown number of Kenyan police killed in terror attack"";""Xinhua News Agency,2017-02-02,1st LD: Unknown number of Kenyan police killed in terror attack"";""Xinhua News Agency,2017-02-02,No police killed in Kenya camp raid by Al-Shabaab militants"";""Xinhua News Agency,2017-02-03,Boy injured in Al-Shabaab attack on Kenyan police camp dies""",Xinhua News Agency;Xinhua News Agency;Xinhua News Agency;Xinhua News Agency,2017-02-02;2017-02-02;2017-02-02;2017-02-03,Urgent: Unknown number of Kenyan police killed in terror attack;1st LD: Unknown number of Kenyan police killed in terror attack;No police killed in Kenya camp raid by Al-Shabaab militants;Boy injured in Al-Shabaab attack on Kenyan police camp dies,officials,1,Mandera town,border town of Mandera,Mandera county,Mandera East constituency,3.936631,41.867011,POINT (41.867011 3.936631),135084,Kenya,501,Africa,1,1,2017-02-02 00:00:00.000,2017-02-02 00:00:00.000,0,0,1,0,1,2,1,501,
236562,KEN-2017-1-10589-2,2017,1,Clear,1,13646,13646,Kenya: Northeastern Province and Coast,10589,10589,Government of Kenya - Al-Shabaab,91,91,Government of Kenya,717,717,Al-Shabaab,1,"""All Africa,2017-02-27,Kenya Claims Killing Wanted Al-Shabaab Militant""",All Africa,2017-02-27,Kenya Claims Killing Wanted Al-Shabaab Militant,Police,4,Kwale county,Kwale county,Kwale county,,-4.133333,39.200000,POINT (39.2 -4.133333),123559,Kenya,501,Africa,1,1,2017-02-26 00:00:00.000,2017-02-26 00:00:00.000,0,1,0,0,1,1,1,501,
237028,KEN-2017-1-10589-3,2017,1,Clear,1,13646,13646,Kenya: Northeastern Province and Coast,10589,10589,Government of Kenya - Al-Shabaab,91,91,Government of Kenya,717,717,Al-Shabaab,1,"""BBC Monitoring Africa,2017-03-08,Somali militants claim Kenya attack""",BBC Monitoring Africa,2017-03-08,Somali militants claim Kenya attack,"al-Shabab statement
KDF",2,Lamu town,outside the coastal town of Lamu.,Lamu county,Lamu West constituency,-2.269248,40.899148,POINT (40.899148 -2.269248),126442,Kenya,501,Africa,1,1,2017-03-08 00:00:00.000,2017-03-08 00:00:00.000,1,0,0,0,1,4,0,501,
237919,KEN-2017-1-10589-5,2017,1,Clear,1,13646,13646,Kenya: Northeastern Province and Coast,10589,10589,Government of Kenya - Al-Shabaab,91,91,Government of Kenya,717,717,Al-Shabaab,1,"""Xinhua News Agency,2017-05-16,Suspected Al-Shabaab militants kill Kenyan official in border town""",Xinhua News Agency,2017-05-16,Suspected Al-Shabaab militants kill Kenyan official in border town,Regional government coordinator Mohamed Saleh,2,Mandera town,"Omar Jillo village, about 15km from Mandera town",Mandera county,Mandera East constituency,3.936631,41.867011,POINT (41.867011 3.936631),135084,Kenya,501,Africa,1,1,2017-05-15 00:00:00.000,2017-05-15 00:00:00.000,0,0,1,0,1,1,1,501,
238084,KEN-2017-1-10589-6,2017,1,Clear,1,13646,13646,Kenya: Northeastern Province and Coast,10589,10589,Government of Kenya - Al-Shabaab,91,91,Government of Kenya,717,717,Al-Shabaab,3,"""Xinhua News Agency,2017-05-16,1st LD Writethru: Blast kills 4 in Kenya's border town"";""Agence France Presse,2017-05-16,Four killed in Kenyan car bomb attack"";""The Star (Kenya),2017-05-16,Four killed after miraa truck runs over IED in Garissa""",Xinhua News Agency;Agence France Presse;The Star (Kenya),2017-05-16;2017-05-16;2017-05-16,1st LD Writethru: Blast kills 4 in Kenya's border town;Four killed in Kenyan car bomb attack;Four killed after miraa truck runs over IED in Garissa,Regional government official Mohamud Saleh,2,Liboi location,"Liboi town

 Aligabay, which is between Kulan and Liboi.",Garissa county,Dadaab constituency,0.398519,40.954815,POINT (40.954815 0.398519),130042,Kenya,501,Africa,1,1,2017-05-16 00:00:00.000,2017-05-16 00:00:00.000,0,0,0,4,4,4,4,501,
238116,KEN-2017-1-10589-7,2017,1,Clear,1,13646,13646,Kenya: Northeastern Province and Coast,10589,10589,Government of Kenya - Al-Shabaab,91,91,Government of Kenya,717,717,Al-Shabaab,5,"""Reuters News,2017-05-24,Three Kenyan police killed by suspected al Shabaab landmine"";""Agence France Presse,2017-05-24,Three police killed in northern Kenya bomb attack"";""Xinhua News Agency,2017-05-24,2nd LD Writethru: Blast kills 3 Kenyan police officers in border region"";""All Africa,2017-05-25,Al-Shabaab Claims Somalia, Kenya Attacks"";""The Star (Kenya),2017-05-24,Three cops killed, two others injured in Garissa attack""",Reuters News;Agence France Presse;Xinhua News Agency;All Africa;The Star (Kenya),2017-05-24;2017-05-24;2017-05-24;2017-05-25;2017-05-24,"Three Kenyan police killed by suspected al Shabaab landmine;Three police killed in northern Kenya bomb attack;2nd LD Writethru: Blast kills 3 Kenyan police officers in border region;Al-Shabaab Claims Somalia, Kenya Attacks;Three cops killed, two others injured in Garissa attack",local government official named Mohamud Saleh.,2,Liboi location,traveling to Liboi town at the border between Kenya and Somalia from Kulan area,Garissa county,Dadaab constituency,0.398519,40.954815,POINT (40.954815 0.398519),130042,Kenya,501,Africa,1,1,2017-05-24 00:00:00.000,2017-05-24 00:00:00.000,3,0,0,0,3,3,3,501,
238117,KEN-2017-1-10589-8,2017,1,Clear,1,13646,13646,Kenya: Northeastern Province and Coast,10589,10589,Government of Kenya - Al-Shabaab,91,91,Government of Kenya,717,717,Al-Shabaab,4,"""BBC Monitoring Africa,2017-05-25,Five feared dead in Kenya landmine blast"";""All Africa,2017-05-25,Al-Shabaab Claims Somalia, Kenya Attacks"";""Agence France Presse,2017-05-24,Five police killed in second Kenya roadside bomb: governor"";""Xinhua News Agency,2017-05-24,2nd LD Writethru: Roadside blast kills 5 security officers in Kenya's border town""",BBC Monitoring Africa;All Africa;Agence France Presse;Xinhua News Agency,2017-05-25;2017-05-25;2017-05-24;2017-05-24,"Five feared dead in Kenya landmine blast;Al-Shabaab Claims Somalia, Kenya Attacks;Five police killed in second Kenya roadside bomb: governor;2nd LD Writethru: Roadside blast kills 5 security officers in Kenya's border town",witnesses and local authorities,5,Mandera-Somalia border,Mandera County near the Somalia border.,Mandera county,,3.107394,41.283172,POINT (41.2831722 3.1073944),134363,Kenya,501,Africa,1,1,2017-05-24 00:00:00.000,2017-05-24 00:00:00.000,5,0,0,0,5,5,5,501,
238121,KEN-2017-1-10589-9,2017,1,Clear,1,13646,13646,Kenya: Northeastern Province and Coast,10589,10589,Government of Kenya - Al-Shabaab,91,91,Government of Kenya,717,717,Al-Shabaab,5,"""Agence France Presse,2017-05-25,Third IED in two days kills five more Kenyan police: official"";""Xinhua News Agency,2017-05-25,2nd LD: 2 police officers killed in Kenya's border town"";""Reuters News,2017-05-25,Two more Kenyan police die in latest roadside bombing"";""Xinhua News Agency,2017-05-25,Kenyan police intensify operations in restive border regions"";""All Africa,2017-05-26,5 More Police Officers Killed in New Liboi Attack""",Agence France Presse;Xinhua News Agency;Reuters News;Xinhua News Agency;All Africa,2017-05-25;2017-05-25;2017-05-25;2017-05-25;2017-05-26,Third IED in two days kills five more Kenyan police: official;2nd LD: 2 police officers killed in Kenya's border town;Two more Kenyan police die in latest roadside bombing;Kenyan police intensify operations in restive border regions;5 More Police Officers Killed in New Liboi Attack,"North Eastern regional coordinator Mohamud Ali Saleh
Garissa County Police Commissioner James Kianda",4,Garissa county,between Malelei and Kulan in Garissa county.,Garissa county,,-0.500000,40.250000,POINT (40.25 -0.5),129321,Kenya,501,Africa,1,1,2017-05-25 00:00:00.000,2017-05-25 00:00:00.000,2,0,0,0,2,5,2,501,
238122,KEN-2017-1-10589-10,2017,1,Clear,1,13646,13646,Kenya: Northeastern Province and Coast,10589,10589,Government of Kenya - Al-Shabaab,91,91,Government of Kenya,717,717,Al-Shabaab,1,"""Xinhua News Agency,2017-05-29,Kenyan police gun down 3 Al-Shabaab suspects""",Xinhua News Agency,2017-05-29,Kenyan police gun down 3 Al-Shabaab suspects,Deputy County Commissioner Michael Kioni,4,Tana River county,coastal town of Tana River.,Tana River county,,-1.533333,39.416667,POINT (39.416667 -1.533333),127159,Kenya,501,Africa,1,1,2017-05-29 00:00:00.000,2017-05-29 00:00:00.000,0,3,0,0,3,3,3,501,
238126,KEN-2017-1-10589-11,2017,1,Clear,1,13646,13646,Kenya: Northeastern Province and Coast,10589,10589,Government of Kenya - Al-Shabaab,91,91,Government of Kenya,717,717,Al-Shabaab,4,"""Reuters News,2017-05-31,Roadside bomb targeting police kills five in Kenya's north coast"";""Xinhua News Agency,2017-05-31,Five killed in bomb attack in Kenya's coastal region"";""All Africa,2017-06-01,4 Policemen, One Civilian Killed in Lamu IED Attack"";""Africa Research Bulletin Volume 54 Issue 6,2017-07-18,Kenya - Roadside bombings""",Reuters News;Xinhua News Agency;All Africa;Africa Research Bulletin Volume 54 Issue 6,2017-05-31;2017-05-31;2017-06-01;2017-07-18,"Roadside bomb targeting police kills five in Kenya's north coast;Five killed in bomb attack in Kenya's coastal region;4 Policemen, One Civilian Killed in Lamu IED Attack;Kenya - Roadside bombings","The commissioner for the Coast region, Nelson Marwa
police report",1,Kiunga village,"heading toward Mokowe, near the popular island resort of Lamu
in Kiunga, Lamu",Lamu county,Lamu East constituency,-1.745440,41.490810,POINT (41.49081 -1.74544),127163,Kenya,501,Africa,1,1,2017-05-31 00:00:00.000,2017-05-31 00:00:00.000,7,0,1,0,8,8,8,501,
238877,KEN-2017-1-10589-26,2017,1,Clear,1,13646,13646,Kenya: Northeastern Province and Coast,10589,10589,Government of Kenya - Al-Shabaab,91,91,Government of Kenya,717,717,Al-Shabaab,3,"""Reuters News,2017-06-16,Bomb planted on road kills 4 in northeast Kenya: official"";""Xinhua News Agency,2017-06-16,4 killed, 11 injured in attack along Kenya's border"";""ICG,2017-06-30,Kenya  JUNE 2017""",Reuters News;Xinhua News Agency;ICG,2017-06-16;2017-06-16;2017-06-30,"Bomb planted on road kills 4 in northeast Kenya: official;4 killed, 11 injured in attack along Kenya's border;Kenya  JUNE 2017","Mandera County Commissioner Frederick Shisia
Northeastern regional coordinator Mohamed Saleh",2,Lafey-El Wak road,"along the restive Lafey-Elwak road. 
between Fino and Sheikh Barow, Mandera county in north",Mandera county,,2.989172,41.032355,POINT (41.0323556 2.9891722),133643,Kenya,501,Africa,1,1,2017-06-16 00:00:00.000,2017-06-16 00:00:00.000,0,0,4,0,4,4,4,501,
238880,KEN-2017-1-10589-41,2017,1,Clear,1,13646,13646,Kenya: Northeastern Province and Coast,10589,10589,Government of Kenya - Al-Shabaab,91,91,Government of Kenya,717,717,Al-Shabaab,1,"""Xinhua News Agency,2017-06-23,Al-Shabaab militants pursed after killing of 3 in northeast Kenya""",Xinhua News Agency,2017-06-23,Al-Shabaab militants pursed after killing of 3 in northeast Kenya,Mandera County Commissioner Fredrick Shisia,1,El Wak town,Elwak town,Mandera county,Banisa constituency,2.811916,40.929660,POINT (40.92966 2.811916),133642,Kenya,501,Africa,1,1,2017-06-23 00:00:00.000,2017-06-23 00:00:00.000,1,0,2,0,3,3,3,501,
238883,KEN-2017-1-10589-14,2017,1,Clear,1,13646,13646,Kenya: Northeastern Province and Coast,10589,10589,Government of Kenya - Al-Shabaab,91,91,Government of Kenya,717,717,Al-Shabaab,2,"""Xinhua News Agency,2017-06-27,Road blast kills 8 people in coastal Kenya"";""Agence France Presse,2017-06-27,Blast kills eight on Somalia/Kenya border: police""",Xinhua News Agency;Agence France Presse,2017-06-27;2017-06-27,Road blast kills 8 people in coastal Kenya;Blast kills eight on Somalia/Kenya border: police,Regional police commander Phillip Tuimur,5,Road between Mararini and Kiunga,"between Mararani and Kiunga, just a handful of kilometres (miles) from the border.",Lamu county,Lamu East constituency,-1.722000,41.393000,POINT (41.393 -1.722),127163,Kenya,501,Africa,1,1,2017-06-27 00:00:00.000,2017-06-27 00:00:00.000,0,0,0,0,0,8,0,501,
239520,KEN-2017-1-10589-16,2017,1,Clear,1,13646,13646,Kenya: Northeastern Province and Coast,10589,10589,Government of Kenya - Al-Shabaab,91,91,Government of Kenya,717,717,Al-Shabaab,2,"""Reuters News,2017-07-05,UPDATE 1-Somali militants kill 3 police in raid on Kenyan border town"";""Xinhua News Agency,2017-07-05,Roundup: Kenyan police intensify operation after Al-Shabaab raid""",Reuters News;Xinhua News Agency,2017-07-05;2017-07-05,UPDATE 1-Somali militants kill 3 police in raid on Kenyan border town;Roundup: Kenyan police intensify operation after Al-Shabaab raid,senior police official,1,Pandanguo village,Pandanguo,Lamu county,Lamu West constituency,-2.234716,40.477810,POINT (40.47781 -2.234716),126441,Kenya,501,Africa,1,1,2017-07-05 00:00:00.000,2017-07-05 00:00:00.000,3,3,0,0,6,6,5,501,
239555,KEN-2017-1-10589-17,2017,1,Clear,1,13646,13646,Kenya: Northeastern Province and Coast,10589,10589,Government of Kenya - Al-Shabaab,91,91,Government of Kenya,717,717,Al-Shabaab,2,"""Agence France Presse,2017-07-13,Five Kenyan forces killed in mission to free official"";""Daily Nation,2017-09-27,Mariam Al Maawy dies in S. Africa after Al-Shabaab attack""",Agence France Presse;Daily Nation,2017-07-13;2017-09-27,Five Kenyan forces killed in mission to free official;Mariam Al Maawy dies in S. Africa after Al-Shabaab attack,police officer,2,Milhoi locality,Milihoi area,Lamu county,Lamu West constituency,-2.216667,40.700000,POINT (40.7 -2.216667),126442,Kenya,501,Africa,1,1,2017-07-13 00:00:00.000,2017-07-13 00:00:00.000,5,0,2,0,7,7,7,501,
239572,KEN-2017-1-10589-19,2017,1,Clear,1,13646,13646,Kenya: Northeastern Province and Coast,10589,10589,Government of Kenya - Al-Shabaab,91,91,Government of Kenya,717,717,Al-Shabaab,1,"""BBC Monitoring Africa,2017-07-17,Al-Shabab claims attack on Kenyan army truck""",BBC Monitoring Africa,2017-07-17,Al-Shabab claims attack on Kenyan army truck,Al-Shabaab radio Andalus,1,Liboi location,Abdi Ali in Liboi town,Garissa county,Dadaab constituency,0.398519,40.954815,POINT (40.954815 0.398519),130042,Kenya,501,Africa,1,1,2017-07-17 00:00:00.000,2017-07-17 00:00:00.000,0,0,0,0,0,1,0,501,
241360,KEN-2017-1-10589-27,2017,1,Clear,1,13646,13646,Kenya: Northeastern Province and Coast,10589,10589,Government of Kenya - Al-Shabaab,91,91,Government of Kenya,717,717,Al-Shabaab,1,"""Africa Research Bulletin Volume 54 Issue 8,2017-09-14,KENYA Militant Attacks""",Africa Research Bulletin Volume 54 Issue 8,2017-09-14,KENYA Militant Attacks,Daily Nation,4,Garissa county,Garissa county,Garissa county,,-0.500000,40.250000,POINT (40.25 -0.5),129321,Kenya,501,Africa,1,2,2017-08-03 00:00:00.000,2017-08-05 00:00:00.000,0,0,0,0,0,5,0,501,
240437,KEN-2017-1-10589-21,2017,1,Clear,1,13646,13646,Kenya: Northeastern Province and Coast,10589,10589,Government of Kenya - Al-Shabaab,91,91,Government of Kenya,717,717,Al-Shabaab,2,"""All Africa,2017-08-03,Police Officer, Several 'Al-Shabaab' Terrorists Killed in Mandera"";""Xinhua News Agency,2017-08-03,Police officer killed as Al-Shabaab raids camp in Kenya's border""",All Africa;Xinhua News Agency,2017-08-03;2017-08-03,"Police Officer, Several 'Al-Shabaab' Terrorists Killed in Mandera;Police officer killed as Al-Shabaab raids camp in Kenya's border",local police,1,Lafey town,Lafey police station,Mandera county,Lafey constituency,3.151060,41.185770,POINT (41.18577 3.15106),134363,Kenya,501,Africa,1,1,2017-08-03 00:00:00.000,2017-08-03 00:00:00.000,1,2,0,0,3,4,3,501,
240613,KEN-2017-1-10589-22,2017,1,Clear,1,13646,13646,Kenya: Northeastern Province and Coast,10589,10589,Government of Kenya - Al-Shabaab,91,91,Government of Kenya,717,717,Al-Shabaab,1,"""Xinhua News Agency,2017-08-15,1st Ld Writethru: Al-Shabaab kills 5 police officers, injures another in Kenya's border""",Xinhua News Agency,2017-08-15,"1st Ld Writethru: Al-Shabaab kills 5 police officers, injures another in Kenya's border",police,5,Road between Bodhei and Ijara,Alijize which is along Bothai-Ijara road,Garissa county,Ijara constituency,-1.740000,40.600000,POINT (40.6 -1.74),127162,Kenya,501,Africa,1,1,2017-08-15 00:00:00.000,2017-08-15 00:00:00.000,5,0,0,0,5,5,5,501,
240692,KEN-2017-1-10589-23,2017,1,Clear,1,13646,13646,Kenya: Northeastern Province and Coast,10589,10589,Government of Kenya - Al-Shabaab,91,91,Government of Kenya,717,717,Al-Shabaab,2,"""Xinhua News Agency,2017-08-18,Kenyan police shot dead wanted terror suspect"";""ICG,2017-08-31,Kenya  AUGUST 2017""",Xinhua News Agency;ICG,2017-08-18;2017-08-31,Kenyan police shot dead wanted terror suspect;Kenya  AUGUST 2017,police,1,Mombasa town,"Mombasa, Bamburi",Mombasa county,,-4.050000,39.666667,POINT (39.666667 -4.05),123560,Kenya,501,Africa,1,1,2017-08-18 00:00:00.000,2017-08-18 00:00:00.000,0,1,0,0,1,1,1,501,
240719,KEN-2017-1-10589-24,2017,1,Clear,1,13646,13646,Kenya: Northeastern Province and Coast,10589,10589,Government of Kenya - Al-Shabaab,91,91,Government of Kenya,717,717,Al-Shabaab,1,"""BBC Monitoring Africa,2017-08-27,Programme summary of Somalia's Radio Shabelle news 0500 gmt 27 Aug 17""",BBC Monitoring Africa,2017-08-27,Programme summary of Somalia's Radio Shabelle news 0500 gmt 27 Aug 17,Al-Shabab,1,Garissa town,Garissa town,Garissa county,Garissa township constituency,-0.453548,39.640108,POINT (39.640108 -0.453548),129320,Kenya,501,Africa,1,1,2017-08-27 00:00:00.000,2017-08-27 00:00:00.000,0,0,0,0,0,1,0,501,
240725,KEN-2017-1-10589-25,2017,1,Clear,1,13646,13646,Kenya: Northeastern Province and Coast,10589,10589,Government of Kenya - Al-Shabaab,91,91,Government of Kenya,717,717,Al-Shabaab,1,"""All Africa,2017-08-29,Bomb On KDF Convoy Near Mandera Kills 2 Kenyan Soldiers, Injures 3
CR 	Shabelle Media Network""",All Africa,2017-08-29,"Bomb On KDF Convoy Near Mandera Kills 2 Kenyan Soldiers, Injures 3
CR 	Shabelle Media Network",security personnel,1,Damasa village,"Damasa, Lafey Sub County, Mandera",Mandera county,Lafey constituency,3.159720,41.325640,POINT (41.32564 3.15972),134363,Kenya,501,Africa,1,1,2017-08-28 00:00:00.000,2017-08-28 00:00:00.000,2,0,0,0,2,2,2,501,
241601,KEN-2017-1-10589-28,2017,1,Clear,1,13646,13646,Kenya: Northeastern Province and Coast,10589,10589,Government of Kenya - Al-Shabaab,91,91,Government of Kenya,717,717,Al-Shabaab,2,"""Xinhua News Agency,2017-09-03,2 police officers killed in suspected Al-Shabaab attack on Kenyan church"";""The Star (Kenya),2017-09-05,Police link al Shabaab to killing of two officers at Kwale church""",Xinhua News Agency;The Star (Kenya),2017-09-03;2017-09-05,2 police officers killed in suspected Al-Shabaab attack on Kenyan church;Police link al Shabaab to killing of two officers at Kwale church,"Coast regional police commander Lorry Kieng, residents; Intelligence reports",1,Ukunda village,"Ukunda, Kwale",Kwale county,Msambweni constituency,-4.292900,39.564040,POINT (39.56404 -4.2929),123560,Kenya,501,Africa,1,1,2017-09-03 00:00:00.000,2017-09-03 00:00:00.000,2,0,0,0,2,2,2,501,
241901,KEN-2017-1-10589-29,2017,1,Clear,1,13646,13646,Kenya: Northeastern Province and Coast,10589,10589,Government of Kenya - Al-Shabaab,91,91,Government of Kenya,717,717,Al-Shabaab,1,"""Crisis Watch,2017-09-30,Kenya  SEPTEMBER 2017""",Crisis Watch,2017-09-30,Kenya  SEPTEMBER 2017,,4,Lamu county,Lamu county,Lamu county,,-2.033333,40.783333,POINT (40.783333 -2.033333),126442,Kenya,501,Africa,1,1,2017-09-11 00:00:00.000,2017-09-11 00:00:00.000,1,0,0,0,1,1,1,501,
244673,KEN-2017-1-10589-31,2017,1,Clear,1,13646,13646,Kenya: Northeastern Province and Coast,10589,10589,Government of Kenya - Al-Shabaab,91,91,Government of Kenya,717,717,Al-Shabaab,1,"""Xinhua News Agency,2017-10-09,Urgent: Kenyan military kills 5 Al-Shabaab militants in coastal region""",Xinhua News Agency,2017-10-09,Urgent: Kenyan military kills 5 Al-Shabaab militants in coastal region,Military spokesman David Obonyo,2,Bodhei village,"Bodheri area, Lamu region",Lamu county,Lamu West constituency,-1.859910,40.716240,POINT (40.71624 -1.85991),127162,Kenya,501,Africa,1,1,2017-10-09 00:00:00.000,2017-10-09 00:00:00.000,0,5,0,0,5,5,5,501,
244684,KEN-2017-1-10589-40,2017,1,Clear,1,13646,13646,Kenya: Northeastern Province and Coast,10589,10589,Government of Kenya - Al-Shabaab,91,91,Government of Kenya,717,717,Al-Shabaab,3,"""Agence France Presse,2017-10-10,Two killed in vehicle ambush on Kenya coast"";""Xinhua News Agency,2017-10-10,1st LD-Writethru: Gunmen kill 2 varsity staff in Kenya"";""All Africa,2017-10-10,Technical University in Mombasa Suspends Activities After Suspected Terror Attack""",Agence France Presse;Xinhua News Agency;All Africa,2017-10-10;2017-10-10;2017-10-10,Two killed in vehicle ambush on Kenya coast;1st LD-Writethru: Gunmen kill 2 varsity staff in Kenya;Technical University in Mombasa Suspends Activities After Suspected Terror Attack,regional police chief Larry Kieng,2,Diani location,"road between Diani and the Technical University of Mombasa's nearby Kwale campus (""close to Diani)",Kwale county,Msambweni constituency,-4.299547,39.567647,POINT (39.56764793396 -4.2995479273819),123560,Kenya,501,Africa,2,1,2017-10-10 00:00:00.000,2017-10-10 00:00:00.000,0,0,0,0,0,2,0,501,
244752,KEN-2017-1-10589-32,2017,1,Clear,1,13646,13646,Kenya: Northeastern Province and Coast,10589,10589,Government of Kenya - Al-Shabaab,91,91,Government of Kenya,717,717,Al-Shabaab,1,"""Xinhua News Agency,2017-10-24,1st LD Writethru: Kenyan military kills 4 Al-Shabaab militants in coastal region""",Xinhua News Agency,2017-10-24,1st LD Writethru: Kenyan military kills 4 Al-Shabaab militants in coastal region,Kenya Defense Forces (KDF) spokesman David Obonyo,2,Mararani settlement,"area of Mararani in Lamu County,",Lamu county,Lamu East constituency,-1.703092,41.302693,POINT (41.302693 -1.703092),127163,Kenya,501,Africa,1,1,2017-10-24 00:00:00.000,2017-10-24 00:00:00.000,0,4,0,0,4,4,4,501,
244894,KEN-2017-1-10589-33,2017,1,Clear,1,13646,13646,Kenya: Northeastern Province and Coast,10589,10589,Government of Kenya - Al-Shabaab,91,91,Government of Kenya,717,717,Al-Shabaab,1,"""Xinhua News Agency,2017-11-03,Kenyan soldiers kill 2 Al-Shabaab militants, pursue others""",Xinhua News Agency,2017-11-03,"Kenyan soldiers kill 2 Al-Shabaab militants, pursue others",Military,2,Witu village,"Witu area, Lamu County",Lamu county,Lamu West constituency,-2.389545,40.436929,POINT (40.436929 -2.389545),126441,Kenya,501,Africa,1,1,2017-11-02 00:00:00.000,2017-11-02 00:00:00.000,0,2,0,0,2,2,2,501,
247609,KEN-2017-1-10589-35,2017,1,Clear,1,13646,13646,Kenya: Northeastern Province and Coast,10589,10589,Government of Kenya - Al-Shabaab,91,91,Government of Kenya,717,717,Al-Shabaab,2,"""All Africa,2017-11-27,KDF Destroys Six Shabaab Camps in Lamu's Boni Forest
CR 	Shabelle Media Network"";""Xinhua News Agency,2017-11-27,Kenya's security forces destroy six Al-Shabaab camps""",All Africa;Xinhua News Agency,2017-11-27;2017-11-27,"KDF Destroys Six Shabaab Camps in Lamu's Boni Forest
CR 	Shabelle Media Network;Kenya's security forces destroy six Al-Shabaab camps",Boni Enclave Campaign director Joseph Kanyiri.,2,Boni forest (Lamu county),"Boni Forest, Lamu County",Lamu county,Lamu East constituency,-1.717327,41.334830,POINT (41.3348306 -1.7173278),127163,Kenya,501,Africa,1,2,2017-11-25 00:00:00.000,2017-11-27 00:00:00.000,0,2,0,0,2,2,2,501,
247620,KEN-2017-1-10589-36,2017,1,Clear,1,13646,13646,Kenya: Northeastern Province and Coast,10589,10589,Government of Kenya - Al-Shabaab,91,91,Government of Kenya,717,717,Al-Shabaab,1,"""BBC Monitoring Africa,2017-11-28,Two killed in suspected al-Shabab ambush in Kenya's Lamu""",BBC Monitoring Africa,2017-11-28,Two killed in suspected al-Shabab ambush in Kenya's Lamu,"police chief, Larry Kiyeng",2,Nyangoro village,in Nyongoro along the Garsen-Lamu main road,Lamu county,Lamu West constituency,-2.328170,40.329870,POINT (40.32987 -2.32817),126441,Kenya,501,Africa,1,1,2017-11-28 00:00:00.000,2017-11-28 00:00:00.000,2,0,0,0,2,2,2,501,
249874,KEN-2017-1-10589-37,2017,1,Clear,1,13646,13646,Kenya: Northeastern Province and Coast,10589,10589,Government of Kenya - Al-Shabaab,91,91,Government of Kenya,717,717,Al-Shabaab,3,"""All Africa,2017-12-08,Suspected Terrorist Shot Dead By Police in Mombasa
CR 	Capital FM"";""The Star (Kenya),2017-12-08,Terror suspect Ali Hamis Mzomo shot dead in Likoni"";""Xinhua News Agency,2017-12-08,Kenyan police kill wanted terror suspect in coastal city""",All Africa;The Star (Kenya);Xinhua News Agency,2017-12-08;2017-12-08;2017-12-08,"Suspected Terrorist Shot Dead By Police in Mombasa
CR 	Capital FM;Terror suspect Ali Hamis Mzomo shot dead in Likoni;Kenyan police kill wanted terror suspect in coastal city",police Chief Benjamin Rotich,1,Likoni town,Likoni,Mombasa county,Likoni Constitiency,-4.083936,39.661606,POINT (39.661606 -4.083936),123560,Kenya,501,Africa,1,1,2017-12-08 00:00:00.000,2017-12-08 00:00:00.000,0,0,0,1,1,1,1,501,
250179,KEN-2017-1-10589-39,2017,1,Clear,1,13646,13646,Kenya: Northeastern Province and Coast,10589,10589,Government of Kenya - Al-Shabaab,91,91,Government of Kenya,717,717,Al-Shabaab,1,"""Xinhua News Agency,2018-01-01,Five Al-Shabaab terrorists killed in Kenya's coast""",Xinhua News Agency,2018-01-01,Five Al-Shabaab terrorists killed in Kenya's coast,Kenya Defence Forces (KDF) spokesman David Obonyo,2,Boni forest (Garissa county),"Boni Forest, Garissa side",Garissa county,Ijara constituency,-1.538027,41.332526,POINT (41.332526 -1.538027),127163,Kenya,501,Africa,1,1,2017-12-31 00:00:00.000,2017-12-31 00:00:00.000,0,5,0,0,5,5,5,501,
250182,KEN-2018-1-10589-0,2018,1,Clear,1,13646,13646,Kenya: Northeastern Province and Coast,10589,10589,Government of Kenya - Al-Shabaab,91,91,Government of Kenya,717,717,Al-Shabaab,2,"""BBC Monitoring Africa,2018-01-03,Somalia's al-Shabab claims attack on Kenyan police officers"";""BBC Monitoring Africa,2018-01-03,Somalia's al-Shabab claims attack on Kenyan police officers""",BBC Monitoring Africa;BBC Monitoring Africa,2018-01-03;2018-01-03,Somalia's al-Shabab claims attack on Kenyan police officers;Somalia's al-Shabab claims attack on Kenyan police officers,"Government official, Al-Shabaab",2,Road between Al Wak and Kutolo locality,"Elwak-Kutolo road, Mandera",Mandera county,Mandera South constituency,2.618802,40.714759,POINT (40.714759 2.618802),133642,Kenya,501,Africa,1,1,2018-01-02 00:00:00.000,2018-01-02 00:00:00.000,5,0,0,0,5,6,5,501,
253705,KEN-2018-1-10589-1,2018,1,Clear,1,13646,13646,Kenya: Northeastern Province and Coast,10589,10589,Government of Kenya - Al-Shabaab,91,91,Government of Kenya,717,717,Al-Shabaab,2,"""Xinhua News Agency,2018-01-13,One killed in Al-Shabaab ambush in Kenya's Lamu"";""Agence France Presse,2018-01-13,Two dead in Kenya attack blamed on Shabaab militants""",Xinhua News Agency;Agence France Presse,2018-01-13;2018-01-13,One killed in Al-Shabaab ambush in Kenya's Lamu;Two dead in Kenya attack blamed on Shabaab militants,"Mwenda Njoka, the Ministry of Interior spokesman",2,Nyangoro village,in Nyongoro area between Gamba and Lango la Simba.,Lamu county,Lamu West constituency,-2.328170,40.329870,POINT (40.32987 -2.32817),126441,Kenya,501,Africa,1,1,2018-01-13 00:00:00.000,2018-01-13 00:00:00.000,1,0,1,0,2,2,2,501,
254829,KEN-2018-1-10589-8,2018,1,Clear,1,13646,13646,Kenya: Northeastern Province and Coast,10589,10589,Government of Kenya - Al-Shabaab,91,91,Government of Kenya,717,717,Al-Shabaab,1,"""BBC Monitoring Africa,2018-03-15,Al-Shabab claims killing Kenyan soldiers along Somali border""",BBC Monitoring Africa,2018-03-15,Al-Shabab claims killing Kenyan soldiers along Somali border,Universal TV,2,El Wak town,outskirts of El Waq town,Mandera county,Banissa constituency,2.811916,40.929660,POINT (40.92966 2.811916),133642,Kenya,501,Africa,1,1,2018-01-14 00:00:00.000,2018-01-14 00:00:00.000,2,0,0,0,2,4,2,501,
253765,KEN-2018-1-10589-2,2018,1,Clear,1,13646,13646,Kenya: Northeastern Province and Coast,10589,10589,Government of Kenya - Al-Shabaab,91,91,Government of Kenya,717,717,Al-Shabaab,1,"""Xinhua News Agency,2018-01-28,Blast kills two Kenyan soldiers, injure 3 others near border town""",Xinhua News Agency,2018-01-28,"Blast kills two Kenyan soldiers, injure 3 others near border town","Mohamed Saleh, the North Eastern Regional Coordinator",4,Garissa county,Garissa,Garissa county,,-0.500000,40.250000,POINT (40.25 -0.5),129321,Kenya,501,Africa,1,1,2018-01-27 00:00:00.000,2018-01-27 00:00:00.000,2,0,0,0,2,2,2,501,
253791,KEN-2018-1-10589-3,2018,1,Clear,1,13646,13646,Kenya: Northeastern Province and Coast,10589,10589,Government of Kenya - Al-Shabaab,91,91,Government of Kenya,717,717,Al-Shabaab,1,"""Xinhua News Agency,2018-02-11,3 Al-Shabaab militant bodies found in northeast Kenya after foiled attack""",Xinhua News Agency,2018-02-11,3 Al-Shabaab militant bodies found in northeast Kenya after foiled attack,Wajir County Police Commander Stephen Ngetich,2,Kutulo locality,Kutulo,Mandera county,Mandera South constituency,2.460268,40.591054,POINT (40.591054 2.460268),132922,Kenya,501,Africa,1,1,2018-02-08 00:00:00.000,2018-02-08 00:00:00.000,0,3,0,0,3,3,3,501,
253807,KEN-2018-1-10589-4,2018,1,Clear,1,13646,13646,Kenya: Northeastern Province and Coast,10589,10589,Government of Kenya - Al-Shabaab,91,91,Government of Kenya,717,717,Al-Shabaab,2,"""Xinhua News Agency,2018-02-14,Kenyan forces kill 3 Al-Shabaab terrorists"";""All Africa,2018-02-16,Kenya Defense Slays Al-Shabaab Bandits""",Xinhua News Agency;All Africa,2018-02-14;2018-02-16,Kenyan forces kill 3 Al-Shabaab terrorists;Kenya Defense Slays Al-Shabaab Bandits,Kenya Defence Forces (KDF) spokesman David Obony,2,Saria locality,"along Sarira-Kolbio route, Boni forest",Garissa county,Ijara constituency,-1.350000,41.283333,POINT (41.283333 -1.35),127883,Kenya,501,Africa,1,1,2018-02-14 00:00:00.000,2018-02-14 00:00:00.000,0,3,0,0,3,3,3,501,
253808,KEN-2018-1-10589-5,2018,1,Clear,1,13646,13646,Kenya: Northeastern Province and Coast,10589,10589,Government of Kenya - Al-Shabaab,91,91,Government of Kenya,717,717,Al-Shabaab,2,"""All Africa,2018-02-15,2 Soldiers Killed, 5 Injured in Exchange of Fire With Administration Police"";""Xinhua News Agency,2018-02-14,Two Kenyan soldiers killed in shootout with police""",All Africa;Xinhua News Agency,2018-02-15;2018-02-14,"2 Soldiers Killed, 5 Injured in Exchange of Fire With Administration Police;Two Kenyan soldiers killed in shootout with police",North Eastern Regional Commissioner Mohamud Saleh,3,Lafey constituency,"Sheikh Barrow , Mandera county",Mandera county,Lafey constituency,3.419915,41.041340,POINT (41.04134 3.419915),134363,Kenya,501,Africa,1,1,2018-02-14 00:00:00.000,2018-02-14 00:00:00.000,2,0,0,0,2,2,2,501,
253813,KEN-2018-1-10589-6,2018,1,Clear,1,13646,13646,Kenya: Northeastern Province and Coast,10589,10589,Government of Kenya - Al-Shabaab,91,91,Government of Kenya,717,717,Al-Shabaab,1,"""The Star (Kenya),2018-02-16,Police recover 36 grenades, 18 IEDs from suspected terrorists in Isiolo""",The Star (Kenya),2018-02-16,"Police recover 36 grenades, 18 IEDs from suspected terrorists in Isiolo",Isiolo DCI boss Raphael Barasa,1,Merti village,"Merti, Isiolo county",Isiolo county,Isiolo North constituency,1.067250,38.666200,POINT (38.6662 1.06725),131478,Kenya,501,Africa,1,1,2018-02-16 00:00:00.000,2018-02-16 00:00:00.000,0,1,0,0,1,1,1,501,
253865,KEN-2018-1-10589-7,2018,1,Clear,1,13646,13646,Kenya: Northeastern Province and Coast,10589,10589,Government of Kenya - Al-Shabaab,91,91,Government of Kenya,717,717,Al-Shabaab,2,"""Xinhua News Agency,2018-03-02,1st LD: 5 police officers killed by suspected Al-Shabaab militants in northeast Kenya"";""Xinhua News Agency,2018-03-02,Kenyan police launch manhunt for Al-Shabaab leader after camp attack""",Xinhua News Agency;Xinhua News Agency,2018-03-02;2018-03-02,1st LD: 5 police officers killed by suspected Al-Shabaab militants in northeast Kenya;Kenyan police launch manhunt for Al-Shabaab leader after camp attack,Northeastern Regional Commissioner Mohamud Saleh,1,Fino locality,"Lafey

///

Fino",Mandera county,Mandera East constituency,3.375578,41.418119,POINT (41.418119 3.375578),134363,Kenya,501,Africa,1,1,2018-03-02 00:00:00.000,2018-03-02 00:00:00.000,5,1,0,0,6,6,6,501,
258382,KEN-2018-1-10589-10,2018,1,Clear,1,13646,13646,Kenya: Northeastern Province and Coast,10589,10589,Government of Kenya - Al-Shabaab,91,91,Government of Kenya,717,717,Al-Shabaab,6,"""Reuters News,2018-06-06,Kenya says five police officers killed in explosive device attack"";""Agence France Presse,2018-06-06,Five Kenyan police killed in roadside bombing"";""BBC Monitoring Africa,2018-06-07,Al-Shabab claims killing 25 Kenyan paramilitary officers"";""The Star (Kenya),2018-06-07,Al Shabaab targeting Northeastern, Coast during Ramadhan - police"";""International Crisis Group,2018-07-01,Kenya June 2018"";""Africa Research Bulletin 55-6,2018-07-12,SOMALIAAl-Shabaab’ Getting Lucky, NotStronger’""",Reuters News;Agence France Presse;BBC Monitoring Africa;The Star (Kenya);International Crisis Group;Africa Research Bulletin 55-6,2018-06-06;2018-06-06;2018-06-07;2018-06-07;2018-07-01;2018-07-12,"Kenya says five police officers killed in explosive device attack;Five Kenyan police killed in roadside bombing;Al-Shabab claims killing 25 Kenyan paramilitary officers;Al Shabaab targeting Northeastern, Coast during Ramadhan - police;Kenya June 2018;SOMALIAAl-Shabaab’ Getting Lucky, NotStronger’",Government official,1,Liboi location,Liboi town,Garissa county,Dadaab constituency,0.398519,40.954815,POINT (40.954815 0.398519),130042,Kenya,501,Africa,1,1,2018-06-06 00:00:00.000,2018-06-06 00:00:00.000,5,0,0,0,5,25,0,501,
258510,KEN-2018-1-10589-11,2018,1,Clear,1,13646,13646,Kenya: Northeastern Province and Coast,10589,10589,Government of Kenya - Al-Shabaab,91,91,Government of Kenya,717,717,Al-Shabaab,5,"""Reuters News,2018-06-18,Kenya says five police officers killed in explosive device attack"";""The Star (Kenya),2018-06-19,Al Shabaab claims responsibility for deaths of Wajir police officers"";""Agence France Presse,2018-06-17,Eight Kenyan police killed in latest roadside bombing"";""BBC Monitoring Newsfile,2018-06-17,Al-Shabab claims killing 15 Kenyan police officers"";""BBC Monitoring Newsfile,2018-06-17,Al-Shabab claims killing 15 Kenyan police officers""",Reuters News;The Star (Kenya);Agence France Presse;BBC Monitoring Newsfile;BBC Monitoring Newsfile,2018-06-18;2018-06-19;2018-06-17;2018-06-17;2018-06-17,Kenya says five police officers killed in explosive device attack;Al Shabaab claims responsibility for deaths of Wajir police officers;Eight Kenyan police killed in latest roadside bombing;Al-Shabab claims killing 15 Kenyan police officers;Al-Shabab claims killing 15 Kenyan police officers,"government official, northeastern regional coordinator, Mohamud Ali Saleh, al Shabaab's military operations spokesman",1,Bojigaras village,"Bojigaras, in the east of Wajir county.",Wajir county,Tarbai constituency,2.660100,40.528300,POINT (40.5283 2.6601),133642,Kenya,501,Africa,1,1,2018-06-17 00:00:00.000,2018-06-17 00:00:00.000,8,0,0,0,8,15,8,501,
259982,KEN-2018-1-10589-12,2018,1,Clear,1,13646,13646,Kenya: Northeastern Province and Coast,10589,10589,Government of Kenya - Al-Shabaab,91,91,Government of Kenya,717,717,Al-Shabaab,2,"""BBC Monitoring Africa,2018-07-05,Al-Shabab claims death of seven Kenyan soldiers in blast"";""All Africa,2018-07-11,Suspected Shabaab Militants Raid Police Post, Officer Missing
CR 	Shabelle Media Network""",BBC Monitoring Africa;All Africa,2018-07-05;2018-07-11,"Al-Shabab claims death of seven Kenyan soldiers in blast;Suspected Shabaab Militants Raid Police Post, Officer Missing
CR 	Shabelle Media Network",Radio Andalus,5,Between Huluqo and Ijara,"between Huluqo and Ijara in Garissa County, eastern Kenya",Garissa county,Ijara constituency,-1.218536,40.765089,POINT (40.765089 -1.218536),127882,Kenya,501,Africa,1,2,2018-07-03 00:00:00.000,2018-07-05 00:00:00.000,0,0,0,0,0,7,0,501,
260012,KEN-2018-1-10589-14,2018,1,Clear,1,13646,13646,Kenya: Northeastern Province and Coast,10589,10589,Government of Kenya - Al-Shabaab,91,91,Government of Kenya,717,717,Al-Shabaab,2,"""BBC Monitoring Africa,2018-07-15,Programme Summary of Somalia's Radio Andalus 0500 gmt 12 Jul 18"";""All Africa,2018-07-17,Kenya Deploys Hundreds of Security Forces Along Its Border
CR 	Shabelle Media Network""",BBC Monitoring Africa;All Africa,2018-07-15;2018-07-17,"Programme Summary of Somalia's Radio Andalus 0500 gmt 12 Jul 18;Kenya Deploys Hundreds of Security Forces Along Its Border
CR 	Shabelle Media Network",Radio Andalus,4,Garissa county,Garissa County,Garissa county,,-0.500000,40.250000,POINT (40.25 -0.5),129321,Kenya,501,Africa,1,1,2018-07-12 00:00:00.000,2018-07-12 00:00:00.000,0,0,0,0,0,3,0,501,
260039,KEN-2018-1-10589-15,2018,1,Clear,1,13646,13646,Kenya: Northeastern Province and Coast,10589,10589,Government of Kenya - Al-Shabaab,91,91,Government of Kenya,717,717,Al-Shabaab,1,"""Crisis Watch,2018-08-01,July 2018 Kenya""",Crisis Watch,2018-08-01,July 2018 Kenya,Crisis Watch,2,Milhoi locality,Lamu-Mombasa road in Milihoi,Lamu county,Lamu West constituency,-2.216667,40.700000,POINT (40.7 -2.216667),126442,Kenya,501,Africa,1,1,2018-07-26 00:00:00.000,2018-07-26 00:00:00.000,1,0,0,0,1,1,1,501,
260161,KEN-2018-1-10589-16,2018,1,Clear,1,13646,13646,Kenya: Northeastern Province and Coast,10589,10589,Government of Kenya - Al-Shabaab,91,91,Government of Kenya,717,717,Al-Shabaab,1,"""BBC Monitoring Africa,2018-07-29,Programme Summary of Somalia's Radio Andalus 0500 gmt 28 Jul 18""",BBC Monitoring Africa,2018-07-29,Programme Summary of Somalia's Radio Andalus 0500 gmt 28 Jul 18,Radio Andalus,2,Lamu town,between Mpeketoni and Hindi areas outside Lamu town,Lamu county,Lamu West constituency,-2.269248,40.899148,POINT (40.899148 -2.269248),126442,Kenya,501,Africa,1,1,2018-07-26 00:00:00.000,2018-07-26 00:00:00.000,0,0,0,0,0,1,0,501,
261979,KEN-2018-1-10589-17,2018,1,Clear,1,13646,13646,Kenya: Northeastern Province and Coast,10589,10589,Government of Kenya - Al-Shabaab,91,91,Government of Kenya,717,717,Al-Shabaab,4,"""Reuters News,2018-08-08,Suspected al Shabaab militants kill five soldiers in Kenya's Lamu: county official"";""Agence France Presse,2018-08-08,Five Kenyan soldiers killed in roadside blast"";""All Africa,2018-08-16,Compromised Police to Blame for Al Shabaab Attacks, Says Mandera MP
CR 	Shabelle Media Network"";""Reuters News,2018-08-29,Five soldiers killed in northern Kenya: military""",Reuters News;Agence France Presse;All Africa;Reuters News,2018-08-08;2018-08-08;2018-08-16;2018-08-29,"Suspected al Shabaab militants kill five soldiers in Kenya's Lamu: county official;Five Kenyan soldiers killed in roadside blast;Compromised Police to Blame for Al Shabaab Attacks, Says Mandera MP
CR 	Shabelle Media Network;Five soldiers killed in northern Kenya: military",Kenya Defence Forces spokesman Lieutenant Colonel Paul Njuguna,2,Bodhei village,between the areas of Majengo and Bodhei,Lamu county,Lamu West constituency,-1.859910,40.716240,POINT (40.71624 -1.85991),127162,Kenya,501,Africa,1,1,2018-08-08 00:00:00.000,2018-08-08 00:00:00.000,5,0,0,0,5,11,5,501,
262181,KEN-2018-1-10589-18,2018,1,Clear,1,13646,13646,Kenya: Northeastern Province and Coast,10589,10589,Government of Kenya - Al-Shabaab,91,91,Government of Kenya,717,717,Al-Shabaab,3,"""All Africa,2018-08-20,Clan Militia Kill Three in Mandera
CR 	Dalsan Radio"";""BBC Monitoring Newsfile,2018-08-13,Roadside bomb kills three in Kenya-Somalia border region"";""Crisis Watch,2018-09-01,Kenya August 2018""",All Africa;BBC Monitoring Newsfile;Crisis Watch,2018-08-20;2018-08-13;2018-09-01,"Clan Militia Kill Three in Mandera
CR 	Dalsan Radio;Roadside bomb kills three in Kenya-Somalia border region;Kenya August 2018","Radio Dalsan, Crisis Group",2,Mandera town,northeastern Mandera town,Mandera county,Mandera East constituency,3.936631,41.867011,POINT (41.867011 3.936631),135084,Kenya,501,Africa,1,3,2018-08-13 00:00:00.000,2018-08-19 00:00:00.000,0,0,0,3,3,3,3,501,
262213,KEN-2018-1-10589-19,2018,1,Clear,1,13646,13646,Kenya: Northeastern Province and Coast,10589,10589,Government of Kenya - Al-Shabaab,91,91,Government of Kenya,717,717,Al-Shabaab,4,"""Reuters News,2018-08-29,Five soldiers killed in northern Kenya: military"";""The Star (Kenya),2018-08-29,Uhuru condoles families of five soldiers killed in Lamu"";""All Africa,2018-08-30,5 KDF Soldiers Killed in Lamu, 10 Injured in Explosion

AU 	
Joseph Muraya"";""BBC Monitoring Newsfile,2018-08-29,Al-Shabab claims deadly attack on Kenyan soldiers""",Reuters News;The Star (Kenya);All Africa;BBC Monitoring Newsfile,2018-08-29;2018-08-29;2018-08-30;2018-08-29,"Five soldiers killed in northern Kenya: military;Uhuru condoles families of five soldiers killed in Lamu;5 KDF Soldiers Killed in Lamu, 10 Injured in Explosion

AU 	
Joseph Muraya;Al-Shabab claims deadly attack on Kenyan soldiers",Kenyan military,2,Road between Kiunga and Sankuri,Kiunga and Sankuri Road in Lamu County,Lamu county,Lamu East constituency,-1.731713,41.423179,POINT (41.423179 -1.731713),127163,Kenya,501,Africa,1,1,2018-08-29 00:00:00.000,2018-08-29 00:00:00.000,5,0,0,0,5,20,5,501,
265445,KEN-2018-1-10589-20,2018,1,Clear,1,13646,13646,Kenya: Northeastern Province and Coast,10589,10589,Government of Kenya - Al-Shabaab,91,91,Government of Kenya,717,717,Al-Shabaab,3,"""BBC Monitoring Africa,2018-09-05,US and UK to unite in fighting al-Shabab militants"";""The Star (Kenya),2018-09-08,Lamu terror suspect arrested, bomb-making materials recovered"";""Al Jazeera,2018-08-29,Kenya: Roadside bomb kills five soldiers in Lamu county""",BBC Monitoring Africa;The Star (Kenya);Al Jazeera,2018-09-05;2018-09-08;2018-08-29,"US and UK to unite in fighting al-Shabab militants;Lamu terror suspect arrested, bomb-making materials recovered;Kenya: Roadside bomb kills five soldiers in Lamu county","Radio Simba, The Star, Military spokesperson",2,Road between Kiunga and Sankuri,"Kiunga-Sankuri Road, Kenya-Somalia border",Lamu county,Lamu East constituency,-1.731713,41.423179,POINT (41.423179 -1.731713),127163,Kenya,501,Africa,1,1,2018-08-29 00:00:00.000,2018-08-29 00:00:00.000,5,0,0,0,5,5,0,501,
265555,KEN-2018-1-10589-21,2018,1,Clear,1,13646,13646,Kenya: Northeastern Province and Coast,10589,10589,Government of Kenya - Al-Shabaab,91,91,Government of Kenya,717,717,Al-Shabaab,1,"""BBC Monitoring Africa,2018-09-13,Programme summary of Somalia's Radio Andalus 0500 gmt 12 Sep 18""",BBC Monitoring Africa,2018-09-13,Programme summary of Somalia's Radio Andalus 0500 gmt 12 Sep 18,Radio Andalus,2,Mandera town,outside Mandera town,Mandera county,Mandera East constituency,3.936631,41.867011,POINT (41.867011 3.936631),135084,Kenya,501,Africa,1,1,2018-09-11 00:00:00.000,2018-09-11 00:00:00.000,0,0,0,0,0,2,0,501,
266030,KEN-2018-1-10589-22,2018,1,Clear,1,13646,13646,Kenya: Northeastern Province and Coast,10589,10589,Government of Kenya - Al-Shabaab,91,91,Government of Kenya,717,717,Al-Shabaab,2,"""Reuters News,2018-09-24,Kenyan troops kill 10 al Shabaab fighters: army"";""BBC Monitoring Newsfile,2018-09-24,Kenyan army kills ten al-Shabab militants in coastal region""",Reuters News;BBC Monitoring Newsfile,2018-09-24;2018-09-24,Kenyan troops kill 10 al Shabaab fighters: army;Kenyan army kills ten al-Shabab militants in coastal region,"Kenya Defence Forces, Radio Andalus",2,Pandanguo village,Taksile area in Pandanguo,Lamu county,Lamu West constituency,-2.234716,40.477810,POINT (40.47781 -2.234716),126441,Kenya,501,Africa,1,1,2018-09-24 00:00:00.000,2018-09-24 00:00:00.000,0,10,0,0,10,20,10,501,
268823,KEN-2018-1-10589-24,2018,1,Clear,1,13646,13646,Kenya: Northeastern Province and Coast,10589,10589,Government of Kenya - Al-Shabaab,91,91,Government of Kenya,717,717,Al-Shabaab,1,"""BBC Monitoring Africa,2018-10-17,Al-Shabaab militants claim attack on Kenyan army convoy""",BBC Monitoring Africa,2018-10-17,Al-Shabaab militants claim attack on Kenyan army convoy,Radio Al-Furqaan,2,Arabia locality,"between the villages of Finow and Arabia, Mandera County",Mandera county,Mandera East constituency,3.557635,41.505665,POINT (41.505665 3.557635),135084,Kenya,501,Africa,1,1,2018-10-16 00:00:00.000,2018-10-16 00:00:00.000,0,0,0,0,0,2,0,501,
272012,KEN-2018-1-10589-25,2018,1,Clear,1,13646,13646,Kenya: Northeastern Province and Coast,10589,10589,Government of Kenya - Al-Shabaab,91,91,Government of Kenya,717,717,Al-Shabaab,1,"""The Star (Kenya),2018-11-19,Cops kill one al Shabaab militant, repulse attack on Ijara camp""",The Star (Kenya),2018-11-19,"Cops kill one al Shabaab militant, repulse attack on Ijara camp",Northeastern regional commissioner Mohamed Birik,1,Ijara village,"Ijara, Garissa county",Garissa county,Ijara constituency,-1.597836,40.513261,POINT (40.513261 -1.597836),127162,Kenya,501,Africa,1,1,2018-11-18 00:00:00.000,2018-11-18 00:00:00.000,0,1,0,0,1,1,1,501,
274165,KEN-2018-1-10589-26,2018,1,Clear,1,13646,13646,Kenya: Northeastern Province and Coast,10589,10589,Government of Kenya - Al-Shabaab,91,91,Government of Kenya,717,717,Al-Shabaab,1,"""BBC Monitoring Newsfile,2018-12-25,Somalia's al-Shabab claims attack killing Kenyan police""",BBC Monitoring Newsfile,2018-12-25,Somalia's al-Shabab claims attack killing Kenyan police,Somali Memo website,4,Mandera county,Mandera County,Mandera county,,3.366667,40.700000,POINT (40.7 3.366667),134362,Kenya,501,Africa,1,2,2018-12-23 00:00:00.000,2018-12-25 00:00:00.000,0,0,0,0,0,2,0,501,
277192,KEN-2019-1-10589-0,2019,1,Clear,1,13646,13646,Kenya: Northeastern Province and Coast,10589,10589,Government of Kenya - Al-Shabaab,91,91,Government of Kenya,717,717,Al-Shabaab,11,"""Agence France Presse,2019-01-16,Kenyan president says Nairobi attackers 'eliminated', 14 victims"";""All Africa,2019-01-16,Five Al-Shabaab Fighters, 15 Civilians Killed as Hotel Siege Ends in Nairobi After 19 Hours
CR 	Dalsan Radio"";""Agence France Presse,2019-01-16,Five gunmen attacked Nairobi hotel complex, all dead: police chief"";""Agence France Presse,2019-01-17,Sniffer dogs, bomb experts comb through Kenya attack site

AU 	
Fran Blandy"";""The Star (Kenya),2019-01-16,Riverside Drive attack: All 6 attackers killed - police source"";""The Star (Kenya),2019-01-17,2 Dusit killers were from Kiambu, Nyeri"";""All Africa,2019-01-18,Hotel Lost 4 Employees in Terror Attack, to Remain Closed

AU 	
Jeremiah Wakaya"";""The Star (Kenya),2019-01-26,Taveta: Thousands attend burial of GSU officer killed in Dusit terror attack"";""All Africa,2019-02-18,Bodies of Dusit Militants Flown to the U.S. By FBI
CR 	Shabelle Media Network"";""S/2019/884,2019-11-15,Report of the Secretary-General on Somalia"";""S/2019/884,2019-11-01,S/2019/858""",Agence France Presse;All Africa;Agence France Presse;Agence France Presse;The Star (Kenya);The Star (Kenya);All Africa;The Star (Kenya);All Africa;S/2019/884;S/2019/884,2019-01-16;2019-01-16;2019-01-16;2019-01-17;2019-01-16;2019-01-17;2019-01-18;2019-01-26;2019-02-18;2019-11-15;2019-11-01,"Kenyan president says Nairobi attackers 'eliminated', 14 victims;Five Al-Shabaab Fighters, 15 Civilians Killed as Hotel Siege Ends in Nairobi After 19 Hours
CR 	Dalsan Radio;Five gunmen attacked Nairobi hotel complex, all dead: police chief;Sniffer dogs, bomb experts comb through Kenya attack site

AU 	
Fran Blandy;Riverside Drive attack: All 6 attackers killed - police source;2 Dusit killers were from Kiambu, Nyeri;Hotel Lost 4 Employees in Terror Attack, to Remain Closed

AU 	
Jeremiah Wakaya;Taveta: Thousands attend burial of GSU officer killed in Dusit terror attack;Bodies of Dusit Militants Flown to the U.S. By FBI
CR 	Shabelle Media Network;Report of the Secretary-General on Somalia;S/2019/858",Kenyan President Uhuru Kenyatta,1,Nairobi city,,Nairobi city county,,-1.283333,36.816667,POINT (36.816667 -1.283333),127874,Kenya,501,Africa,1,2,2019-01-15 00:00:00.000,2019-01-16 00:00:00.000,1,4,0,0,5,6,4,501,
285526,KEN-2019-1-10589-1,2019,1,Clear,1,13646,13646,Kenya: Northeastern Province and Coast,10589,10589,Government of Kenya - Al-Shabaab,91,91,Government of Kenya,717,717,Al-Shabaab,4,"""BBC Monitoring Newsfile,2019-04-12,Suspected Somali Islamists abduct two Cuban doctors in Kenya"";""Agence France Presse,2019-04-12,Two Cuban doctors kidnapped by suspected Al-Shabaab militants: police sources"";""Reuters News,2019-04-12,Unidentified gunmen shoot dead police officer, abduct two Cuban doctors in Kenya"";""Agence France Presse,2019-04-12,Two Cuban doctors in Kenya kidnapped by suspected jihadists""",BBC Monitoring Newsfile;Agence France Presse;Reuters News;Agence France Presse,2019-04-12;2019-04-12;2019-04-12;2019-04-12,"Suspected Somali Islamists abduct two Cuban doctors in Kenya;Two Cuban doctors kidnapped by suspected Al-Shabaab militants: police sources;Unidentified gunmen shoot dead police officer, abduct two Cuban doctors in Kenya;Two Cuban doctors in Kenya kidnapped by suspected jihadists","The Star Newspaper, senior police officer",1,Mandera town,town of Mandera,Mandera county,Mandera East constituency,3.936631,41.867011,POINT (41.867011 3.936631),135084,Kenya,501,Africa,1,1,2019-04-12 00:00:00.000,2019-04-12 00:00:00.000,1,0,0,0,1,1,1,501,
286772,KEN-2019-1-10589-2,2019,1,Clear,1,13646,13646,Kenya: Northeastern Province and Coast,10589,10589,Government of Kenya - Al-Shabaab,91,91,Government of Kenya,717,717,Al-Shabaab,1,"""BBC Monitoring Africa,2019-05-13,Al-Shabab spokesman praises attacks in Somalia and Kenya""",BBC Monitoring Africa,2019-05-13,Al-Shabab spokesman praises attacks in Somalia and Kenya,Radio Al-Furqaan,2,Arabia locality,between Fino and Arabiya areas in Mandera district,Mandera county,Mandera East constituency,3.557635,41.505665,POINT (41.505665 3.557635),135084,Kenya,501,Africa,1,1,2019-05-10 00:00:00.000,2019-05-10 00:00:00.000,0,0,0,0,0,1,0,501,
286773,KEN-2019-1-10589-3,2019,1,Clear,1,13646,13646,Kenya: Northeastern Province and Coast,10589,10589,Government of Kenya - Al-Shabaab,91,91,Government of Kenya,717,717,Al-Shabaab,2,"""BBC Monitoring Africa,2019-05-13,Al-Shabab spokesman praises attacks in Somalia and Kenya"";""Mareeg media,2019-05-08,Kenyan Soldier Killed In Attack By Al Shabaab""",BBC Monitoring Africa;Mareeg media,2019-05-13;2019-05-08,Al-Shabab spokesman praises attacks in Somalia and Kenya;Kenyan Soldier Killed In Attack By Al Shabaab,Radio Al-Furqaan,1,Wajir town,Gumarey area of Wajir town,Wajir county,Wajir East constituency,1.747102,40.057315,POINT (40.057315 1.747102),132201,Kenya,501,Africa,1,2,2019-05-10 00:00:00.000,2019-05-11 00:00:00.000,0,0,0,0,0,1,0,501,
289994,KEN-2019-1-10589-4,2019,1,Clear,1,13646,13646,Kenya: Northeastern Province and Coast,10589,10589,Government of Kenya - Al-Shabaab,91,91,Government of Kenya,717,717,Al-Shabaab,3,"""Xinhua News Agency,2019-06-04,2 killed as Kenyan security forces clash with al-Shabab suspects"";""All Africa,2019-06-04,Al Shabaab's Kills Kenyan Police Officer in Dramatic Shootout
CR 	Dalsan Radio"";""S/2019/858,2019-11-01,S/2019/858""",Xinhua News Agency;All Africa;S/2019/858,2019-06-04;2019-06-04;2019-11-01,"2 killed as Kenyan security forces clash with al-Shabab suspects;Al Shabaab's Kills Kenyan Police Officer in Dramatic Shootout
CR 	Dalsan Radio;S/2019/858",North Eastern Regional Commissioner Mohamed Birik,1,Fino locality,"Dawaduba, Fino in Mandera County",Mandera county,Mandera East constituency,3.375578,41.418119,POINT (41.418119 3.375578),134363,Kenya,501,Africa,1,1,2019-06-03 00:00:00.000,2019-06-03 00:00:00.000,1,1,0,0,2,2,2,501,
317728,KEN-2019-1-10589-19,2019,1,Clear,1,13646,13646,Kenya: Northeastern Province and Coast,10589,10589,Government of Kenya - Al-Shabaab,91,91,Government of Kenya,717,717,Al-Shabaab,1,"""Mareeg media,2019-06-07,5 Kenyan Soldiers Killed In Ambush Attack – Al Shabaab""",Mareeg media,2019-06-07,5 Kenyan Soldiers Killed In Ambush Attack – Al Shabaab,"Kenyan North Eastern regional commissioner Mohamed Birik, Radio Andalus",1,Warankara area,Waranqara area of Mandera,Mandera county,Lafey constituency,3.323011,40.894576,POINT (40.894576 3.323011),134362,Kenya,501,Africa,1,2,2019-06-05 00:00:00.000,2019-06-07 00:00:00.000,1,0,0,0,1,5,1,501,
319518,KEN-2019-1-10589-20,2019,1,Clear,1,13646,13646,Kenya: Northeastern Province and Coast,10589,10589,Government of Kenya - Al-Shabaab,91,91,Government of Kenya,717,717,Al-Shabaab,1,"""S/2019/858,2019-11-01,S/2019/858""",S/2019/858,2019-11-01,S/2019/858,Panel of Experts,3,Ijara constituency,Gedilun Hulugho along Sangailu - Handaro road in Ijara Garissa county,Garissa county,Ijara constituency,-1.630630,40.726407,POINT (40.726407 -1.63063),127162,Kenya,501,Africa,1,1,2019-06-15 00:00:00.000,2019-06-15 00:00:00.000,1,0,0,0,1,1,1,501,
319519,KEN-2019-1-10589-21,2019,1,Clear,1,13646,13646,Kenya: Northeastern Province and Coast,10589,10589,Government of Kenya - Al-Shabaab,91,91,Government of Kenya,717,717,Al-Shabaab,1,"""S/2019/858,2019-11-01,S/2019/858""",S/2019/858,2019-11-01,S/2019/858,UN Panel of Experts,1,Kiunga village,Kiunga Lamu County,Lamu county,Lamu East constituency,-1.745440,41.490810,POINT (41.49081 -1.74544),127163,Kenya,501,Africa,1,1,2019-06-15 00:00:00.000,2019-06-15 00:00:00.000,0,3,0,0,3,3,3,501,
290021,KEN-2019-1-10589-5,2019,1,Clear,1,13646,13646,Kenya: Northeastern Province and Coast,10589,10589,Government of Kenya - Al-Shabaab,91,91,Government of Kenya,717,717,Al-Shabaab,9,"""Xinhua News Agency,2019-06-15,1st LD Writethru: 12 Kenyan police officers killed in attack in border town"";""Reuters News,2019-06-15,Al Shabaab kill 16 in Kenya and Somalia blasts"";""BBC Monitoring Africa,2019-06-17,Somali militants say holding Kenyan soldiers in captivity"";""Xinhua News Agency,2019-06-16,UN condemns bombing attacks in Somalia, Kenya after death of 21"";""All Africa,2019-06-18,Al-Shabaab Speaks About Its Latest Attacks in Somalia and Kenya
CR 	Shabelle Media Network"";""ICG,2019-07-01,Kenya  JUNE 2019"";""Africa Research Bulletin,2019-07-14,KENYA"";""S/2019/858,2019-11-01,S/2019/858"";""The Guardian,2019-10-13,Bomb kills Kenyan police near Somali border""",Xinhua News Agency;Reuters News;BBC Monitoring Africa;Xinhua News Agency;All Africa;ICG;Africa Research Bulletin;S/2019/858;The Guardian,2019-06-15;2019-06-15;2019-06-17;2019-06-16;2019-06-18;2019-07-01;2019-07-14;2019-11-01;2019-10-13,"1st LD Writethru: 12 Kenyan police officers killed in attack in border town;Al Shabaab kill 16 in Kenya and Somalia blasts;Somali militants say holding Kenyan soldiers in captivity;UN condemns bombing attacks in Somalia, Kenya after death of 21;Al-Shabaab Speaks About Its Latest Attacks in Somalia and Kenya
CR 	Shabelle Media Network;Kenya  JUNE 2019;KENYA;S/2019/858;Bomb kills Kenyan police near Somali border","police officer, Witnesses, local official, CrisisWatch",2,Konton village,between Riba and Konton villages in Wajir,Wajir county,Wajir East constituency,2.019300,40.907300,POINT (40.9073 2.0193),132922,Kenya,501,Africa,1,1,2019-06-15 00:00:00.000,2019-06-15 00:00:00.000,8,0,0,0,8,12,8,501,
290221,KEN-2019-1-10589-6,2019,1,Clear,1,13646,13646,Kenya: Northeastern Province and Coast,10589,10589,Government of Kenya - Al-Shabaab,91,91,Government of Kenya,717,717,Al-Shabaab,2,"""Reuters News,2019-06-22,Three al Shabaab fighters killed in Kenya after attack on police"";""All Africa,2019-06-24,Kenya Says Its Police Killed Three Militants in Garissa Shoot Out
CR 	Shabelle Media Network""",Reuters News;All Africa,2019-06-22;2019-06-24,"Three al Shabaab fighters killed in Kenya after attack on police;Kenya Says Its Police Killed Three Militants in Garissa Shoot Out
CR 	Shabelle Media Network",police,3,Fafi constituency,"Yumbis, Fafi sub-county, Garissa",Garissa county,Fafi constituency,-0.779871,40.409067,POINT (40.409067 -0.779871),128601,Kenya,501,Africa,1,1,2019-06-21 00:00:00.000,2019-06-21 00:00:00.000,0,3,0,0,3,3,3,501,
293120,KEN-2019-1-10589-7,2019,1,Clear,1,13646,13646,Kenya: Northeastern Province and Coast,10589,10589,Government of Kenya - Al-Shabaab,91,91,Government of Kenya,717,717,Al-Shabaab,3,"""Xinhua News Agency,2019-07-15,Kenyan police kill 3 al-Shabab suspects in coastal region

AU 	
Joy Nabukewa"";""The Star (Kenya),2019-07-22,Lamu village on lockdown as security pursue al Shabaab"";""ICG,2019-08-01,Kenya  JULY 2019""",Xinhua News Agency;The Star (Kenya);ICG,2019-07-15;2019-07-22;2019-08-01,"Kenyan police kill 3 al-Shabab suspects in coastal region

AU 	
Joy Nabukewa;Lamu village on lockdown as security pursue al Shabaab;Kenya  JULY 2019","David Lusava, Lamu East deputy commissioner, The Star, Crisis Watch",1,Kiunga village,"Kiunga, Lamu",Lamu county,Lamu East constituency,-1.745440,41.490810,POINT (41.49081 -1.74544),127163,Kenya,501,Africa,1,1,2019-07-15 00:00:00.000,2019-07-15 00:00:00.000,0,3,0,0,3,5,3,501,
293179,KEN-2019-1-10589-8.1,2019,1,Clear,1,13646,13646,Kenya: Northeastern Province and Coast,10589,10589,Government of Kenya - Al-Shabaab,91,91,Government of Kenya,717,717,Al-Shabaab,1,"""The Star (Kenya),2019-07-21,Lamu village on lockdown as security forces hunt for al Shabaab""",The Star (Kenya),2019-07-21,Lamu village on lockdown as security forces hunt for al Shabaab,Residents,2,Ishakani,a location between Ras Kamboni and Ishakani,Lamu county,Lamu East constituency,-1.688469,41.530707,POINT (41.530707 -1.688469),127164,Kenya,501,Africa,1,1,2019-07-20 00:00:00.000,2019-07-20 00:00:00.000,0,0,1,0,1,1,1,501,
299714,KEN-2019-1-10589-9,2019,1,Clear,1,13646,13646,Kenya: Northeastern Province and Coast,10589,10589,Government of Kenya - Al-Shabaab,91,91,Government of Kenya,717,717,Al-Shabaab,1,"""BBC Monitoring Africa,2019-08-13,Al-Shabab claims killing two Kenyan soldiers""",BBC Monitoring Africa,2019-08-13,Al-Shabab claims killing two Kenyan soldiers,Radio Al-Furqaan,4,Mandera county,Sinow village in Mandera [County],Mandera county,,3.366667,40.700000,POINT (40.7 3.366667),134362,Kenya,501,Africa,1,2,2019-08-11 00:00:00.000,2019-08-13 00:00:00.000,0,0,0,0,0,2,0,501,
299846,KEN-2019-1-10589-10,2019,1,Clear,1,13646,13646,Kenya: Northeastern Province and Coast,10589,10589,Government of Kenya - Al-Shabaab,91,91,Government of Kenya,717,717,Al-Shabaab,1,"""The Star (Kenya),2019-08-17,Leaders condemn killing of reservists in Mandera""",The Star (Kenya),2019-08-17,Leaders condemn killing of reservists in Mandera,The Star,1,Fino locality,Fino Lafey constituency,Mandera county,Mandera East constituency,3.375578,41.418119,POINT (41.418119 3.375578),134363,Kenya,501,Africa,1,1,2019-08-15 00:00:00.000,2019-08-15 00:00:00.000,2,0,0,0,2,2,2,501,
299931,KEN-2019-1-10589-11,2019,1,Clear,1,13646,13646,Kenya: Northeastern Province and Coast,10589,10589,Government of Kenya - Al-Shabaab,91,91,Government of Kenya,717,717,Al-Shabaab,2,"""Xinhua News Agency,2019-08-30,Kenyan police kill al-Shabab suspect in coastal region

AU 	
Joy Nabukewa"";""BBC Monitoring Newsfile,2019-08-30,Kenyan police gun down al-Shabab suspect""",Xinhua News Agency;BBC Monitoring Newsfile,2019-08-30;2019-08-30,"Kenyan police kill al-Shabab suspect in coastal region

AU 	
Joy Nabukewa;Kenyan police gun down al-Shabab suspect",Kwale County Police Commander Tom Odero,1,Ngombeni village,Ngombeni village,Kwale county,Matuga constituency,-4.130278,39.613889,POINT (39.613889 -4.130278),123560,Kenya,501,Africa,1,1,2019-08-30 00:00:00.000,2019-08-30 00:00:00.000,0,1,0,0,1,1,1,501,
307067,KEN-2019-1-10589-13,2019,1,Clear,1,13646,13646,Kenya: Northeastern Province and Coast,10589,10589,Government of Kenya - Al-Shabaab,91,91,Government of Kenya,717,717,Al-Shabaab,3,"""BBC Monitoring Africa,2019-09-12,Programme summary of Somalia's Radio Risala news 1600 gmt 11 Sep 19"";""ICG,2019-10-01,Kenya  SEPTEMBER 2019"";""Standard Digital,2019-09-13,Five killed in rocket attack in Mandera""",BBC Monitoring Africa;ICG;Standard Digital,2019-09-12;2019-10-01;2019-09-13,Programme summary of Somalia's Radio Risala news 1600 gmt 11 Sep 19;Kenya  SEPTEMBER 2019;Five killed in rocket attack in Mandera,"Radio Risala , CrisisWatch, StandardMedia",1,El Wak town,Elwak,Mandera county,Banissa constituency,2.811916,40.929660,POINT (40.92966 2.811916),133642,Kenya,501,Africa,1,1,2019-09-10 00:00:00.000,2019-09-10 00:00:00.000,5,0,0,0,5,9,5,501,
307552,KEN-2019-1-10589-15,2019,1,Clear,1,13646,13646,Kenya: Northeastern Province and Coast,10589,10589,Government of Kenya - Al-Shabaab,91,91,Government of Kenya,717,717,Al-Shabaab,3,"""BBC Monitoring Newsfile,2019-10-01,Kenya police kill 'six' al-Shabab suspects in south coast"";""All Africa,2019-10-01,3 Terror Suspects Gunned Down in Dawn Police Raid
CR 	Capital FM"";""Reuters News,2019-10-01,Kenya says it kills three militants planning attacks in Mombasa""",BBC Monitoring Newsfile;All Africa;Reuters News,2019-10-01;2019-10-01;2019-10-01,"Kenya police kill 'six' al-Shabab suspects in south coast;3 Terror Suspects Gunned Down in Dawn Police Raid
CR 	Capital FM;Kenya says it kills three militants planning attacks in Mombasa",The Star,1,Likoni town,"Likoni, Mombasa County",Mombasa county,Likoni Constitiency,-4.083936,39.661606,POINT (39.661606 -4.083936),123560,Kenya,501,Africa,1,1,2019-10-01 00:00:00.000,2019-10-01 00:00:00.000,0,3,0,0,3,6,3,501,
311952,KEN-2019-1-10589-17,2019,1,Clear,1,13646,13646,Kenya: Northeastern Province and Coast,10589,10589,Government of Kenya - Al-Shabaab,91,91,Government of Kenya,717,717,Al-Shabaab,4,"""Xinhua News Agency,2019-10-12,Roadside blast kills 10 security officers in Kenyan border"";""The Star (Kenya),2019-10-13,Uhuru mourns death of GSU officers in Garissa IED attack, warns terrorists"";""Reuters News,2019-10-12,At least 10 Kenyan police killed by bomb near Somali border - police"";""www.nation.co.ke,2019-10-13,President Kenyatta mourns 11 fallen GSU officers""",Xinhua News Agency;The Star (Kenya);Reuters News;www.nation.co.ke,2019-10-12;2019-10-13;2019-10-12;2019-10-13,"Roadside blast kills 10 security officers in Kenyan border;Uhuru mourns death of GSU officers in Garissa IED attack, warns terrorists;At least 10 Kenyan police killed by bomb near Somali border - police;President Kenyatta mourns 11 fallen GSU officers","Inspector-General of Police in Kenya, Hillary Mutyambai President Uhuru Kenyatta",5,Road between Liboi and Damajale,"Degoh road between Liboi and Damajale, Garissa county
Degow",Garissa county,Dadaab constituency,0.204076,40.575738,POINT (40.575738 0.204076),130042,Kenya,501,Africa,1,1,2019-10-12 00:00:00.000,2019-10-12 00:00:00.000,11,0,0,0,11,11,11,501,
322375,KEN-2019-1-10589-22,2019,1,Clear,1,13646,13646,Kenya: Northeastern Province and Coast,10589,10589,Government of Kenya - Al-Shabaab,91,91,Government of Kenya,717,717,Al-Shabaab,7,"""Xinhua News Agency,2019-12-06,10 killed as militants attack bus in NE Kenya"";""BBC Monitoring Africa,2019-12-06,Suspected militants kill 10 civilians in northeastern Kenya"";""Xinhua News Agency,2019-12-06,1st Ld: Al-Shabab kills 10 people in Kenyan border town"";""Reuters News,2019-12-06,UPDATE 2-At least eight killed in Kenya in suspected Islamist militant attack"";""The Star (Kenya),2019-12-10,Al Shabaab commander in Wajir bus attack was local head teacher"";""The Star (Kenya),2019-12-06,Al Shabaab attack Wajir bus, kill eight passengers"";""All Africa,2019-12-09,President Kenyatta Vows Sustained Anti-Terrorism Following Wajir Bus Attack""",Xinhua News Agency;BBC Monitoring Africa;Xinhua News Agency;Reuters News;The Star (Kenya);The Star (Kenya);All Africa,2019-12-06;2019-12-06;2019-12-06;2019-12-06;2019-12-10;2019-12-06;2019-12-09,"10 killed as militants attack bus in NE Kenya;Suspected militants kill 10 civilians in northeastern Kenya;1st Ld: Al-Shabab kills 10 people in Kenyan border town;UPDATE 2-At least eight killed in Kenya in suspected Islamist militant attack;Al Shabaab commander in Wajir bus attack was local head teacher;Al Shabaab attack Wajir bus, kill eight passengers;President Kenyatta Vows Sustained Anti-Terrorism Following Wajir Bus Attack","county commissioner Loyford Kibaara
Stephen Ngetich, Wajir county police commander
Northeastern regional commissioner Mohamed Birik",2,Wargadud village,"area called Kotulo between Wargadadud and Kutulo town in in Tarbaj subcounty Wajir county

20 Kms from Kotulo town in Tarbaj constituency, Wajir,

at Maadathe area some 5 kilometres from Kotulo in the northeastern part of the country",Wajir county,Tarbai constituency,2.310000,40.361600,POINT (40.3616 2.31),132921,Kenya,501,Africa,1,1,2019-12-06 00:00:00.000,2019-12-06 00:00:00.000,8,0,3,0,11,11,11,501,
322521,KEN-2019-1-10589-23,2019,1,Clear,1,13646,13646,Kenya: Northeastern Province and Coast,10589,10589,Government of Kenya - Al-Shabaab,91,91,Government of Kenya,717,717,Al-Shabaab,1,"""BBC Monitoring Newsfile,2019-12-18,Somali militants claim attack in eastern Kenya""",BBC Monitoring Newsfile,2019-12-18,Somali militants claim attack in eastern Kenya,pro-al-Shabab Somali Memo website,2,Harbul area,"Harbul village, about 53km away from Garissa town outside the eastern Kenyan town of Garissa town

 lonely stretch of road in Harbul area as it traveled between Nairobi and Garissa",Tana River county,Bura constituency,-0.650000,39.250000,POINT (39.25 -0.65),128599,Kenya,501,Africa,1,1,2019-12-18 00:00:00.000,2019-12-18 00:00:00.000,0,0,0,0,0,9,0,501,
325700,KEN-2019-1-10589-24,2019,1,Clear,1,13646,13646,Kenya: Northeastern Province and Coast,10589,10589,Government of Kenya - Al-Shabaab,91,91,Government of Kenya,717,717,Al-Shabaab,1,"""BBC Monitoring Africa,2020-01-01,Programme Summary of Somalia's Radio Andalus 1100 gmt 30 December""",BBC Monitoring Africa,2020-01-01,Programme Summary of Somalia's Radio Andalus 1100 gmt 30 December,Somali Al-Shabab group's Radio Andalus,4,Mandera county,Mandera County in the northeast,Mandera county,,3.366667,40.700000,POINT (40.7 3.366667),134362,Kenya,501,Africa,1,1,2019-12-29 00:00:00.000,2019-12-29 00:00:00.000,0,0,0,0,0,2,0,501,
322827,KEN-2020-1-10589-0,2020,1,Clear,1,13646,13646,Kenya: Northeastern Province and Coast,10589,10589,Government of Kenya - Al-Shabaab,91,91,Government of Kenya,717,717,Al-Shabaab,1,"""All Africa,2020-01-03,Kenyan Soldiers Kill 4 Al-Shabaab Terrorists After Bus Attack
CR 	Dalsan Radio""",All Africa,2020-01-03,"Kenyan Soldiers Kill 4 Al-Shabaab Terrorists After Bus Attack
CR 	Dalsan Radio",Lamu County Commissioner Irungu Macharia confirmed.,2,Nyangoro village,Nyongoro,Lamu county,Lamu West constituency,-2.328170,40.329870,POINT (40.32987 -2.32817),126441,Kenya,501,Africa,1,1,2020-01-02 00:00:00.000,2020-01-02 00:00:00.000,0,4,0,0,4,4,4,501,
322837,KEN-2020-1-10589-2,2020,1,Clear,1,13646,13646,Kenya: Northeastern Province and Coast,10589,10589,Government of Kenya - Al-Shabaab,91,91,Government of Kenya,717,717,Al-Shabaab,1,"""Xinhua News Agency,2020-01-05,Roundup:Kenyan army vows to sustain fight against al-Shabab after attack""",Xinhua News Agency,2020-01-05,Roundup:Kenyan army vows to sustain fight against al-Shabab after attack,Sources,2,Boni forest (Lamu county),13 km deep inside the Boni Forest,Lamu county,Lamu East constituency,-1.717327,41.334830,POINT (41.33483 -1.717327),127163,Kenya,501,Africa,1,1,2020-01-05 00:00:00.000,2020-01-05 00:00:00.000,0,1,0,0,1,1,1,501,
322833,KEN-2020-1-10589-1,2020,1,Clear,1,13646,13646,Kenya: Northeastern Province and Coast,10589,10589,Government of Kenya - Al-Shabaab,91,91,Government of Kenya,717,717,Al-Shabaab,9,"""BBC Monitoring Newsfile,2020-01-05,Kenyan army repels attack on base southeast of country"";""Xinhua News Agency,2020-01-05,1st LD: Al-Shabab attacks U.S. military base in Kenyan coastal county"";""Xinhua News Agency,2020-01-05,Roundup:Kenyan army vows to sustain fight against al-Shabab after attack"";""Agence France Presse,2020-01-05,Somali jihadists attack military base in Kenya"";""BBC Monitoring Newsfile,2020-01-05,Al-Shabab claims 17 US 'casualties' in Kenya attack"";""Agence France Presse,2020-01-05,US military says three killed in Kenya jihadist attack"";""The Star (Kenya),2020-01-06,US Senator hints at Kenyans' death in Lamu attack"";""BBC Monitoring Newsfile,2020-01-08,Al-Shabab says Kenya attack carried out with 'guidance' from al-Qaeda"";""BBC Monitoring Africa,2020-01-08,Programme summary of Somaliland's Horn Cable TV news 1900 gmt 6 Jan 20""",BBC Monitoring Newsfile;Xinhua News Agency;Xinhua News Agency;Agence France Presse;BBC Monitoring Newsfile;Agence France Presse;The Star (Kenya);BBC Monitoring Newsfile;BBC Monitoring Africa,2020-01-05;2020-01-05;2020-01-05;2020-01-05;2020-01-05;2020-01-05;2020-01-06;2020-01-08;2020-01-08,Kenyan army repels attack on base southeast of country;1st LD: Al-Shabab attacks U.S. military base in Kenyan coastal county;Roundup:Kenyan army vows to sustain fight against al-Shabab after attack;Somali jihadists attack military base in Kenya;Al-Shabab claims 17 US 'casualties' in Kenya attack;US military says three killed in Kenya jihadist attack;US Senator hints at Kenyans' death in Lamu attack;Al-Shabab says Kenya attack carried out with 'guidance' from al-Qaeda;Programme summary of Somaliland's Horn Cable TV news 1900 gmt 6 Jan 20,"Kenya army 
al-Shabaab
 General Stephen Townsend, the head of US Africa Command (Africom)",1,Manda Bay military Airstrip,"Manda Airstrip, Lamu County, southeast of the country

Camp Simba in Manda Bay near the picturesque tourist drawcard of Lamu Island",Lamu county,Lamu West constituency,-2.155700,40.898800,POINT (40.8988 -2.1557),126442,Kenya,501,Africa,1,1,2020-01-05 00:00:00.000,2020-01-05 00:00:00.000,3,5,0,0,8,31,8,501,
326601,KEN-2020-1-10589-3,2020,1,Clear,1,13646,13646,Kenya: Northeastern Province and Coast,10589,10589,Government of Kenya - Al-Shabaab,91,91,Government of Kenya,717,717,Al-Shabaab,6,"""Africa Research Bulletin,2020-02-14,KENYA: Militants Step Up Activity"";""Reuters News,2020-01-07,Four Kenyan civilians killed in al Shabaab attack on telecom mast"";""Xinhua News Agency,2020-01-07,Four children killed in al-Shabab attack near Kenyan border"";""BBC Monitoring Newsfile,2020-01-07,Al-Shabab claims attack in northeast Kenya"";""The Star (Kenya),2020-01-08,Terror attack kills 3 brothers and fellow pupil"";""The Star (Kenya),2020-01-07,Six killed in al Shabaab midnight raid on police camp near Dadaab""",Africa Research Bulletin;Reuters News;Xinhua News Agency;BBC Monitoring Newsfile;The Star (Kenya);The Star (Kenya),2020-02-14;2020-01-07;2020-01-07;2020-01-07;2020-01-08;2020-01-07,KENYA: Militants Step Up Activity;Four Kenyan civilians killed in al Shabaab attack on telecom mast;Four children killed in al-Shabab attack near Kenyan border;Al-Shabab claims attack in northeast Kenya;Terror attack kills 3 brothers and fellow pupil;Six killed in al Shabaab midnight raid on police camp near Dadaab,"police said in an internal report.
al-Sabaab claim",1,Sardho village,"Saretho, 25 kilometres (15 miles) from the Dadaab Refugee Camp
 Safaricom",Garissa county,Dadaab constituency,-0.025375,40.135564,POINT (40.135564 -0.025375),129321,Kenya,501,Africa,1,1,2020-01-07 00:00:00.000,2020-01-07 00:00:00.000,0,2,4,0,6,8,6,501,
333737,KEN-2020-1-10589-6,2020,1,Clear,1,13646,13646,Kenya: Northeastern Province and Coast,10589,10589,Government of Kenya - Al-Shabaab,91,91,Government of Kenya,717,717,Al-Shabaab,1,"""The Star (Kenya),2020-02-13,Al Shabaab target police reservists in change of tack""",The Star (Kenya),2020-02-13,Al Shabaab target police reservists in change of tack,,2,Hulugho locality,Sangole village in Holugho subcounty,Garissa county,Ijara constituency,-0.896324,40.967814,POINT (40.967814 -0.896324),128602,Kenya,501,Africa,1,4,2020-02-05 00:00:00.000,2020-02-13 00:00:00.000,0,0,1,0,1,1,1,501,
333738,KEN-2020-1-10589-7,2020,1,Clear,1,13646,13646,Kenya: Northeastern Province and Coast,10589,10589,Government of Kenya - Al-Shabaab,91,91,Government of Kenya,717,717,Al-Shabaab,2,"""The Star (Kenya),2020-02-13,Al Shabaab target police reservists in change of tack"";""Africa Research Bulletin,2020-03-18,KENYA: Teachers Flee Increased Attacks""",The Star (Kenya);Africa Research Bulletin,2020-02-13;2020-03-18,Al Shabaab target police reservists in change of tack;KENYA: Teachers Flee Increased Attacks,,3,Fafi constituency,"Bula Golol, Fafi subcounty",Garissa county,Fafi constituency,-0.779871,40.409067,POINT (40.409067 -0.779871),128601,Kenya,501,Africa,1,2,2020-02-11 00:00:00.000,2020-02-13 00:00:00.000,1,0,0,0,1,1,1,501,
336180,KEN-2020-1-10589-8,2020,1,Clear,1,13646,13646,Kenya: Northeastern Province and Coast,10589,10589,Government of Kenya - Al-Shabaab,91,91,Government of Kenya,717,717,Al-Shabaab,1,"""Xinhua News Agency,2020-03-07,Two suspected al-Shabab militants killed in northeast Kenya""",Xinhua News Agency,2020-03-07,Two suspected al-Shabab militants killed in northeast Kenya,police,4,Garissa county,Garissa county,Garissa county,,-0.500000,40.250000,POINT (40.25 -0.5),129321,Kenya,501,Africa,1,2,2020-03-06 00:00:00.000,2020-03-07 00:00:00.000,0,2,0,0,2,2,2,501,
336201,KEN-2020-1-10589-9,2020,1,Clear,1,13646,13646,Kenya: Northeastern Province and Coast,10589,10589,Government of Kenya - Al-Shabaab,91,91,Government of Kenya,717,717,Al-Shabaab,1,"""Xinhua News Agency,2020-03-12,Two killed by suspected al-Shabab militants in Kenyan border town""",Xinhua News Agency,2020-03-12,Two killed by suspected al-Shabab militants in Kenyan border town,police and local officials,1,Mandera town,Mandera,Mandera county,Mandera East constituency,3.936631,41.867011,POINT (41.867011 3.936631),135084,Kenya,501,Africa,1,2,2020-03-11 00:00:00.000,2020-03-12 00:00:00.000,0,0,2,0,2,2,2,501,
380839,KEN-2020-1-10589-39,2020,1,Clear,1,13646,13646,Kenya: Northeastern Province and Coast,10589,10589,Government of Kenya - Al-Shabaab,91,91,Government of Kenya,717,717,Al-Shabaab,1,"""Africa Research Bulletin,2020-04-30,KENYA: Police Brutality""",Africa Research Bulletin,2020-04-30,KENYA: Police Brutality,Africa Research Bulletin,2,Jilole locality,Jirole,Garissa county,Ijara constituency,-1.953970,40.193360,POINT (40.19336 -1.95397),127161,Kenya,501,Africa,1,1,2020-03-13 00:00:00.000,2020-03-13 00:00:00.000,0,6,0,0,6,6,6,501,
380841,KEN-2020-1-10589-40.1,2020,1,Clear,1,13646,13646,Kenya: Northeastern Province and Coast,10589,10589,Government of Kenya - Al-Shabaab,91,91,Government of Kenya,717,717,Al-Shabaab,1,"""Africa Research Bulletin,2020-04-30,KENYA: Police Brutality""",Africa Research Bulletin,2020-04-30,KENYA: Police Brutality,Africa Research Bulletin,1,Hagadera refugee camp,Hagadera,Garissa county,Fafi constituency,0.009522,40.375614,POINT (40.375614 0.009522),130041,Kenya,501,Africa,1,1,2020-03-14 00:00:00.000,2020-03-14 00:00:00.000,2,0,0,0,2,2,2,501,
380843,KEN-2020-1-10589-40.2,2020,1,Clear,1,13646,13646,Kenya: Northeastern Province and Coast,10589,10589,Government of Kenya - Al-Shabaab,91,91,Government of Kenya,717,717,Al-Shabaab,1,"""Africa Research Bulletin,2020-04-30,KENYA: Police Brutality""",Africa Research Bulletin,2020-04-30,KENYA: Police Brutality,Africa Research Bulletin,2,Alinjugur locality,Alinjugur,Garissa county,Fafi constituency,-0.032385,40.459180,POINT (40.45918 -0.032385),129321,Kenya,501,Africa,1,1,2020-03-14 00:00:00.000,2020-03-14 00:00:00.000,1,0,0,0,1,1,1,501,
336284,KEN-2020-1-10589-10,2020,1,Clear,1,13646,13646,Kenya: Northeastern Province and Coast,10589,10589,Government of Kenya - Al-Shabaab,91,91,Government of Kenya,717,717,Al-Shabaab,1,"""BBC Monitoring Africa,2020-03-16,BBCM Africa Watchlist for 16 March""",BBC Monitoring Africa,2020-03-16,BBCM Africa Watchlist for 16 March,,2,Hulugho locality,Holugho Sub-county,Garissa county,Ijara constituency,-0.896324,40.967814,POINT (40.967814 -0.896324),128602,Kenya,501,Africa,1,2,2020-03-15 00:00:00.000,2020-03-16 00:00:00.000,2,0,0,0,2,2,2,501,
336291,KEN-2020-1-10589-11,2020,1,Clear,1,13646,13646,Kenya: Northeastern Province and Coast,10589,10589,Government of Kenya - Al-Shabaab,91,91,Government of Kenya,717,717,Al-Shabaab,4,"""The Star (Kenya),2020-03-19,KDF troops kill 12 al Shabaab militants in Boni Forest"";""Xinhua News Agency,2020-03-20,Kenyan troops kill 12 al-Shabab militants in coast region"";""Africa Research Bulletin,2020-04-30,KENYA: Police Brutality"";""Strategic Intelligence,2020-03-20,Kenya Defense Forces (KDF) Kill 12 Al-Shabaab Militants in Boni Forest Raid""",The Star (Kenya);Xinhua News Agency;Africa Research Bulletin;Strategic Intelligence,2020-03-19;2020-03-20;2020-04-30;2020-03-20,KDF troops kill 12 al Shabaab militants in Boni Forest;Kenyan troops kill 12 al-Shabab militants in coast region;KENYA: Police Brutality;Kenya Defense Forces (KDF) Kill 12 Al-Shabaab Militants in Boni Forest Raid,an official,2,Nginda area,"camp at Nginda area, a location between Korisa and Bargoni in Lamu county",Lamu county,Lamu West constituency,-2.078370,40.719050,POINT (40.71905 -2.07837),126442,Kenya,501,Africa,1,2,2020-03-18 00:00:00.000,2020-03-19 00:00:00.000,0,12,0,0,12,12,12,501,
339282,KEN-2020-1-10589-12,2020,1,Clear,1,13646,13646,Kenya: Northeastern Province and Coast,10589,10589,Government of Kenya - Al-Shabaab,91,91,Government of Kenya,717,717,Al-Shabaab,3,"""Xinhua News Agency,2020-04-13,4 al-Shabab militants killed in Kenyan border region"";""Mareeg,2020-04-13,Four Shabaab Killed, Police Reservists Hurt In Wajir Gunfight"";""Africa Research Bulletin,2020-05-29,KENYA: Outrage over Police Brutality""",Xinhua News Agency;Mareeg;Africa Research Bulletin,2020-04-13;2020-04-13;2020-05-29,"4 al-Shabab militants killed in Kenyan border region;Four Shabaab Killed, Police Reservists Hurt In Wajir Gunfight;KENYA: Outrage over Police Brutality",police official,1,Khorof Harar village,Qarsa area,Wajir county,Wajir East constituency,2.203080,40.752710,POINT (40.75271 2.20308),132922,Kenya,501,Africa,1,1,2020-04-13 00:00:00.000,2020-04-13 00:00:00.000,0,4,0,0,4,4,4,501,
339284,KEN-2020-1-10589-13,2020,1,Clear,1,13646,13646,Kenya: Northeastern Province and Coast,10589,10589,Government of Kenya - Al-Shabaab,91,91,Government of Kenya,717,717,Al-Shabaab,1,"""The Star (Kenya),2020-04-14,Wajir leaders condemn killing of 6 KPRs by Shabaab""",The Star (Kenya),2020-04-14,Wajir leaders condemn killing of 6 KPRs by Shabaab,Leaders in Wajir,1,Khorof Harar village,Khrof Arar,Wajir county,Wajir East constituency,2.203080,40.752710,POINT (40.75271 2.20308),132922,Kenya,501,Africa,1,2,2020-04-13 00:00:00.000,2020-04-14 00:00:00.000,6,0,0,0,6,6,6,501,
339286,KEN-2020-1-10589-14,2020,1,Clear,1,13646,13646,Kenya: Northeastern Province and Coast,10589,10589,Government of Kenya - Al-Shabaab,91,91,Government of Kenya,717,717,Al-Shabaab,1,"""BBC Monitoring Africa,2020-04-15,Al-Shabab 'kills' six police officers in northeastern Kenya""",BBC Monitoring Africa,2020-04-15,Al-Shabab 'kills' six police officers in northeastern Kenya,al-Shabaab,2,Wajir town,outskirts of Wajir town,Wajir county,Wajir East constituency,1.747102,40.057315,POINT (40.057315 1.747102),132201,Kenya,501,Africa,1,1,2020-04-15 00:00:00.000,2020-04-15 00:00:00.000,0,0,0,0,0,6,0,501,
339336,KEN-2020-1-10589-15,2020,1,Clear,1,13646,13646,Kenya: Northeastern Province and Coast,10589,10589,Government of Kenya - Al-Shabaab,91,91,Government of Kenya,717,717,Al-Shabaab,1,"""BBC Monitoring Africa,2020-04-25,Al-Shabab militants kill two in northeast Kenya attacks""",BBC Monitoring Africa,2020-04-25,Al-Shabab militants kill two in northeast Kenya attacks,pro-al-Shabab news website Somali Memo,5,Mandera-Somalia border,near the Somali border,Mandera county,,3.107394,41.283172,POINT (41.283172 3.107394),134363,Kenya,501,Africa,1,2,2020-04-24 00:00:00.000,2020-04-25 00:00:00.000,0,0,0,0,0,2,0,501,
339340,KEN-2020-1-10589-16,2020,1,Clear,1,13646,13646,Kenya: Northeastern Province and Coast,10589,10589,Government of Kenya - Al-Shabaab,91,91,Government of Kenya,717,717,Al-Shabaab,2,"""Xinhua News Agency,2020-04-25,Kenyan police kill terror suspect in coastal region"";""ICG,2020-05-01,Kenya April 2020""",Xinhua News Agency;ICG,2020-04-25;2020-05-01,Kenyan police kill terror suspect in coastal region;Kenya April 2020,police; CrisisWatch,1,Mombasa town,Mombasa,Mombasa county,,-4.050000,39.666667,POINT (39.666667 -4.05),123560,Kenya,501,Africa,1,2,2020-04-24 00:00:00.000,2020-04-25 00:00:00.000,0,1,0,0,1,1,1,501,
339525,KEN-2020-1-10589-18,2020,1,Clear,1,13646,13646,Kenya: Northeastern Province and Coast,10589,10589,Government of Kenya - Al-Shabaab,91,91,Government of Kenya,717,717,Al-Shabaab,1,"""ICG,2020-05-01,Kenya April 2020""",ICG,2020-05-01,Kenya April 2020,CrisisWatch,4,Kilifi county,Kilifi,Kilifi county,,-3.166667,39.700000,POINT (39.7 -3.166667),125000,Kenya,501,Africa,1,2,2020-04-24 00:00:00.000,2020-04-25 00:00:00.000,0,1,0,0,1,1,1,501,
339341,KEN-2020-1-10589-17,2020,1,Clear,1,13646,13646,Kenya: Northeastern Province and Coast,10589,10589,Government of Kenya - Al-Shabaab,91,91,Government of Kenya,717,717,Al-Shabaab,1,"""Xinhua News Agency,2020-04-26,Kenyan police gun down terror suspect in coastal region""",Xinhua News Agency,2020-04-26,Kenyan police gun down terror suspect in coastal region,police,1,Diani location,town of Diani,Kwale county,Msambweni constituency,-4.299547,39.567647,POINT (39.567647 -4.299547),123560,Kenya,501,Africa,1,1,2020-04-26 00:00:00.000,2020-04-26 00:00:00.000,0,1,0,0,1,1,1,501,
343470,KEN-2020-1-10589-22,2020,1,Clear,1,13646,13646,Kenya: Northeastern Province and Coast,10589,10589,Government of Kenya - Al-Shabaab,91,91,Government of Kenya,717,717,Al-Shabaab,1,"""Crisis Watch,2020-06-01,Kenya  MAY 2020""",Crisis Watch,2020-06-01,Kenya  MAY 2020,CrisisWatch,1,Khorof Harar village,Khrof Arar police camp,Wajir county,Wajir East constituency,2.203080,40.752710,POINT (40.75271 2.20308),132922,Kenya,501,Africa,1,1,2020-05-16 00:00:00.000,2020-05-16 00:00:00.000,0,3,0,0,3,3,3,501,
342772,KEN-2020-1-10589-19,2020,1,Clear,1,13646,13646,Kenya: Northeastern Province and Coast,10589,10589,Government of Kenya - Al-Shabaab,91,91,Government of Kenya,717,717,Al-Shabaab,1,"""BBC Monitoring Africa,2020-05-19,Somali militants' attack 'destroys' Kenyan police vehicle""",BBC Monitoring Africa,2020-05-19,Somali militants' attack 'destroys' Kenyan police vehicle,Radio Andalus,2,Garissa town,an area outside Garissa,Garissa county,Garissa township constituency,-0.453548,39.640108,POINT (39.640108 -0.453548),129320,Kenya,501,Africa,1,1,2020-05-19 00:00:00.000,2020-05-19 00:00:00.000,0,0,0,0,0,1,0,501,
342981,KEN-2020-1-10589-21,2020,1,Clear,1,13646,13646,Kenya: Northeastern Province and Coast,10589,10589,Government of Kenya - Al-Shabaab,91,91,Government of Kenya,717,717,Al-Shabaab,2,"""The Star (Kenya),2020-05-30,Kwale cops kill al Shabaab suspect during shootout"";""All Africa,2020-06-01,Police Kill Terror Suspect and His 2 Children During Night Raid in Kwale""",The Star (Kenya);All Africa,2020-05-30;2020-06-01,Kwale cops kill al Shabaab suspect during shootout;Police Kill Terror Suspect and His 2 Children During Night Raid in Kwale,County police commander,2,Ukunda village,Kibundani in Ukunda,Kwale county,Msambweni constituency,-4.292900,39.564040,POINT (39.56404 -4.2929),123560,Kenya,501,Africa,1,2,2020-05-29 00:00:00.000,2020-05-30 00:00:00.000,0,1,2,0,3,3,3,501,
345932,KEN-2020-1-10589-24,2020,1,Clear,1,13646,13646,Kenya: Northeastern Province and Coast,10589,10589,Government of Kenya - Al-Shabaab,91,91,Government of Kenya,717,717,Al-Shabaab,2,"""BBC Monitoring Africa,2020-06-14,Militants reportedly kill three soldiers in Kenya's northeast"";""BBC Monitoring Africa,2020-06-15,Militants kill police in north-east Kenya attack""",BBC Monitoring Africa;BBC Monitoring Africa,2020-06-14;2020-06-15,Militants reportedly kill three soldiers in Kenya's northeast;Militants kill police in north-east Kenya attack,al-Shabaab,1,Lafey town,Lafey town,Mandera county,Lafey constituency,3.151060,41.185770,POINT (41.18577 3.15106),134363,Kenya,501,Africa,1,2,2020-06-13 00:00:00.000,2020-06-14 00:00:00.000,0,0,0,0,0,3,0,501,
345937,KEN-2020-1-10589-25,2020,1,Clear,1,13646,13646,Kenya: Northeastern Province and Coast,10589,10589,Government of Kenya - Al-Shabaab,91,91,Government of Kenya,717,717,Al-Shabaab,8,"""Reuters News,2020-06-14,Police officer, two militants killed in Kenya, says security official"";""Xinhua News Agency,2020-06-14,Al-Shabab militant kills Kenyan police reservist in northeast region"";""The Star (Kenya),2020-06-14,Police reservist, two al shabaab militants killed in lafey, Mandera"";""All Africa,2020-06-15,2 Al Shabaab Terrorists and a Police Reservist Killed in Mandera Attack"";""The Star (Kenya),2020-06-16,MP Mude calls for arrest of rapists"";""Crisis Watch,2020-07-01,Kenya  JUNE 2020"";""Africa Research Bulletin,2020-07-20,KENYA: Police Brutality Protests"";""Strategic Intelligence,2020-06-14,Police Reservist and Two Al-Shabaab Terrorists Killed at Warankara in Lafey, Mandera""",Reuters News;Xinhua News Agency;The Star (Kenya);All Africa;The Star (Kenya);Crisis Watch;Africa Research Bulletin;Strategic Intelligence,2020-06-14;2020-06-14;2020-06-14;2020-06-15;2020-06-16;2020-07-01;2020-07-20;2020-06-14,"Police officer, two militants killed in Kenya, says security official;Al-Shabab militant kills Kenyan police reservist in northeast region;Police reservist, two al shabaab militants killed in lafey, Mandera;2 Al Shabaab Terrorists and a Police Reservist Killed in Mandera Attack;MP Mude calls for arrest of rapists;Kenya  JUNE 2020;KENYA: Police Brutality Protests;Police Reservist and Two Al-Shabaab Terrorists Killed at Warankara in Lafey, Mandera",security official; CrisisWatch,1,Warankara area,Warankara village,Mandera county,Lafey constituency,3.323011,40.894576,POINT (40.894576 3.323011),134362,Kenya,501,Africa,1,1,2020-06-14 00:00:00.000,2020-06-14 00:00:00.000,1,2,0,0,3,3,3,501,
348466,KEN-2020-1-10589-27,2020,1,Clear,1,13646,13646,Kenya: Northeastern Province and Coast,10589,10589,Government of Kenya - Al-Shabaab,91,91,Government of Kenya,717,717,Al-Shabaab,1,"""Xinhua News Agency,2020-07-13,Al-Shabab terrorist killed in Kenya's border town""",Xinhua News Agency,2020-07-13,Al-Shabab terrorist killed in Kenya's border town,Northeastern regional police commander,1,Mandera town,Mandera town,Mandera county,Mandera East constituency,3.936631,41.867011,POINT (41.867011 3.936631),135084,Kenya,501,Africa,1,1,2020-07-13 00:00:00.000,2020-07-13 00:00:00.000,0,1,0,0,1,1,1,501,
348606,KEN-2020-1-10589-28,2020,1,Clear,1,13646,13646,Kenya: Northeastern Province and Coast,10589,10589,Government of Kenya - Al-Shabaab,91,91,Government of Kenya,717,717,Al-Shabaab,5,"""Xinhua News Agency,2020-07-23,Kenyan police officer killed, 3 others injured in foiled al-Shabab attack in border region"";""The Star (Kenya),2020-07-23,Constable, five militants killed in Garissa border police post attack"";""Xinhua News Agency,2020-07-24,Kenyan police say 5 Shabab militants killed in thwarted attack"";""Crisis Watch,2020-08-01,Kenya  JULY 2020"";""The Star (Kenya),2020-07-28,Matiang'i visits family of police who died during Yumbis attack""",Xinhua News Agency;The Star (Kenya);Xinhua News Agency;Crisis Watch;The Star (Kenya),2020-07-23;2020-07-23;2020-07-24;2020-08-01;2020-07-28,"Kenyan police officer killed, 3 others injured in foiled al-Shabab attack in border region;Constable, five militants killed in Garissa border police post attack;Kenyan police say 5 Shabab militants killed in thwarted attack;Kenya  JULY 2020;Matiang'i visits family of police who died during Yumbis attack",Northeastern Regional Commander; CrisisWatch,5,Yumbis Rural Border Patrol Unit,Border Patrol Unit (BPU) camp in Yumbis area,Garissa county,Fafi constituency,-0.113508,40.287406,POINT (40.287406 -0.113508),129321,Kenya,501,Africa,1,2,2020-07-22 00:00:00.000,2020-07-23 00:00:00.000,1,5,0,0,6,6,6,501,
348609,KEN-2020-1-10589-29,2020,1,Clear,1,13646,13646,Kenya: Northeastern Province and Coast,10589,10589,Government of Kenya - Al-Shabaab,91,91,Government of Kenya,717,717,Al-Shabaab,2,"""BBC Monitoring Africa,2020-07-24,Al-Shabab 'kills' six soldiers in northern Kenya"";""Mareeg,2020-07-24,Six Kenyan Soldiers Killed In Attack On Police Camp – Al Shabaab""",BBC Monitoring Africa;Mareeg,2020-07-24;2020-07-24,Al-Shabab 'kills' six soldiers in northern Kenya;Six Kenyan Soldiers Killed In Attack On Police Camp – Al Shabaab,Radio Al-Furqaan,1,Yumbis village,Yumbis village in Garissa County,Garissa county,Fafi constituency,-0.241402,40.140305,POINT (40.140305 -0.241402),129321,Kenya,501,Africa,1,2,2020-07-23 00:00:00.000,2020-07-24 00:00:00.000,0,0,0,0,0,6,0,501,
358416,KEN-2020-1-10589-30,2020,1,Clear,1,13646,13646,Kenya: Northeastern Province and Coast,10589,10589,Government of Kenya - Al-Shabaab,91,91,Government of Kenya,717,717,Al-Shabaab,3,"""Xinhua News Agency,2020-09-11,Three al-Shabab terrorists killed near Kenya-Somalia border"";""The Star (Kenya),2020-09-11,3 al Shabaab militants blow themselves up while setting up IED"";""BBC Monitoring Africa,2020-09-13,Explosion kills three al-Shabab militants in eastern Kenya""",Xinhua News Agency;The Star (Kenya);BBC Monitoring Africa,2020-09-11;2020-09-11;2020-09-13,Three al-Shabab terrorists killed near Kenya-Somalia border;3 al Shabaab militants blow themselves up while setting up IED;Explosion kills three al-Shabab militants in eastern Kenya,Northeastern regional police commander; police reports,2,Kenya - Somalia border in Fafi,Garissa county near the Somali border,Garissa county,Fafi constituency,-0.563304,40.913507,POINT (40.913507 -0.563304),128602,Kenya,501,Africa,1,2,2020-09-10 00:00:00.000,2020-09-11 00:00:00.000,0,3,0,0,3,3,3,501,
358495,KEN-2020-1-10589-31,2020,1,Clear,1,13646,13646,Kenya: Northeastern Province and Coast,10589,10589,Government of Kenya - Al-Shabaab,91,91,Government of Kenya,717,717,Al-Shabaab,4,"""The Star (Kenya),2020-09-21,KDF soldier, five alshabaab militants killed in Mandera ambush"";""Xinhua News Agency,2020-09-21,Kenyan soldiers kill 5 al-Shabab fighters in border region"";""The Star (Kenya),2020-09-24,Al Shabaab militants kidnap three in Mandera"";""Crisis Watch,2020-10-01,Kenya SEPTEMBER 2020""",The Star (Kenya);Xinhua News Agency;The Star (Kenya);Crisis Watch,2020-09-21;2020-09-21;2020-09-24;2020-10-01,"KDF soldier, five alshabaab militants killed in Mandera ambush;Kenyan soldiers kill 5 al-Shabab fighters in border region;Al Shabaab militants kidnap three in Mandera;Kenya SEPTEMBER 2020",witnesses and police in the region,5,Mandera-Somalia border,Mandera County near the common border,Mandera county,,3.107394,41.283172,POINT (41.283172 3.107394),134363,Kenya,501,Africa,1,1,2020-09-21 00:00:00.000,2020-09-21 00:00:00.000,1,5,0,0,6,6,6,501,
358501,KEN-2020-1-10589-32,2020,1,Clear,1,13646,13646,Kenya: Northeastern Province and Coast,10589,10589,Government of Kenya - Al-Shabaab,91,91,Government of Kenya,717,717,Al-Shabaab,1,"""BBC Monitoring Africa,2020-09-28,Al-Shabab 'attacks' security forces in north-east Kenya""",BBC Monitoring Africa,2020-09-28,Al-Shabab 'attacks' security forces in north-east Kenya,Radio Al-Furqaan,1,Konton village,Konton village,Wajir county,Wajir East constituency,2.019300,40.907300,POINT (40.9073 2.0193),132922,Kenya,501,Africa,1,1,2020-09-28 00:00:00.000,2020-09-28 00:00:00.000,0,0,0,0,0,1,0,501,
382056,KEN-2020-1-10589-41,2020,1,Clear,1,13646,13646,Kenya: Northeastern Province and Coast,10589,10589,Government of Kenya - Al-Shabaab,91,91,Government of Kenya,717,717,Al-Shabaab,1,"""Halbeeg News,2020-11-03,Al-Shabaab kills Kenyan soldier in Mandera""",Halbeeg News,2020-11-03,Al-Shabaab kills Kenyan soldier in Mandera,Halbeeg News,1,Omar Jillo village,Omar-jiliow village in Mandera county near Kenya-Somalia border,Mandera county,Lafey constituency,3.793810,41.716670,POINT (41.71667 3.79381),135084,Kenya,501,Africa,1,1,2020-11-03 00:00:00.000,2020-11-03 00:00:00.000,1,0,0,0,1,1,1,501,
370659,KEN-2020-1-10589-35,2020,1,Clear,1,13646,13646,Kenya: Northeastern Province and Coast,10589,10589,Government of Kenya - Al-Shabaab,91,91,Government of Kenya,717,717,Al-Shabaab,1,"""Crisis Watch,2020-12-01,Kenya NOVEMBER 2020""",Crisis Watch,2020-12-01,Kenya NOVEMBER 2020,CrisisWatch,2,Mandera town,near Mandera town,Mandera county,Mandera East constituency,3.936631,41.867011,POINT (41.867011 3.936631),135084,Kenya,501,Africa,1,1,2020-11-13 00:00:00.000,2020-11-13 00:00:00.000,1,0,0,0,1,1,1,501,
368990,KEN-2020-1-10589-33,2020,1,Clear,1,13646,13646,Kenya: Northeastern Province and Coast,10589,10589,Government of Kenya - Al-Shabaab,91,91,Government of Kenya,717,717,Al-Shabaab,1,"""BBC Monitoring Africa,2020-11-15,Al-Shabab claims killing Kenyan soldier in northern region""",BBC Monitoring Africa,2020-11-15,Al-Shabab claims killing Kenyan soldier in northern region,Radio Al-Furqaan,4,Mandera county,Ali Yale village in Mandera,Mandera county,,3.366667,40.700000,POINT (40.7 3.366667),134362,Kenya,501,Africa,1,1,2020-11-14 00:00:00.000,2020-11-14 00:00:00.000,0,0,0,0,0,1,0,501,
370526,KEN-2020-1-10589-34,2020,1,Clear,1,13646,13646,Kenya: Northeastern Province and Coast,10589,10589,Government of Kenya - Al-Shabaab,91,91,Government of Kenya,717,717,Al-Shabaab,1,"""BBC Monitoring Africa,2020-12-02,Kenyan officer killed, another missing after militant attack""",BBC Monitoring Africa,2020-12-02,"Kenyan officer killed, another missing after militant attack",The Star newspaper website,1,Jarajira (Amuma) village,Amuma police patrol base in Fafi,Garissa county,Fafi constituency,-0.435067,40.580336,POINT (40.580336 -0.435067),129322,Kenya,501,Africa,1,1,2020-12-02 00:00:00.000,2020-12-02 00:00:00.000,1,0,0,0,1,1,1,501,
374273,KEN-2020-1-10589-37,2020,1,Clear,1,13646,13646,Kenya: Northeastern Province and Coast,10589,10589,Government of Kenya - Al-Shabaab,91,91,Government of Kenya,717,717,Al-Shabaab,1,"""Agence France Presse,2020-12-23,Al-Shabaab claims beheading of local chief in Kenya""",Agence France Presse,2020-12-23,Al-Shabaab claims beheading of local chief in Kenya,al-Shabaab and local police sources,5,Border between Kenya and Somalia (Wajir county),,Wajir county,,1.307000,40.822000,POINT (40.822 1.307),131482,Kenya,501,Africa,1,2,2020-12-18 00:00:00.000,2020-12-23 00:00:00.000,0,0,0,1,1,1,1,501,
374276,KEN-2020-1-10589-38,2020,1,Clear,1,13646,13646,Kenya: Northeastern Province and Coast,10589,10589,Government of Kenya - Al-Shabaab,91,91,Government of Kenya,717,717,Al-Shabaab,4,"""Xinhua News Agency,2020-12-27,3 al-Shabab militants killed in Kenya's coastal region"";""All Africa,2020-12-27,KDF Kills Several Al Shabaab Terrorists in Lamu"";""All Africa,2020-12-28,KDF Special Forces Kill 4 Militants in Forest Raid  
CR  Shabelle Media Network"";""Crisis Watch,2021-01-01,Kenya DECEMBER 2020""",Xinhua News Agency;All Africa;All Africa;Crisis Watch,2020-12-27;2020-12-27;2020-12-28;2021-01-01,"3 al-Shabab militants killed in Kenya's coastal region;KDF Kills Several Al Shabaab Terrorists in Lamu;KDF Special Forces Kill 4 Militants in Forest Raid  
CR  Shabelle Media Network;Kenya DECEMBER 2020",head of the Coast police; CrisisWatch,2,Boni forest (Lamu county),in the vast Boni Forest,Lamu county,Lamu East constituency,-1.717327,41.334830,POINT (41.33483 -1.717327),127163,Kenya,501,Africa,1,1,2020-12-27 00:00:00.000,2020-12-27 00:00:00.000,0,4,0,0,4,7,4,501,
379588,KEN-2021-1-10589-0,2021,1,Clear,1,13646,13646,Kenya: Northeastern Province and Coast,10589,10589,Government of Kenya - Al-Shabaab,91,91,Government of Kenya,717,717,Al-Shabaab,4,"""All Africa,2021-01-18,Civilian Killed in Crossfire Between Al-Shabaab Militants and Police in Mandera  
CR  Capital FM"";""All Africa,2021-01-18,Govt Downplays Insecurity in Mandera After Governor's Warning"";""Crisis Watch,2021-02-01,Kenya JANUARY 2021"";""Halbeeg News,2021-01-16,Civilian killed in crossfire between al-Shabaab and police in Mandera""",All Africa;All Africa;Crisis Watch;Halbeeg News,2021-01-18;2021-01-18;2021-02-01;2021-01-16,"Civilian Killed in Crossfire Between Al-Shabaab Militants and Police in Mandera  
CR  Capital FM;Govt Downplays Insecurity in Mandera After Governor's Warning;Kenya JANUARY 2021;Civilian killed in crossfire between al-Shabaab and police in Mandera",Governor,3,Banissa constituency,"Wako Dadacha, Banisa, Mandera County",Mandera county,Banissa constituency,3.900000,40.300000,POINT (40.3 3.9),135081,Kenya,501,Africa,1,1,2021-01-15 00:00:00.000,2021-01-15 00:00:00.000,0,0,1,0,1,1,1,501,
379642,KEN-2021-1-10589-1,2021,1,Clear,1,13646,13646,Kenya: Northeastern Province and Coast,10589,10589,Government of Kenya - Al-Shabaab,91,91,Government of Kenya,717,717,Al-Shabaab,1,"""Xinhua News Agency,2021-01-24,Police kill al-Shabab militant in northeast Kenya""",Xinhua News Agency,2021-01-24,Police kill al-Shabab militant in northeast Kenya,police,2,Fino locality,Fino area,Mandera county,Mandera East constituency,3.375578,41.418119,POINT (41.418119 3.375578),134363,Kenya,501,Africa,1,1,2021-01-23 00:00:00.000,2021-01-23 00:00:00.000,0,1,0,0,1,1,1,501,
379798,KEN-2021-1-10589-2,2021,1,Clear,1,13646,13646,Kenya: Northeastern Province and Coast,10589,10589,Government of Kenya - Al-Shabaab,91,91,Government of Kenya,717,717,Al-Shabaab,2,"""BBC Monitoring Africa,2021-01-26,Kenya's police boss gives assurances border with Somalia safe"";""Halbeeg News,2021-01-24,Kenya police destroy al-Shabaab base in Mandera""",BBC Monitoring Africa;Halbeeg News,2021-01-26;2021-01-24,Kenya's police boss gives assurances border with Somalia safe;Kenya police destroy al-Shabaab base in Mandera,Kenya's inspector-general of police,2,Area between Olla and Guticha,between Guticha and Olla,Mandera county,Mandera North constituency,3.733773,40.787324,POINT (40.787324 3.733773),135082,Kenya,501,Africa,2,2,2021-01-23 00:00:00.000,2021-01-24 00:00:00.000,0,1,0,0,1,1,1,501,
379818,KEN-2021-1-10589-3,2021,1,Clear,1,13646,13646,Kenya: Northeastern Province and Coast,10589,10589,Government of Kenya - Al-Shabaab,91,91,Government of Kenya,717,717,Al-Shabaab,5,"""BBC Monitoring Africa,2021-01-28,Kenyan security officer killed in Mandera bomb attack"";""Xinhua News Agency,2021-01-28,Roadside blast kills security officer, injures 3 others in NE Kenya"";""All Africa,2021-01-28,One Security Officer Killed, Three Injured in Mandera IED Explosion  
CR  Shabelle Media Network"";""Crisis Watch,2021-02-01,Kenya JANUARY 2021"";""Halbeeg News,2021-01-29,IED blast kills police officer, injures 4 others in Mandera""",BBC Monitoring Africa;Xinhua News Agency;All Africa;Crisis Watch;Halbeeg News,2021-01-28;2021-01-28;2021-01-28;2021-02-01;2021-01-29,"Kenyan security officer killed in Mandera bomb attack;Roadside blast kills security officer, injures 3 others in NE Kenya;One Security Officer Killed, Three Injured in Mandera IED Explosion  
CR  Shabelle Media Network;Kenya JANUARY 2021;IED blast kills police officer, injures 4 others in Mandera",the Star newspaper,2,Road between Omar Jillo and Arabia,Omarjillo-Arabia Road in north-eastern Mandera County,Mandera county,,3.716639,41.615678,POINT (41.615678 3.716639),135084,Kenya,501,Africa,1,1,2021-01-27 00:00:00.000,2021-01-27 00:00:00.000,1,0,0,0,1,1,1,501,
383778,KEN-2021-1-10589-4,2021,1,Clear,1,13646,13646,Kenya: Northeastern Province and Coast,10589,10589,Government of Kenya - Al-Shabaab,91,91,Government of Kenya,717,717,Al-Shabaab,2,"""BBC Monitoring Africa,2021-02-10,Al-Shabab 'kills' two police officers in north-eastern Kenya"";""Crisis Watch,2021-03-01,Kenya FEBRUARY 2021""",BBC Monitoring Africa;Crisis Watch,2021-02-10;2021-03-01,Al-Shabab 'kills' two police officers in north-eastern Kenya;Kenya FEBRUARY 2021,Calamada; CrisisWatch,5,Ramu Ward,"Jabi village, Ramu District",Mandera county,Mandera North constituency,3.900000,41.200000,POINT (41.2 3.9),135083,Kenya,501,Africa,1,1,2021-02-08 00:00:00.000,2021-02-08 00:00:00.000,1,0,1,0,2,2,2,501,
389885,KEN-2021-1-10589-5,2021,1,Clear,1,13646,13646,Kenya: Northeastern Province and Coast,10589,10589,Government of Kenya - Al-Shabaab,91,91,Government of Kenya,717,717,Al-Shabaab,4,"""Strategic Intelligence,2021-03-26,Weekly Counter-Terrorism Intelligence Brief for East Africa (Kenya & Somalia) Shabaab Al-Mujahideen in Period of March 19th – March 26th, 2021: Tracking and Monitoring Al-Shabaab’s Activity in East Africa Region"";""Crisis Watch,2021-04-01,Kenya MARCH 2021"";""Xinhua News Agency,2021-03-23,Al-Shabab kills one in attack in coastal Kenya"";""The Star (Kenya),2021-03-24,Bowser driver's assistant dies in IED explosion in Lamu East""",Strategic Intelligence;Crisis Watch;Xinhua News Agency;The Star (Kenya),2021-03-26;2021-04-01;2021-03-23;2021-03-24,"Weekly Counter-Terrorism Intelligence Brief for East Africa (Kenya & Somalia) Shabaab Al-Mujahideen in Period of March 19th – March 26th, 2021: Tracking and Monitoring Al-Shabaab’s Activity in East Africa Region;Kenya MARCH 2021;Al-Shabab kills one in attack in coastal Kenya;Bowser driver's assistant dies in IED explosion in Lamu East",Lamu County Commissioner,2,Kiunga village,"construction site of the Kenya-Somalia security border wall

border town of Kiunga in Lamu East and was heading to Usalama camp",Lamu county,Lamu East constituency,-1.745440,41.490810,POINT (41.49081 -1.74544),127163,Kenya,501,Africa,1,1,2021-03-23 00:00:00.000,2021-03-23 00:00:00.000,0,0,1,0,1,1,1,501,
389888,KEN-2021-1-10589-6,2021,1,Clear,1,13646,13646,Kenya: Northeastern Province and Coast,10589,10589,Government of Kenya - Al-Shabaab,91,91,Government of Kenya,717,717,Al-Shabaab,7,"""BBC Monitoring Africa,2021-03-24,Three killed in north-eastern Kenya IED attack"";""Xinhua News Agency,2021-03-24,4 killed, dozens injured in bus attack in northeastern Kenya"";""Reuters News,2021-03-24,Three die, 10 hurt after bus hits suspected explosive device in northern Kenya"";""Crisis Watch,2021-04-01,Kenya MARCH 2021"";""Strategic Intelligence,2021-03-26,Weekly Counter-Terrorism Intelligence Brief for East Africa (Kenya & Somalia) Shabaab Al-Mujahideen in Period of March 19th – March 26th, 2021: Tracking and Monitoring Al-Shabaab’s Activity in East Africa Region"";""Africa Research Bulletin,2021-04-16,Kenya"";""Halbeeg News,2021-03-24,BREAKING: Several killed as IED hits passenger bus in Mandera""",BBC Monitoring Africa;Xinhua News Agency;Reuters News;Crisis Watch;Strategic Intelligence;Africa Research Bulletin;Halbeeg News,2021-03-24;2021-03-24;2021-03-24;2021-04-01;2021-03-26;2021-04-16;2021-03-24,"Three killed in north-eastern Kenya IED attack;4 killed, dozens injured in bus attack in northeastern Kenya;Three die, 10 hurt after bus hits suspected explosive device in northern Kenya;Kenya MARCH 2021;Weekly Counter-Terrorism Intelligence Brief for East Africa (Kenya & Somalia) Shabaab Al-Mujahideen in Period of March 19th – March 26th, 2021: Tracking and Monitoring Al-Shabaab’s Activity in East Africa Region;Kenya;BREAKING: Several killed as IED hits passenger bus in Mandera",The Star website; CrisisWatch,5,Between Mandera and Lafey,to Mandera town from Lafey,Mandera county,,3.544825,41.484350,POINT (41.48435 3.544825),135083,Kenya,501,Africa,1,1,2021-03-24 00:00:00.000,2021-03-24 00:00:00.000,0,0,4,0,4,4,4,501,
426829,KEN-2021-1-10589-41,2021,1,Clear,1,13646,13646,Kenya: Northeastern Province and Coast,10589,10589,Government of Kenya - Al-Shabaab,91,91,Government of Kenya,717,717,Al-Shabaab,1,"""Halbeeg News,2021-03-30,Kenya forces kill two al-Shabaab suspects in Mandera""",Halbeeg News,2021-03-30,Kenya forces kill two al-Shabaab suspects in Mandera,Mandera police commissioner,4,Mandera county,Mandera,Mandera county,,3.366667,40.700000,POINT (40.7 3.366667),134362,Kenya,501,Africa,1,1,2021-03-29 00:00:00.000,2021-03-29 00:00:00.000,0,2,0,0,2,2,2,501,
395423,KEN-2021-1-10589-7,2021,1,Clear,1,13646,13646,Kenya: Northeastern Province and Coast,10589,10589,Government of Kenya - Al-Shabaab,91,91,Government of Kenya,717,717,Al-Shabaab,5,"""Xinhua News Agency,2021-05-03,2 killed in suspected al-Shabab attack along Kenya-Somalia border"";""The Star (Kenya),2021-05-05,Mourners call for militants arrest as Lamu IED attack victim buried"";""Crisis Watch,2021-06-01,Kenya MAY 2021"";""Strategic Intelligencw,2021-05-07,Weekly Counter-Terrorism Intelligence Brief for East Africa (Kenya & Somalia) Shabaab Al-Mujahideen in Period of May 1st – May 7th, 2021: Tracking and Monitoring Al-Shabaab’s Activity in East Africa"";""Halbeeg News,2021-05-04,Al-Shabaab IED kills two in Lamu""",Xinhua News Agency;The Star (Kenya);Crisis Watch;Strategic Intelligencw;Halbeeg News,2021-05-03;2021-05-05;2021-06-01;2021-05-07;2021-05-04,"2 killed in suspected al-Shabab attack along Kenya-Somalia border;Mourners call for militants arrest as Lamu IED attack victim buried;Kenya MAY 2021;Weekly Counter-Terrorism Intelligence Brief for East Africa (Kenya & Somalia) Shabaab Al-Mujahideen in Period of May 1st – May 7th, 2021: Tracking and Monitoring Al-Shabaab’s Activity in East Africa;Al-Shabaab IED kills two in Lamu",Lamu County Commissioner,2,Ishakani,few kilometers from Ishakani village,Lamu county,Lamu East constituency,-1.688469,41.530707,POINT (41.530707 -1.688469),127164,Kenya,501,Africa,1,1,2021-05-03 00:00:00.000,2021-05-03 00:00:00.000,0,0,3,0,3,3,3,501,
401100,KEN-2021-1-10589-12,2021,1,Clear,1,13646,13646,Kenya: Northeastern Province and Coast,10589,10589,Government of Kenya - Al-Shabaab,91,91,Government of Kenya,717,717,Al-Shabaab,1,"""The Star (Kenya),2021-05-17,Slain Shabaab attacker worked as mechanic in Wajir""",The Star (Kenya),2021-05-17,Slain Shabaab attacker worked as mechanic in Wajir,,2,Kiunga village,Lamu near the Kenya-Somalia border,Lamu county,Lamu East constituency,-1.745440,41.490810,POINT (41.49081 -1.74544),127163,Kenya,501,Africa,1,1,2021-05-10 00:00:00.000,2021-05-10 00:00:00.000,0,2,0,0,2,2,2,501,
400320,KEN-2021-1-10589-8,2021,1,Clear,1,13646,13646,Kenya: Northeastern Province and Coast,10589,10589,Government of Kenya - Al-Shabaab,91,91,Government of Kenya,717,717,Al-Shabaab,5,"""BBC Monitoring Africa,2021-05-12,Kenya police kill suspected al-Shabab fighters"";""Crisis Watch,2021-06-01,Kenya MAY 2021"";""Strategic Intelligence,2021-05-15,Weekly Counter-Terrorism Intelligence Brief for East Africa (Kenya & Somalia) Shabaab Al-Mujahideen in Period of May 7th – May 14th, 2021: Tracking and Monitoring Al-Shabaab’s Activity in East Africa"";""The Star (Kenya),2021-05-17,Slain Shabaab attacker worked as mechanic in Wajir"";""Long War Journal,2021-05-29,Shabaab mounts increased rate of attacks inside Kenya""",BBC Monitoring Africa;Crisis Watch;Strategic Intelligence;The Star (Kenya);Long War Journal,2021-05-12;2021-06-01;2021-05-15;2021-05-17;2021-05-29,"Kenya police kill suspected al-Shabab fighters;Kenya MAY 2021;Weekly Counter-Terrorism Intelligence Brief for East Africa (Kenya & Somalia) Shabaab Al-Mujahideen in Period of May 7th – May 14th, 2021: Tracking and Monitoring Al-Shabaab’s Activity in East Africa;Slain Shabaab attacker worked as mechanic in Wajir;Shabaab mounts increased rate of attacks inside Kenya",The Star website; authorities; Strategic Intelligence,3,Tarbai constituency,"Tarbaj area, Wajir county",Wajir county,Tarbai constituency,2.214000,40.115000,POINT (40.115 2.214),132921,Kenya,501,Africa,1,1,2021-05-12 00:00:00.000,2021-05-12 00:00:00.000,1,3,0,0,4,4,4,501,
400322,KEN-2021-1-10589-10,2021,1,Clear,1,13646,13646,Kenya: Northeastern Province and Coast,10589,10589,Government of Kenya - Al-Shabaab,91,91,Government of Kenya,717,717,Al-Shabaab,1,"""BBC Monitoring Africa,2021-05-13,BBCM Africa Watchlist for 13 May""",BBC Monitoring Africa,2021-05-13,BBCM Africa Watchlist for 13 May,The Star,4,Mandera county,Mandera County,Mandera county,,3.366667,40.700000,POINT (40.7 3.366667),134362,Kenya,501,Africa,1,1,2021-05-13 00:00:00.000,2021-05-13 00:00:00.000,2,0,0,0,2,2,2,501,
400323,KEN-2021-1-10589-11,2021,1,Clear,1,13646,13646,Kenya: Northeastern Province and Coast,10589,10589,Government of Kenya - Al-Shabaab,91,91,Government of Kenya,717,717,Al-Shabaab,1,"""BBC Monitoring Africa,2021-05-13,BBCM Africa Watchlist for 13 May""",BBC Monitoring Africa,2021-05-13,BBCM Africa Watchlist for 13 May,The Star,4,Wajir county,Wajir County,Wajir county,,1.750000,40.016667,POINT (40.016667 1.75),132201,Kenya,501,Africa,1,1,2021-05-13 00:00:00.000,2021-05-13 00:00:00.000,1,0,0,0,1,1,1,501,
401106,KEN-2021-1-10589-13,2021,1,Clear,1,13646,13646,Kenya: Northeastern Province and Coast,10589,10589,Government of Kenya - Al-Shabaab,91,91,Government of Kenya,717,717,Al-Shabaab,7,"""Strategic Intelligence,2021-05-22,Weekly Counter-Terrorism Intelligence Brief for East Africa (Kenya & Somalia) Shabaab Al-Mujahideen in Period of May 14th – May 21st, 2021: Tracking and Monitoring Al-Shabaab’s Activity in East Africa"";""Crisis Watch,2021-06-01,Kenya MAY 2021"";""The Star (Kenya),2021-05-18,2 KDF officers killed after vehicle hit by IED"";""BBC Monitoring Africa,2021-05-19,Al-Shabab militants ambush Kenyan troops in Lamu"";""The Star (Kenya),2021-05-20,Operation mounted in Boni Forest after Tuesday attack"";""Long War Journal,2021-05-29,Shabaab mounts increased rate of attacks inside Kenya"";""Terrorism Monitor,2021-07-30,U.S. Troops to Combat al-Shabaab in Kenya Amid Mandera County’s Security Crisis""",Strategic Intelligence;Crisis Watch;The Star (Kenya);BBC Monitoring Africa;The Star (Kenya);Long War Journal;Terrorism Monitor,2021-05-22;2021-06-01;2021-05-18;2021-05-19;2021-05-20;2021-05-29;2021-07-30,"Weekly Counter-Terrorism Intelligence Brief for East Africa (Kenya & Somalia) Shabaab Al-Mujahideen in Period of May 14th – May 21st, 2021: Tracking and Monitoring Al-Shabaab’s Activity in East Africa;Kenya MAY 2021;2 KDF officers killed after vehicle hit by IED;Al-Shabab militants ambush Kenyan troops in Lamu;Operation mounted in Boni Forest after Tuesday attack;Shabaab mounts increased rate of attacks inside Kenya;U.S. Troops to Combat al-Shabaab in Kenya Amid Mandera County’s Security Crisis",,2,Baure locality,"Baure area, Lamu county",Lamu county,Lamu East constituency,-1.722025,40.966245,POINT (40.966245 -1.722025),127162,Kenya,501,Africa,1,1,2021-05-18 00:00:00.000,2021-05-18 00:00:00.000,7,0,0,0,7,7,7,501,
401110,KEN-2021-1-10589-14,2021,1,Clear,1,13646,13646,Kenya: Northeastern Province and Coast,10589,10589,Government of Kenya - Al-Shabaab,91,91,Government of Kenya,717,717,Al-Shabaab,4,"""Crisis Watch,2021-06-01,Kenya MAY 2021"";""The Star (Kenya),2021-05-21,3 police officers killed in al Shabaab attack in Mandera"";""Long War Journal,2021-05-29,Shabaab mounts increased rate of attacks inside Kenya"";""Halbeeg News,2021-05-22,Three Kenyan police officers killed in Mandera blast""",Crisis Watch;The Star (Kenya);Long War Journal;Halbeeg News,2021-06-01;2021-05-21;2021-05-29;2021-05-22,Kenya MAY 2021;3 police officers killed in al Shabaab attack in Mandera;Shabaab mounts increased rate of attacks inside Kenya;Three Kenyan police officers killed in Mandera blast,Witnesses,3,Banissa constituency,Banisa,Mandera county,Banissa constituency,3.900000,40.300000,POINT (40.3 3.9),135081,Kenya,501,Africa,1,1,2021-05-21 00:00:00.000,2021-05-21 00:00:00.000,3,0,0,0,3,3,3,501,
401112,KEN-2021-1-10589-15,2021,1,Clear,1,13646,13646,Kenya: Northeastern Province and Coast,10589,10589,Government of Kenya - Al-Shabaab,91,91,Government of Kenya,717,717,Al-Shabaab,1,"""BBC Monitoring Africa,2021-05-23,Somali militants claim killing 12 Kenyan soldiers, officer""",BBC Monitoring Africa,2021-05-23,"Somali militants claim killing 12 Kenyan soldiers, officer",Somali Memo,2,Between Takaba and Barissa,between Takaba and Banisa areas in Mandera County,Mandera county,,3.631867,40.260061,POINT (40.260061 3.631867),135081,Kenya,501,Africa,1,1,2021-05-23 00:00:00.000,2021-05-23 00:00:00.000,0,0,0,0,0,12,0,501,
405157,KEN-2021-1-10589-16,2021,1,Clear,1,13646,13646,Kenya: Northeastern Province and Coast,10589,10589,Government of Kenya - Al-Shabaab,91,91,Government of Kenya,717,717,Al-Shabaab,5,"""Africa Research Bulletin,2021-07-30,Kenya– Countrywide Attacks and Events in June"";""Xinhua News Agency,2021-06-05,Kenyan security forces kill two al-Shabab militants in coastal region"";""BBC Monitoring Africa,2021-06-05,Kenya police kill al-Shabab suspects in coastal region"";""Crisis Watch,2021-07-01,Kenya JUNE 2021"";""The Star (Kenya),2021-06-05,3 suspected Al-Shabaab militants killed in Boni operation""",Africa Research Bulletin;Xinhua News Agency;BBC Monitoring Africa;Crisis Watch;The Star (Kenya),2021-07-30;2021-06-05;2021-06-05;2021-07-01;2021-06-05,Kenya– Countrywide Attacks and Events in June;Kenyan security forces kill two al-Shabab militants in coastal region;Kenya police kill al-Shabab suspects in coastal region;Kenya JUNE 2021;3 suspected Al-Shabaab militants killed in Boni operation,Police,2,Boni forest (Lamu county),Boni Forest,Lamu county,Lamu East constituency,-1.717327,41.334830,POINT (41.33483 -1.717327),127163,Kenya,501,Africa,1,1,2021-06-05 00:00:00.000,2021-06-05 00:00:00.000,0,3,0,0,3,3,3,501,
405161,KEN-2021-1-10589-18,2021,1,Clear,1,13646,13646,Kenya: Northeastern Province and Coast,10589,10589,Government of Kenya - Al-Shabaab,91,91,Government of Kenya,717,717,Al-Shabaab,9,"""Xinhua News Agency,2021-06-07,Militants attack kills 1, injures 10 in northeast Kenya"";""BBC Monitoring Africa,2021-06-07,Suspected al-Shabab militants attack buses in northern Kenya"";""The Star (Kenya),2021-06-07,One killed, 10 wounded in Mandera as gunmen attack buses"";""Xinhua News Agency,2021-06-08,Death toll from bus attack in Kenya rises to 3"";""The Star (Kenya),2021-06-08,Two cops from Mandera bus attack succumb to gunshot wounds"";""BBC Monitoring Africa,2021-06-12,Kenyan leader blames clan politics for attacks in north-east"";""Strategic Intelligence,2021-06-12,Weekly Counter-Terrorism Intelligence Brief for East Africa (Kenya & Somalia) Shabaab Al-Mujahideen in Period of June 5th – June 12th, 2021: Tracking and Monitoring Al-Shabaab’s Activity in East Africa"";""Africa Research Bulletin,2021-07-30,Kenya– Countrywide Attacks and Events in June"";""Terrorism Monitor,2021-07-30,U.S. Troops to Combat al-Shabaab in Kenya Amid Mandera County’s Security Crisis""",Xinhua News Agency;BBC Monitoring Africa;The Star (Kenya);Xinhua News Agency;The Star (Kenya);BBC Monitoring Africa;Strategic Intelligence;Africa Research Bulletin;Terrorism Monitor,2021-06-07;2021-06-07;2021-06-07;2021-06-08;2021-06-08;2021-06-12;2021-06-12;2021-07-30;2021-07-30,"Militants attack kills 1, injures 10 in northeast Kenya;Suspected al-Shabab militants attack buses in northern Kenya;One killed, 10 wounded in Mandera as gunmen attack buses;Death toll from bus attack in Kenya rises to 3;Two cops from Mandera bus attack succumb to gunshot wounds;Kenyan leader blames clan politics for attacks in north-east;Weekly Counter-Terrorism Intelligence Brief for East Africa (Kenya & Somalia) Shabaab Al-Mujahideen in Period of June 5th – June 12th, 2021: Tracking and Monitoring Al-Shabaab’s Activity in East Africa;Kenya– Countrywide Attacks and Events in June;U.S. Troops to Combat al-Shabaab in Kenya Amid Mandera County’s Security Crisis",,2,Olla area,between Olla and Sarman area,Mandera county,Mandera North constituency,3.838015,40.814991,POINT (40.814991 3.838015),135082,Kenya,501,Africa,1,1,2021-06-07 00:00:00.000,2021-06-07 00:00:00.000,2,0,1,2,5,5,5,501,
405162,KEN-2021-1-10589-17,2021,1,Clear,1,13646,13646,Kenya: Northeastern Province and Coast,10589,10589,Government of Kenya - Al-Shabaab,91,91,Government of Kenya,717,717,Al-Shabaab,1,"""BBC Monitoring Africa,2021-06-08,Somali militants claim killing three Kenya police officers""",BBC Monitoring Africa,2021-06-08,Somali militants claim killing three Kenya police officers,Somali Memo,2,Rhamu town,near the town of Rhamu,Mandera county,Mandera North constituency,3.931881,41.225615,POINT (41.225615 3.931881),135083,Kenya,501,Africa,1,1,2021-06-07 00:00:00.000,2021-06-07 00:00:00.000,0,0,0,0,0,3,0,501,
405164,KEN-2021-1-10589-19,2021,1,Clear,1,13646,13646,Kenya: Northeastern Province and Coast,10589,10589,Government of Kenya - Al-Shabaab,91,91,Government of Kenya,717,717,Al-Shabaab,4,"""Xinhua News Agency,2021-06-09,Roadside blast kills 3 in Kenya's border region"";""BBC Monitoring Africa,2021-06-21,Al-Shabab claims killing three 'Christians' in northeast Kenya"";""Terrorism Monitor,2021-07-30,U.S. Troops to Combat al-Shabaab in Kenya Amid Mandera County’s Security Crisis"";""Africa Research Bulletin,2021-07-30,Kenya– Countrywide Attacks and Events in June""",Xinhua News Agency;BBC Monitoring Africa;Terrorism Monitor;Africa Research Bulletin,2021-06-09;2021-06-21;2021-07-30;2021-07-30,Roadside blast kills 3 in Kenya's border region;Al-Shabab claims killing three 'Christians' in northeast Kenya;U.S. Troops to Combat al-Shabaab in Kenya Amid Mandera County’s Security Crisis;Kenya– Countrywide Attacks and Events in June,the police and local officials,2,Takaba town,between Elele and Takaba,Mandera county,Mandera West constituency,3.424492,40.228714,POINT (40.228714 3.424492),134361,Kenya,501,Africa,1,1,2021-06-09 00:00:00.000,2021-06-09 00:00:00.000,0,0,3,0,3,3,3,501,
411333,KEN-2021-1-10589-28,2021,1,Clear,1,13646,13646,Kenya: Northeastern Province and Coast,10589,10589,Government of Kenya - Al-Shabaab,91,91,Government of Kenya,717,717,Al-Shabaab,1,"""Africa Research Bulletin,2021-07-30,Kenya– Countrywide Attacks and Events in June""",Africa Research Bulletin,2021-07-30,Kenya– Countrywide Attacks and Events in June,ARB,2,Takaba town,between Kinto village and Takaba district in Mandera County,Mandera county,Mandera West constituency,3.424492,40.228714,POINT (40.228714 3.424492),134361,Kenya,501,Africa,1,1,2021-06-12 00:00:00.000,2021-06-12 00:00:00.000,0,0,0,0,0,2,0,501,
405212,KEN-2021-1-10589-21,2021,1,Clear,1,13646,13646,Kenya: Northeastern Province and Coast,10589,10589,Government of Kenya - Al-Shabaab,91,91,Government of Kenya,717,717,Al-Shabaab,1,"""BBC Monitoring Africa,2021-06-23,Al-Shabab reportedly attacks Kenyan troops in north-east""",BBC Monitoring Africa,2021-06-23,Al-Shabab reportedly attacks Kenyan troops in north-east,"Radio Dalsan, al-shabaab",4,Mandera county,Bulo Laban village outside El Qalow area,Mandera county,,3.366667,40.700000,POINT (40.7 3.366667),134362,Kenya,501,Africa,1,1,2021-06-23 00:00:00.000,2021-06-23 00:00:00.000,0,0,0,0,0,1,0,501,
405211,KEN-2021-1-10589-20,2021,1,Clear,1,13646,13646,Kenya: Northeastern Province and Coast,10589,10589,Government of Kenya - Al-Shabaab,91,91,Government of Kenya,717,717,Al-Shabaab,2,"""Xinhua News Agency,2021-06-23,Kenyan police reservist killed, 2 injured in suspected Shabab attack"";""BBC Monitoring Africa,2021-06-23,Suspected al-Shabab fighters attack dam in north-eastern Kenya""",Xinhua News Agency;BBC Monitoring Africa,2021-06-23;2021-06-23,"Kenyan police reservist killed, 2 injured in suspected Shabab attack;Suspected al-Shabab fighters attack dam in north-eastern Kenya",Northeastern regional police commander,2,Mandera town,a dam site in the north-eastern town of Mandera,Mandera county,Mandera East constituency,3.936631,41.867011,POINT (41.867011 3.936631),135084,Kenya,501,Africa,1,1,2021-06-23 00:00:00.000,2021-06-23 00:00:00.000,1,0,0,0,1,1,1,501,
405214,KEN-2021-1-10589-22,2021,1,Clear,1,13646,13646,Kenya: Northeastern Province and Coast,10589,10589,Government of Kenya - Al-Shabaab,91,91,Government of Kenya,717,717,Al-Shabaab,2,"""Strategic Intelligence,2021-06-23,Suspected Al-Shabaab Militants Killed in Kwale, Coastal Kenya."";""Xinhua News Agency,2021-06-23,Kenyan police kill terror suspect in coastal region""",Strategic Intelligence;Xinhua News Agency,2021-06-23;2021-06-23,"Suspected Al-Shabaab Militants Killed in Kwale, Coastal Kenya.;Kenyan police kill terror suspect in coastal region",Coast Regional Directorate of Criminal Investigations,3,Matuga constituency,Matuga area,Kwale county,Matuga constituency,-4.238766,39.400533,POINT (39.400533 -4.238766),123559,Kenya,501,Africa,1,1,2021-06-23 00:00:00.000,2021-06-23 00:00:00.000,0,1,0,0,1,1,1,501,
405237,KEN-2021-1-10589-23,2021,1,Clear,1,13646,13646,Kenya: Northeastern Province and Coast,10589,10589,Government of Kenya - Al-Shabaab,91,91,Government of Kenya,717,717,Al-Shabaab,1,"""The Star (Kenya),2021-06-29,Al Shabaab killed as cops intercept guns, IED in Garissa""",The Star (Kenya),2021-06-29,"Al Shabaab killed as cops intercept guns, IED in Garissa",,2,Liboi location,"Liboi, Garissa County",Garissa county,Dadaab constituency,0.398519,40.954815,POINT (40.954815 0.398519),130042,Kenya,501,Africa,1,1,2021-06-28 00:00:00.000,2021-06-28 00:00:00.000,0,1,0,0,1,1,1,501,
410139,KEN-2021-1-10589-26,2021,1,Clear,1,13646,13646,Kenya: Northeastern Province and Coast,10589,10589,Government of Kenya - Al-Shabaab,91,91,Government of Kenya,717,717,Al-Shabaab,4,"""The Star (Kenya),2021-08-02,Three killed in suspected Al-Shabaab attacks in Mandera"";""Mareeg,2021-08-02,Al-Shabab Militant Kills 3 Kenyans In Border Town"";""Xinhua News Agency,2021-08-02,Al-Shabab militant kills 3 Kenyans in border town"";""Africa Research Bulletin,2021-09-22,KENYA: Police Murders""",The Star (Kenya);Mareeg;Xinhua News Agency;Africa Research Bulletin,2021-08-02;2021-08-02;2021-08-02;2021-09-22,Three killed in suspected Al-Shabaab attacks in Mandera;Al-Shabab Militant Kills 3 Kenyans In Border Town;Al-Shabab militant kills 3 Kenyans in border town;KENYA: Police Murders,,5,Area between Fino and Mandera,from Fino to Mandera Town at Kamor Bahaw area,Mandera county,Mandera East constituency,3.630946,41.578243,POINT (41.578243 3.630946),135084,Kenya,501,Africa,1,1,2021-07-31 00:00:00.000,2021-07-31 00:00:00.000,0,0,2,0,2,2,2,501,
410140,KEN-2021-1-10589-27,2021,1,Clear,1,13646,13646,Kenya: Northeastern Province and Coast,10589,10589,Government of Kenya - Al-Shabaab,91,91,Government of Kenya,717,717,Al-Shabaab,4,"""Africa Research Bulletin,2021-09-22,KENYA: Police Murders"";""Xinhua News Agency,2021-08-02,Al-Shabab militant kills 3 Kenyans in border town"";""Mareeg,2021-08-02,Al-Shabab Militant Kills 3 Kenyans In Border Town"";""The Star (Kenya),2021-08-02,Three killed in suspected Al-Shabaab attacks in Mandera""",Africa Research Bulletin;Xinhua News Agency;Mareeg;The Star (Kenya),2021-09-22;2021-08-02;2021-08-02;2021-08-02,KENYA: Police Murders;Al-Shabab militant kills 3 Kenyans in border town;Al-Shabab Militant Kills 3 Kenyans In Border Town;Three killed in suspected Al-Shabaab attacks in Mandera,,2,Fino locality,outskirts of Fino,Mandera county,Mandera East constituency,3.375578,41.418119,POINT (41.418119 3.375578),134363,Kenya,501,Africa,1,1,2021-07-31 00:00:00.000,2021-07-31 00:00:00.000,0,0,1,0,1,1,1,501,
413478,KEN-2021-1-10589-29,2021,1,Clear,1,13646,13646,Kenya: Northeastern Province and Coast,10589,10589,Government of Kenya - Al-Shabaab,91,91,Government of Kenya,717,717,Al-Shabaab,1,"""Strategic Intelligence,2021-09-02,Monthly Counter-Terrorism Intelligence Brief for East Africa (Kenya & Somalia) Shabaab Al-Mujahideen in Period of August 1st – August 31st, 2021: Tracking and Monitoring Al-Shabaab’s Activity in East Africa Region""",Strategic Intelligence,2021-09-02,"Monthly Counter-Terrorism Intelligence Brief for East Africa (Kenya & Somalia) Shabaab Al-Mujahideen in Period of August 1st – August 31st, 2021: Tracking and Monitoring Al-Shabaab’s Activity in East Africa Region",Strategic Intelligence,4,Mandera county,Mandera county,Mandera county,,3.366667,40.700000,POINT (40.7 3.366667),134362,Kenya,501,Africa,1,1,2021-08-02 00:00:00.000,2021-08-02 00:00:00.000,0,0,0,0,0,3,0,501,
413622,KEN-2021-1-10589-30,2021,1,Clear,1,13646,13646,Kenya: Northeastern Province and Coast,10589,10589,Government of Kenya - Al-Shabaab,91,91,Government of Kenya,717,717,Al-Shabaab,1,"""The Star (Kenya),2021-08-08,Police foil planned attack, kill terror suspect in Mandera""",The Star (Kenya),2021-08-08,"Police foil planned attack, kill terror suspect in Mandera",Police,2,Kutulo locality,Kutulo area,Mandera county,Mandera South constituency,2.460268,40.591054,POINT (40.591054 2.460268),132922,Kenya,501,Africa,1,1,2021-08-08 00:00:00.000,2021-08-08 00:00:00.000,0,1,0,0,1,1,1,501,
416006,KEN-2021-1-10589-31,2021,1,Clear,1,13646,13646,Kenya: Northeastern Province and Coast,10589,10589,Government of Kenya - Al-Shabaab,91,91,Government of Kenya,717,717,Al-Shabaab,7,"""Xinhua News Agency,2021-09-27,15 al-Shabab militants killed in coastal Kenya"";""The Star (Kenya),2021-09-27,15 al Shabaab militants killed in Lamu IED explosion"";""BBC Monitoring Africa,2021-09-29,Fifteen Somali militants killed in Kenya's coastal region"";""All Africa,2021-09-27,Al-Shabaab Says At Least 15 Kenyan Soldiers Killed in Lamu Attack"";""BBC Monitoring Africa,2021-09-28,Al-Shabab reportedly kills 15 Kenyan soldiers in Lamu county"";""BBC Monitoring Africa,2021-09-29,Fifteen Somali militants killed in Kenya's coastal region"";""Halbeeg News,2021-09-28,Kenya claims killing 15 Al-Shabaab fighters in Lamu""",Xinhua News Agency;The Star (Kenya);BBC Monitoring Africa;All Africa;BBC Monitoring Africa;BBC Monitoring Africa;Halbeeg News,2021-09-27;2021-09-27;2021-09-29;2021-09-27;2021-09-28;2021-09-29;2021-09-28,15 al-Shabab militants killed in coastal Kenya;15 al Shabaab militants killed in Lamu IED explosion;Fifteen Somali militants killed in Kenya's coastal region;Al-Shabaab Says At Least 15 Kenyan Soldiers Killed in Lamu Attack;Al-Shabab reportedly kills 15 Kenyan soldiers in Lamu county;Fifteen Somali militants killed in Kenya's coastal region;Kenya claims killing 15 Al-Shabaab fighters in Lamu,Kenya Defence Force (KDF) spokesperson; witnesses and al-Shabaab,2,Kiunga village,"between Kayunga and Shangani in Lamu County 

near the Somali border 

between Kiunga and Ishakani near Kenya-Somalia border",Lamu county,Lamu East constituency,-1.745440,41.490810,POINT (41.49081 -1.74544),127163,Kenya,501,Africa,1,1,2021-09-26 00:00:00.000,2021-09-26 00:00:00.000,0,15,0,0,15,30,15,501,
416035,KEN-2021-1-10589-33,2021,1,Clear,1,13646,13646,Kenya: Northeastern Province and Coast,10589,10589,Government of Kenya - Al-Shabaab,91,91,Government of Kenya,717,717,Al-Shabaab,1,"""BBC Monitoring Africa,2021-09-29,Al-Shabab 'kills 23 Kenyan soldiers' in yet another attack""",BBC Monitoring Africa,2021-09-29,Al-Shabab 'kills 23 Kenyan soldiers' in yet another attack,Calamada website,3,Lamu East constituency,between Shangani and Kamboni villages,Lamu county,Lamu East constituency,-1.932798,41.147297,POINT (41.147297 -1.932798),127163,Kenya,501,Africa,1,1,2021-09-28 00:00:00.000,2021-09-28 00:00:00.000,0,0,0,0,0,23,0,501,
417859,KEN-2021-1-10589-34,2021,1,Clear,1,13646,13646,Kenya: Northeastern Province and Coast,10589,10589,Government of Kenya - Al-Shabaab,91,91,Government of Kenya,717,717,Al-Shabaab,2,"""BBC Monitoring Africa,2021-10-12,Al-Shabab claims killing 14 Kenyan soldiers in Lamu"";""Crisis Watch,2021-11-01,Kenya OCTOBER 2021""",BBC Monitoring Africa;Crisis Watch,2021-10-12;2021-11-01,Al-Shabab claims killing 14 Kenyan soldiers in Lamu;Kenya OCTOBER 2021,Calamada website,2,Between Milimani and Bargoni,between Milimani and Bargoni villages,Lamu county,,-1.880032,40.730743,POINT (40.730743 -1.880032),127162,Kenya,501,Africa,1,1,2021-10-12 00:00:00.000,2021-10-12 00:00:00.000,0,0,0,0,0,14,0,501,
419626,KEN-2021-1-10589-35,2021,1,Clear,1,13646,13646,Kenya: Northeastern Province and Coast,10589,10589,Government of Kenya - Al-Shabaab,91,91,Government of Kenya,717,717,Al-Shabaab,1,"""BBC Monitoring Africa,2021-10-18,Somali militants 'kill 15 Kenyan soldiers'""",BBC Monitoring Africa,2021-10-18,Somali militants 'kill 15 Kenyan soldiers',Calamada website,2,Road between Kiunga and Sankuri,between Kayunga and Sankura in Lamu,Lamu county,Lamu East constituency,-1.731713,41.423179,POINT (41.423179 -1.731713),127163,Kenya,501,Africa,1,1,2021-10-18 00:00:00.000,2021-10-18 00:00:00.000,0,0,0,0,0,15,0,501,
423056,KEN-2021-1-10589-37,2021,1,Clear,1,13646,13646,Kenya: Northeastern Province and Coast,10589,10589,Government of Kenya - Al-Shabaab,91,91,Government of Kenya,717,717,Al-Shabaab,1,"""Strategic Intelligence,2021-11-16,Bi-Weekly Counter-Terrorism Intelligence Brief for East Africa (Kenya & Somalia) Shabaab Al-Mujahideen in Period of November 1st – November 14th, 2021: Tracking and Monitoring Al-Shabaab’s Activity in East Africa Region""",Strategic Intelligence,2021-11-16,"Bi-Weekly Counter-Terrorism Intelligence Brief for East Africa (Kenya & Somalia) Shabaab Al-Mujahideen in Period of November 1st – November 14th, 2021: Tracking and Monitoring Al-Shabaab’s Activity in East Africa Region",Strategic Intelligence,5,Road between Mararini and Kiunga,Mararani - Kiunga,Lamu county,Lamu East constituency,-1.722000,41.393000,POINT (41.393 -1.722),127163,Kenya,501,Africa,1,1,2021-11-01 00:00:00.000,2021-11-01 00:00:00.000,1,0,0,0,1,1,1,501,
422709,KEN-2021-1-10589-36,2021,1,Clear,1,13646,13646,Kenya: Northeastern Province and Coast,10589,10589,Government of Kenya - Al-Shabaab,91,91,Government of Kenya,717,717,Al-Shabaab,1,"""BBC Monitoring Africa,2021-11-03,Al-Shabab claims killing 10 Kenyan soldiers in Lamu""",BBC Monitoring Africa,2021-11-03,Al-Shabab claims killing 10 Kenyan soldiers in Lamu,Somali Memo,5,Road between Mararini and Kiunga,road between Kinyonga and Mirani villages,Lamu county,Lamu East constituency,-1.722000,41.393000,POINT (41.393 -1.722),127163,Kenya,501,Africa,1,1,2021-11-03 00:00:00.000,2021-11-03 00:00:00.000,0,0,0,0,0,14,0,501,
425450,KEN-2021-1-10589-38,2021,1,Clear,1,13646,13646,Kenya: Northeastern Province and Coast,10589,10589,Government of Kenya - Al-Shabaab,91,91,Government of Kenya,717,717,Al-Shabaab,4,"""The Star (Kenya),2021-12-05,One militant killed after the killing of 2 cops in Mandera"";""BBC Monitoring Africa,2021-12-04,Al-Shabab kills two police officers in north-eastern Kenya"";""The Star (Kenya),2021-12-04,Two cops killed, 10 injured after al Shabaab ambush in Mandera"";""Crisiswatch,2022-01-01,Kenya DECEMBER 2021""",The Star (Kenya);BBC Monitoring Africa;The Star (Kenya);Crisiswatch,2021-12-05;2021-12-04;2021-12-04;2022-01-01,"One militant killed after the killing of 2 cops in Mandera;Al-Shabab kills two police officers in north-eastern Kenya;Two cops killed, 10 injured after al Shabaab ambush in Mandera;Kenya DECEMBER 2021",Witnesses and police,2,Warankara area,"Bambo area

on the way to Mandera town",Mandera county,Lafey constituency,3.323011,40.894576,POINT (40.894576 3.323011),134362,Kenya,501,Africa,1,1,2021-12-04 00:00:00.000,2021-12-04 00:00:00.000,2,0,0,0,2,2,2,501,
425451,KEN-2021-1-10589-39,2021,1,Clear,1,13646,13646,Kenya: Northeastern Province and Coast,10589,10589,Government of Kenya - Al-Shabaab,91,91,Government of Kenya,717,717,Al-Shabaab,1,"""The Star (Kenya),2021-12-05,One militant killed after the killing of 2 cops in Mandera""",The Star (Kenya),2021-12-05,One militant killed after the killing of 2 cops in Mandera,Police,5,Road between Rhamu and Mandera,along Rhamu-Mandera Road,Mandera county,,3.880419,41.534185,POINT (41.534185 3.880419),135084,Kenya,501,Africa,1,1,2021-12-04 00:00:00.000,2021-12-04 00:00:00.000,0,1,0,0,1,1,1,501,
425481,KEN-2021-1-10589-40,2021,1,Clear,1,13646,13646,Kenya: Northeastern Province and Coast,10589,10589,Government of Kenya - Al-Shabaab,91,91,Government of Kenya,717,717,Al-Shabaab,2,"""The Star (Kenya),2021-12-12,Three militants killed as police recover rifles, 203 bullets"";""Crisiswatch,2022-01-01,Kenya DECEMBER 2021""",The Star (Kenya);Crisiswatch,2021-12-12;2022-01-01,"Three militants killed as police recover rifles, 203 bullets;Kenya DECEMBER 2021",Police,2,Damasa village,Nus Dariq village outside Damasa,Mandera county,Lafey constituency,3.159720,41.325640,POINT (41.32564 3.15972),134363,Kenya,501,Africa,1,1,2021-12-11 00:00:00.000,2021-12-11 00:00:00.000,0,3,0,0,3,3,3,501,
427515,KEN-2022-1-10589-2,2022,1,Clear,1,13646,13646,Kenya: Northeastern Province and Coast,10589,10589,Government of Kenya - Al-Shabaab,91,91,Government of Kenya,717,717,Al-Shabaab,1,"""BBC Monitoring Africa,2022-01-11,Al-Shabab outlet says group 'intensified' attacks for new year""",BBC Monitoring Africa,2022-01-11,Al-Shabab outlet says group 'intensified' attacks for new year,Shahada news agency,4,Lamu county,Lamu,Lamu county,,-2.033333,40.783333,POINT (40.783333 -2.033333),126442,Kenya,501,Africa,1,1,2022-01-02 00:00:00.000,2022-01-02 00:00:00.000,0,0,0,0,0,20,0,501,
427485,KEN-2022-1-10589-0,2022,1,Clear,1,13646,13646,Kenya: Northeastern Province and Coast,10589,10589,Government of Kenya - Al-Shabaab,91,91,Government of Kenya,717,717,Al-Shabaab,5,"""Agence France Presse,2022-01-07,Four police die in Kenya attack: official"";""BBC Monitoring Africa,2022-01-07,Suspected militants kill police officers in Kenya attack"";""The Star (Kenya),2022-01-07,4 police officers killed in suspected al-Shabaab attack in Lamu County"";""Xinhua News Agency,2022-01-07,Kenyan police probes death of 4 officers"";""Africa Research Bulletin,2022-02-13,KENYA: County Attacks""",Agence France Presse;BBC Monitoring Africa;The Star (Kenya);Xinhua News Agency;Africa Research Bulletin,2022-01-07;2022-01-07;2022-01-07;2022-01-07;2022-02-13,Four police die in Kenya attack: official;Suspected militants kill police officers in Kenya attack;4 police officers killed in suspected al-Shabaab attack in Lamu County;Kenyan police probes death of 4 officers;KENYA: County Attacks,Lamu County Commissioner,2,Milhoi locality,"along Lamu - Garsen road

Milihoi locality",Lamu county,Lamu West constituency,-2.216667,40.700000,POINT (40.7 -2.216667),126442,Kenya,501,Africa,1,1,2022-01-07 00:00:00.000,2022-01-07 00:00:00.000,4,0,0,0,4,4,4,501,
427510,KEN-2022-1-10589-1,2022,1,Clear,1,13646,13646,Kenya: Northeastern Province and Coast,10589,10589,Government of Kenya - Al-Shabaab,91,91,Government of Kenya,717,717,Al-Shabaab,5,"""The Star (Kenya),2022-01-10,4 police officers killed in suspected Al-Shabaab attack at Liboi, Garissa County"";""BBC Monitoring Africa,2022-01-11,Four police officers killed in northern Kenya 'bandit' attack"";""Strategic Intelligence,2022-02-03,Monthly Counter-Terrorism Intelligence Brief for East Africa (Kenya & Somalia) Shabaab Al-Mujahideen in Period of January 1st – January 31st, 2022: Tracking and Monitoring Al-Shabaab’s Activity in East Africa"";""Africa Research Bulletin,2022-02-13,KENYA: County Attacks"";""Crisiswatch,2022-02-01,Kenya JANUARY 2022""",The Star (Kenya);BBC Monitoring Africa;Strategic Intelligence;Africa Research Bulletin;Crisiswatch,2022-01-10;2022-01-11;2022-02-03;2022-02-13;2022-02-01,"4 police officers killed in suspected Al-Shabaab attack at Liboi, Garissa County;Four police officers killed in northern Kenya 'bandit' attack;Monthly Counter-Terrorism Intelligence Brief for East Africa (Kenya & Somalia) Shabaab Al-Mujahideen in Period of January 1st – January 31st, 2022: Tracking and Monitoring Al-Shabaab’s Activity in East Africa;KENYA: County Attacks;Kenya JANUARY 2022",police,2,Road between Liboi and Kulan,between Liboi and Kulan area,Garissa county,Dadaab constituency,0.316815,40.780076,POINT (40.780076 0.316815),130042,Kenya,501,Africa,1,1,2022-01-10 00:00:00.000,2022-01-10 00:00:00.000,4,0,0,0,4,4,4,501,
427556,KEN-2022-1-10589-3,2022,1,Clear,1,13646,13646,Kenya: Northeastern Province and Coast,10589,10589,Government of Kenya - Al-Shabaab,91,91,Government of Kenya,717,717,Al-Shabaab,3,"""Crisiswatch,2022-02-01,Kenya JANUARY 2022"";""The Star (Kenya),2022-01-17,15 al-Shabaab militants killed in Lamu by Kenyan forces"";""Xinhua News Agency,2022-01-18,Kenyan security forces kill 15 al-Shabab militants in coastal region""",Crisiswatch;The Star (Kenya);Xinhua News Agency,2022-02-01;2022-01-17;2022-01-18,Kenya JANUARY 2022;15 al-Shabaab militants killed in Lamu by Kenyan forces;Kenyan security forces kill 15 al-Shabab militants in coastal region,,2,Bodhei village,Bodhei area,Lamu county,Lamu West constituency,-1.859910,40.716240,POINT (40.71624 -1.85991),127162,Kenya,501,Africa,1,1,2022-01-17 00:00:00.000,2022-01-17 00:00:00.000,0,15,0,0,15,15,15,501,
427605,KEN-2022-1-10589-4,2022,1,Clear,1,13646,13646,Kenya: Northeastern Province and Coast,10589,10589,Government of Kenya - Al-Shabaab,91,91,Government of Kenya,717,717,Al-Shabaab,10,"""Strategic Intelligence,2022-02-03,Monthly Counter-Terrorism Intelligence Brief for East Africa (Kenya & Somalia) Shabaab Al-Mujahideen in Period of January 1st – January 31st, 2022: Tracking and Monitoring Al-Shabaab’s Activity in East Africa"";""Africa Research Bulletin,2022-02-13,KENYA: County Attacks"";""Crisiswatch,2022-02-01,Kenya JANUARY 2022"";""AllAfrica,2022-01-31,Roadside Bomb Hits Bus, Kills 13 On Kenya-Somalia Border"";""The Star (Kenya),2022-01-31,At least 10 killed in IED attack on matatu in Mandera"";""Agence France Presse,2022-01-31,Five killed by roadside bomb in northern Kenya: police"";""Agence France Presse,2022-01-31,Roadside bomb kills in northeastern Kenya"";""AllAfrica,2022-01-31,6 People Killed in Mandera Ied Attack  
CR  Capital FM"";""BBC Monitoring Africa,2022-01-31,One arrested in Kenya over Mandera IED attack"";""Africa Research Bulletin,2022-03-14,Kenya: Security Incidents""",Strategic Intelligence;Africa Research Bulletin;Crisiswatch;AllAfrica;The Star (Kenya);Agence France Presse;Agence France Presse;AllAfrica;BBC Monitoring Africa;Africa Research Bulletin,2022-02-03;2022-02-13;2022-02-01;2022-01-31;2022-01-31;2022-01-31;2022-01-31;2022-01-31;2022-01-31;2022-03-14,"Monthly Counter-Terrorism Intelligence Brief for East Africa (Kenya & Somalia) Shabaab Al-Mujahideen in Period of January 1st – January 31st, 2022: Tracking and Monitoring Al-Shabaab’s Activity in East Africa;KENYA: County Attacks;Kenya JANUARY 2022;Roadside Bomb Hits Bus, Kills 13 On Kenya-Somalia Border;At least 10 killed in IED attack on matatu in Mandera;Five killed by roadside bomb in northern Kenya: police;Roadside bomb kills in northeastern Kenya;6 People Killed in Mandera Ied Attack  
CR  Capital FM;One arrested in Kenya over Mandera IED attack;Kenya: Security Incidents",police; Strategic Intelligence,2,Mandera town,eight kilometres from Mandera town,Mandera county,Mandera East constituency,3.936631,41.867011,POINT (41.867011 3.936631),135084,Kenya,501,Africa,1,1,2022-01-31 00:00:00.000,2022-01-31 00:00:00.000,0,0,10,0,10,10,10,501,
427614,KEN-2022-1-10589-5,2022,1,Clear,1,13646,13646,Kenya: Northeastern Province and Coast,10589,10589,Government of Kenya - Al-Shabaab,91,91,Government of Kenya,717,717,Al-Shabaab,5,"""BBC Monitoring Africa,2022-02-02,Another blast kills four in north-eastern Kenya"";""AllAfrica,2022-02-03,4 Killed in Ied Attack as Landcruiser Hits a Landmine in Wajir"";""Africa Research Bulletin,2022-03-14,Kenya: Security Incidents"";""Strategic Intelligence,2022-03-02,Monthly Counter-Terrorism Intelligence Brief for East Africa (Kenya & Somalia) Shabaab Al-Mujahideen in Period of February 1st – February 28th, 2022: Tracking and Monitoring Al-Shabaab’s Activity in East Africa"";""Crisiswatch,2022-03-01,Kenya FEBRUARY 2022""",BBC Monitoring Africa;AllAfrica;Africa Research Bulletin;Strategic Intelligence;Crisiswatch,2022-02-02;2022-02-03;2022-03-14;2022-03-02;2022-03-01,"Another blast kills four in north-eastern Kenya;4 Killed in Ied Attack as Landcruiser Hits a Landmine in Wajir;Kenya: Security Incidents;Monthly Counter-Terrorism Intelligence Brief for East Africa (Kenya & Somalia) Shabaab Al-Mujahideen in Period of February 1st – February 28th, 2022: Tracking and Monitoring Al-Shabaab’s Activity in East Africa;Kenya FEBRUARY 2022",,2,Wajir town,"outskirts of Wajir town

at Erga along Wajir-Gerile Road",Wajir county,Wajir East constituency,1.747102,40.057315,POINT (40.057315 1.747102),132201,Kenya,501,Africa,1,1,2022-02-02 00:00:00.000,2022-02-02 00:00:00.000,0,0,4,0,4,4,4,501,
430185,KEN-2022-1-10589-6,2022,1,Clear,1,13646,13646,Kenya: Northeastern Province and Coast,10589,10589,Government of Kenya - Al-Shabaab,91,91,Government of Kenya,717,717,Al-Shabaab,3,"""Strategic Intelligence,2022-03-02,Monthly Counter-Terrorism Intelligence Brief for East Africa (Kenya & Somalia) Shabaab Al-Mujahideen in Period of February 1st – February 28th, 2022: Tracking and Monitoring Al-Shabaab’s Activity in East Africa"";""Crisiswatch,2022-03-01,Kenya FEBRUARY 2022"";""BBC Monitoring Africa,2022-02-10,Four dead in south-eastern Kenya roadside explosion""",Strategic Intelligence;Crisiswatch;BBC Monitoring Africa,2022-03-02;2022-03-01;2022-02-10,"Monthly Counter-Terrorism Intelligence Brief for East Africa (Kenya & Somalia) Shabaab Al-Mujahideen in Period of February 1st – February 28th, 2022: Tracking and Monitoring Al-Shabaab’s Activity in East Africa;Kenya FEBRUARY 2022;Four dead in south-eastern Kenya roadside explosion",county water official,2,Hulugho locality,"travelling from Masalani to Holugho 

in Sangailu, Holugho sub-county",Garissa county,Ijara constituency,-0.896324,40.967814,POINT (40.967814 -0.896324),128602,Kenya,501,Africa,1,1,2022-02-10 00:00:00.000,2022-02-10 00:00:00.000,0,0,0,4,4,4,4,501,
430220,KEN-2022-1-10589-7,2022,1,Clear,1,13646,13646,Kenya: Northeastern Province and Coast,10589,10589,Government of Kenya - Al-Shabaab,91,91,Government of Kenya,717,717,Al-Shabaab,1,"""BBC Monitoring Africa,2022-02-13,Al-Shabab claims killing 20 Kenyan soldiers""",BBC Monitoring Africa,2022-02-13,Al-Shabab claims killing 20 Kenyan soldiers,Calamda website,5,Road between Liboi and Damajale,between Liboi and Damajaley areas in Garissa,Garissa county,Dadaab constituency,0.204076,40.575738,POINT (40.575738 0.204076),130042,Kenya,501,Africa,1,1,2022-02-12 00:00:00.000,2022-02-12 00:00:00.000,0,0,0,0,0,20,0,501,
430267,KEN-2022-1-10589-9,2022,1,Clear,1,13646,13646,Kenya: Northeastern Province and Coast,10589,10589,Government of Kenya - Al-Shabaab,91,91,Government of Kenya,717,717,Al-Shabaab,1,"""BBC Monitoring Africa,2022-02-22,Al-Shabab militants 'attack' village in Kenya's Lamu County""",BBC Monitoring Africa,2022-02-22,Al-Shabab militants 'attack' village in Kenya's Lamu County,,2,Area between Milimani and Mangai,rea between the villages of Milimani and Mangay,Lamu county,Lamu East constituency,-1.754233,41.033297,POINT (41.033297 -1.754233),127163,Kenya,501,Africa,1,1,2022-02-14 00:00:00.000,2022-02-14 00:00:00.000,0,0,0,0,0,15,0,501,
430263,KEN-2022-1-10589-8,2022,1,Clear,1,13646,13646,Kenya: Northeastern Province and Coast,10589,10589,Government of Kenya - Al-Shabaab,91,91,Government of Kenya,717,717,Al-Shabaab,3,"""The Star (Kenya),2022-02-20,Three Shabaab militants killed by police in Mandera"";""BBC Monitoring Africa,2022-02-21,Kenyan police kill three al-Shabab militants in gunfight"";""Crisiswatch,2022-03-01,Kenya FEBRUARY 2022""",The Star (Kenya);BBC Monitoring Africa;Crisiswatch,2022-02-20;2022-02-21;2022-03-01,Three Shabaab militants killed by police in Mandera;Kenyan police kill three al-Shabab militants in gunfight;Kenya FEBRUARY 2022,,2,Takaba town,Takaba area,Mandera county,Mandera West constituency,3.424492,40.228714,POINT (40.228714 3.424492),134361,Kenya,501,Africa,1,1,2022-02-19 00:00:00.000,2022-02-19 00:00:00.000,0,3,0,0,3,3,3,501,
430281,KEN-2022-1-10589-10,2022,1,Clear,1,13646,13646,Kenya: Northeastern Province and Coast,10589,10589,Government of Kenya - Al-Shabaab,91,91,Government of Kenya,717,717,Al-Shabaab,2,"""Xinhua News Agency,2022-02-26,Kenyan military says kills 4 Shabab militants"";""Crisiswatch,2022-03-01,Kenya FEBRUARY 2022""",Xinhua News Agency;Crisiswatch,2022-02-26;2022-03-01,Kenyan military says kills 4 Shabab militants;Kenya FEBRUARY 2022,KDF,2,Boni forest (Lamu county),"Sarira, Boni Forest",Lamu county,Lamu East constituency,-1.717327,41.334830,POINT (41.33483 -1.717327),127163,Kenya,501,Africa,1,1,2022-02-26 00:00:00.000,2022-02-26 00:00:00.000,0,4,0,0,4,4,4,501,
433915,KEN-2022-1-10589-11,2022,1,Clear,1,13646,13646,Kenya: Northeastern Province and Coast,10589,10589,Government of Kenya - Al-Shabaab,91,91,Government of Kenya,717,717,Al-Shabaab,2,"""Xinhua News Agency,2022-03-09,Kenyan troops kill 1 al-Shabab militant, dismantle cell in coastal region"";""The Star (Kenya),2022-03-09,KDF kill one al-Shabaab militant, injure several in Lamu""",Xinhua News Agency;The Star (Kenya),2022-03-09;2022-03-09,"Kenyan troops kill 1 al-Shabab militant, dismantle cell in coastal region;KDF kill one al-Shabaab militant, injure several in Lamu",KDF,2,Road between Milimani and Baure,along Milimani-Baure main supply route,Lamu county,Lamu East constituency,-1.744535,40.896823,POINT (40.896823 -1.744535),127162,Kenya,501,Africa,1,1,2022-03-09 00:00:00.000,2022-03-09 00:00:00.000,0,1,0,0,1,1,1,501,
433932,KEN-2022-1-10589-13,2022,1,Clear,1,13646,13646,Kenya: Northeastern Province and Coast,10589,10589,Government of Kenya - Al-Shabaab,91,91,Government of Kenya,717,717,Al-Shabaab,2,"""BBC Monitoring Africa,2022-03-15,Al-Shabab 'kills 11 security officers' in north-east Kenya"";""Africa Research Bulletin,2022-04-18,SOMALIA: Targeting Politicians""",BBC Monitoring Africa;Africa Research Bulletin,2022-03-15;2022-04-18,Al-Shabab 'kills 11 security officers' in north-east Kenya;SOMALIA: Targeting Politicians,Somali Memo,2,El Wak town,between Wel-Aday and Giriley near El Wak town,Mandera county,Banissa constituency,2.811916,40.929660,POINT (40.92966 2.811916),133642,Kenya,501,Africa,1,1,2022-03-14 00:00:00.000,2022-03-14 00:00:00.000,0,0,0,0,0,11,0,501,
433958,KEN-2022-1-10589-14,2022,1,Clear,1,13646,13646,Kenya: Northeastern Province and Coast,10589,10589,Government of Kenya - Al-Shabaab,91,91,Government of Kenya,717,717,Al-Shabaab,1,"""The Star (Kenya),2022-03-21,Two Al-Shabaab militants killed in operation in Lamu""",The Star (Kenya),2022-03-21,Two Al-Shabaab militants killed in operation in Lamu,,2,Boni forest (Lamu county),"Sarira area 

in Boni Forest, Lamu County",Lamu county,Lamu East constituency,-1.717327,41.334830,POINT (41.33483 -1.717327),127163,Kenya,501,Africa,1,1,2022-03-20 00:00:00.000,2022-03-20 00:00:00.000,0,2,0,0,2,2,2,501,
442286,KEN-2022-1-10589-15,2022,1,Clear,1,13646,13646,Kenya: Northeastern Province and Coast,10589,10589,Government of Kenya - Al-Shabaab,91,91,Government of Kenya,717,717,Al-Shabaab,1,"""BBC Monitoring Africa,2022-06-07,Jihadist website reports killing of Chinese national in Kenya""",BBC Monitoring Africa,2022-06-07,Jihadist website reports killing of Chinese national in Kenya,Jihadist Somali Memo website,4,Lamu county,Lamu,Lamu county,,-2.033333,40.783333,POINT (40.783333 -2.033333),126442,Kenya,501,Africa,1,1,2022-06-07 00:00:00.000,2022-06-07 00:00:00.000,0,0,0,0,0,1,0,501,
442305,KEN-2022-1-10589-16,2022,1,Clear,1,13646,13646,Kenya: Northeastern Province and Coast,10589,10589,Government of Kenya - Al-Shabaab,91,91,Government of Kenya,717,717,Al-Shabaab,3,"""Xinhua News Agency,2022-07-01,Kenyan army kills 10 al-Shabab militants in coastal region"";""AllAfrica,2022-07-04,10 Al-Shabaab Militants Killed By Kenyan Forces in Boni Forest"";""Crisiswatch,2022-08-01,Kenya JULY 2022""",Xinhua News Agency;AllAfrica;Crisiswatch,2022-07-01;2022-07-04;2022-08-01,Kenyan army kills 10 al-Shabab militants in coastal region;10 Al-Shabaab Militants Killed By Kenyan Forces in Boni Forest;Kenya JULY 2022,Kenya Defence Forces,2,Between Saria and Kolbio,along Sarira and Kolbio areas,Garissa county,Ijara constituency,-1.243030,41.252590,POINT (41.25259 -1.24303),127883,Kenya,501,Africa,1,1,2022-07-01 00:00:00.000,2022-07-01 00:00:00.000,0,10,0,0,10,10,10,501,
447492,KEN-2022-1-10589-18,2022,1,Clear,1,13646,13646,Kenya: Northeastern Province and Coast,10589,10589,Government of Kenya - Al-Shabaab,91,91,Government of Kenya,717,717,Al-Shabaab,1,"""Halbeeg News,2022-08-09,Al-Shabaab attacks police, burns vehicles in Kenya""",Halbeeg News,2022-08-09,"Al-Shabaab attacks police, burns vehicles in Kenya",,5,Kenya-Somalia border,near Kenya’s border with Somalia,,,1.055266,40.970970,POINT (40.97097 1.055266),131482,Kenya,501,Africa,1,1,2022-08-08 00:00:00.000,2022-08-08 00:00:00.000,1,0,0,0,1,1,1,501,
447486,KEN-2022-1-10589-17,2022,1,Clear,1,13646,13646,Kenya: Northeastern Province and Coast,10589,10589,Government of Kenya - Al-Shabaab,91,91,Government of Kenya,717,717,Al-Shabaab,1,"""Halbeeg News,2022-08-20,Two suspected al-Shabaab fighters killed in Mandera""",Halbeeg News,2022-08-20,Two suspected al-Shabaab fighters killed in Mandera,police statement,1,Arabia locality,Arabia village,Mandera county,Mandera East constituency,3.557635,41.505665,POINT (41.505665 3.557635),135084,Kenya,501,Africa,1,1,2022-08-19 00:00:00.000,2022-08-19 00:00:00.000,0,2,0,0,2,2,2,501,
457830,KEN-2022-1-10589-19,2022,1,Clear,1,13646,13646,Kenya: Northeastern Province and Coast,10589,10589,Government of Kenya - Al-Shabaab,91,91,Government of Kenya,717,717,Al-Shabaab,1,"""BBC Monitoring Africa,2022-12-08,BBCM Africa Watchlist for 8 December""",BBC Monitoring Africa,2022-12-08,BBCM Africa Watchlist for 8 December,Somali Memo,2,Hagadera refugee camp,Hagadera area of Garissa,Garissa county,Fafi constituency,0.009522,40.375614,POINT (40.375614 0.009522),130041,Kenya,501,Africa,1,2,2022-12-05 00:00:00.000,2022-12-07 00:00:00.000,0,0,0,0,0,9,0,501,
457864,KEN-2022-1-10589-20,2022,1,Clear,1,13646,13646,Kenya: Northeastern Province and Coast,10589,10589,Government of Kenya - Al-Shabaab,91,91,Government of Kenya,717,717,Al-Shabaab,3,"""The Star (Kenya),2022-12-11,Two dead in al- Shabaab attack on car in Mandera"";""BBC Monitoring Africa,2022-12-12,Suspected al-Shabab militants kill two in north-east Kenya"";""Crisiswatch,2023-01-01,Kenya DECEMBER 2022""",The Star (Kenya);BBC Monitoring Africa;Crisiswatch,2022-12-11;2022-12-12;2023-01-01,Two dead in al- Shabaab attack on car in Mandera;Suspected al-Shabab militants kill two in north-east Kenya;Kenya DECEMBER 2022,police,5,Rhamu - El Wak road (Mandera North),"between Jabibar and Bamboo in Mandera North

on the Rhamo-Elwak road",Mandera county,Mandera North constituency,3.742854,41.118509,POINT (41.118509 3.742854),135083,Kenya,501,Africa,1,1,2022-12-11 00:00:00.000,2022-12-11 00:00:00.000,0,0,2,0,2,2,2,501,
459900,KEN-2022-1-10589-21,2022,1,Clear,1,13646,13646,Kenya: Northeastern Province and Coast,10589,10589,Government of Kenya - Al-Shabaab,91,91,Government of Kenya,717,717,Al-Shabaab,4,"""The Star (Kenya),2022-12-21,Three killed in al Shabaab attack in Garissa"";""Reuters News,2022-12-22,Al Shabaab militants kill two policemen, one civilian in eastern Kenya"";""AllAfrica,2022-12-23,Al-Shabab Militants Kill Police Officer, Civilian in Eastern Kenya"";""Crisiswatch,2023-01-01,Kenya DECEMBER 2022""",The Star (Kenya);Reuters News;AllAfrica;Crisiswatch,2022-12-21;2022-12-22;2022-12-23;2023-01-01,"Three killed in al Shabaab attack in Garissa;Al Shabaab militants kill two policemen, one civilian in eastern Kenya;Al-Shabab Militants Kill Police Officer, Civilian in Eastern Kenya;Kenya DECEMBER 2022",,2,Garissa town,between the Hayley Lapsset Camp and Garissa,Garissa county,Garissa township constituency,-0.453548,39.640108,POINT (39.640108 -0.453548),129320,Kenya,501,Africa,1,1,2022-12-21 00:00:00.000,2022-12-21 00:00:00.000,2,0,1,0,3,3,3,501,
459908,KEN-2022-1-10589-22,2022,1,Clear,1,13646,13646,Kenya: Northeastern Province and Coast,10589,10589,Government of Kenya - Al-Shabaab,91,91,Government of Kenya,717,717,Al-Shabaab,3,"""Xinhua News Agency,2022-12-26,2 die in suspected Shabab attack in coastal Kenya"";""The Star (Kenya),2022-12-26,2 people shot dead, dozen houses torched by al-Shabaab in Lamu"";""Crisiswatch,2023-01-01,Kenya DECEMBER 2022""",Xinhua News Agency;The Star (Kenya);Crisiswatch,2022-12-26;2022-12-26;2023-01-01,"2 die in suspected Shabab attack in coastal Kenya;2 people shot dead, dozen houses torched by al-Shabaab in Lamu;Kenya DECEMBER 2022",a government official,2,Pandanguo village,Pandaguo area,Lamu county,Lamu West constituency,-2.234716,40.477810,POINT (40.47781 -2.234716),126441,Kenya,501,Africa,1,1,2022-12-25 00:00:00.000,2022-12-25 00:00:00.000,0,0,0,2,2,2,2,501,
459913,KEN-2022-1-10589-23,2022,1,Clear,1,13646,13646,Kenya: Northeastern Province and Coast,10589,10589,Government of Kenya - Al-Shabaab,91,91,Government of Kenya,717,717,Al-Shabaab,3,"""Xinhua News Agency,2022-12-30,Kenyan soldier killed in roadside blast in coastal city"";""The Star (Kenya),2022-12-30,One KDF soldier killed, four others injured in Lamu"";""Crisiswatch,2023-01-01,Kenya DECEMBER 2022""",Xinhua News Agency;The Star (Kenya);Crisiswatch,2022-12-30;2022-12-30;2023-01-01,"Kenyan soldier killed in roadside blast in coastal city;One KDF soldier killed, four others injured in Lamu;Kenya DECEMBER 2022",military,2,Mlima Wa Faru locality,area of Mlima Faru,Lamu county,Lamu West constituency,-2.277180,40.454200,POINT (40.4542 -2.27718),126441,Kenya,501,Africa,1,1,2022-12-30 00:00:00.000,2022-12-30 00:00:00.000,1,0,0,0,1,1,0,501,
62689,ETH-2013-2-12696-2,2013,1,Clear,2,12696,11936,"Borana - Burji, Gabra",12696,12696,"Borana - Burji, Gabra",591,591,Borana,4463,4463,"Burji, Gabra",2,"""All Africa,2013-09-06,Displacement Follows Clashes On Kenya-Ethiopia Border"";""BBC Monitoring Africa,2013-09-16,Politics of exclusion, clan rivalry fuelling violence in northern Kenya - report""",All Africa;BBC Monitoring Africa,2013-09-06;2013-09-16,"Displacement Follows Clashes On Kenya-Ethiopia Border;Politics of exclusion, clan rivalry fuelling violence in northern Kenya - report","A Gabra elder, Huka Kijiba",3,Moyale constituency,Moyale area,Marsabit county,Moyale constituency,3.516389,39.069167,POINT (39.069167 3.516389),135079,Kenya,501,Africa,1,1,2013-07-15 00:00:00.000,2013-07-15 00:00:00.000,0,1,0,0,1,1,1,,
62685,ETH-2013-2-12696-6,2013,1,Clear,2,12696,11936,"Borana - Burji, Gabra",12696,12696,"Borana - Burji, Gabra",591,591,Borana,4463,4463,"Burji, Gabra",5,"""BBC Monitoring Africa,2013-08-28,Kenyan MP links killings in northern region to Ethiopian militia"";""BBC Monitoring Africa,2013-08-28,Security beefed up in volatile northern Kenya region"";""Associated Press Newswires,2013-08-28,At least 20 killed in Kenya clan violence, governor says; automatic weapons used in clashes"";""BBC Monitoring Africa,2013-09-16,Politics of exclusion, clan rivalry fuelling violence in northern Kenya - report"";""BBC Monitoring Africa,2013-08-29,Three more killed in fresh clashes in northern Kenyan county""",BBC Monitoring Africa;BBC Monitoring Africa;Associated Press Newswires;BBC Monitoring Africa;BBC Monitoring Africa,2013-08-28;2013-08-28;2013-08-28;2013-09-16;2013-08-29,"Kenyan MP links killings in northern region to Ethiopian militia;Security beefed up in volatile northern Kenya region;At least 20 killed in Kenya clan violence, governor says; automatic weapons used in clashes;Politics of exclusion, clan rivalry fuelling violence in northern Kenya - report;Three more killed in fresh clashes in northern Kenyan county",Police spokesperson Gatiria Mboroki,2,Funanyata hill,Funanyatta area in Moyale,Marsabit county,Moyale constituency,3.352660,39.060100,POINT (39.0601 3.35266),134359,Kenya,501,Africa,1,1,2013-08-23 00:00:00.000,2013-08-23 00:00:00.000,0,0,0,2,2,2,2,,
62686,ETH-2013-2-12696-0,2013,1,Clear,2,12696,11936,"Borana - Burji, Gabra",12696,12696,"Borana - Burji, Gabra",591,591,Borana,4463,4463,"Burji, Gabra",5,"""BBC Monitoring Africa,2013-08-29,Three more killed in fresh clashes in northern Kenyan county"";""Associated Press Newswires,2013-08-28,At least 20 killed in Kenya clan violence, governor says; automatic weapons used in clashes"";""BBC Monitoring Africa,2013-08-28,Kenyan MP links killings in northern region to Ethiopian militia"";""BBC Monitoring Africa,2013-08-28,Security beefed up in volatile northern Kenya region"";""BBC Monitoring Africa,2013-09-16,Politics of exclusion, clan rivalry fuelling violence in northern Kenya - report""",BBC Monitoring Africa;Associated Press Newswires;BBC Monitoring Africa;BBC Monitoring Africa;BBC Monitoring Africa,2013-08-29;2013-08-28;2013-08-28;2013-08-28;2013-09-16,"Three more killed in fresh clashes in northern Kenyan county;At least 20 killed in Kenya clan violence, governor says; automatic weapons used in clashes;Kenyan MP links killings in northern region to Ethiopian militia;Security beefed up in volatile northern Kenya region;Politics of exclusion, clan rivalry fuelling violence in northern Kenya - report",Police spokesperson Gatiria Mboroki,3,Moyale constituency,Antutu manyatta in Marsabit,Marsabit county,Moyale constituency,3.516389,39.069167,POINT (39.069167 3.516389),135079,Kenya,501,Africa,1,1,2013-08-25 00:00:00.000,2013-08-25 00:00:00.000,1,2,0,0,3,3,3,,
62687,ETH-2013-2-12696-7.1,2013,1,Clear,2,12696,11936,"Borana - Burji, Gabra",12696,12696,"Borana - Burji, Gabra",591,591,Borana,4463,4463,"Burji, Gabra",5,"""Associated Press Newswires,2013-08-28,At least 20 killed in Kenya clan violence, governor says; automatic weapons used in clashes"";""BBC Monitoring Africa,2013-08-29,Three more killed in fresh clashes in northern Kenyan county"";""BBC Monitoring Africa,2013-09-16,Politics of exclusion, clan rivalry fuelling violence in northern Kenya - report"";""BBC Monitoring Africa,2013-08-30,Northern Kenya residents call for probe of website allegedly instigating clashes"";""Xinhua News Agency,2013-08-30,Kenya threatens to use force to restore peace in northern town""",Associated Press Newswires;BBC Monitoring Africa;BBC Monitoring Africa;BBC Monitoring Africa;Xinhua News Agency,2013-08-28;2013-08-29;2013-09-16;2013-08-30;2013-08-30,"At least 20 killed in Kenya clan violence, governor says; automatic weapons used in clashes;Three more killed in fresh clashes in northern Kenyan county;Politics of exclusion, clan rivalry fuelling violence in northern Kenya - report;Northern Kenya residents call for probe of website allegedly instigating clashes;Kenya threatens to use force to restore peace in northern town","Police; Ukur Yattani, the governor of Kenya's Marsabit county",1,Oda waterhole,Oda area near Moyale,Marsabit county,Moyale constituency,3.493330,39.095690,POINT (39.09569 3.49333),134359,Kenya,501,Africa,2,1,2013-08-28 00:00:00.000,2013-08-28 00:00:00.000,0,0,0,2,2,10,1,,
241868,ETH-2013-2-12696-7.2,2013,1,Clear,2,12696,11936,"Borana - Burji, Gabra",12696,12696,"Borana - Burji, Gabra",591,591,Borana,4463,4463,"Burji, Gabra",5,"""Associated Press Newswires,2013-08-28,At least 20 killed in Kenya clan violence, governor says; automatic weapons used in clashes"";""BBC Monitoring Africa,2013-08-29,Three more killed in fresh clashes in northern Kenyan county"";""BBC Monitoring Africa,2013-08-30,Northern Kenya residents call for probe of website allegedly instigating clashes"";""Xinhua News Agency,2013-08-30,Kenya threatens to use force to restore peace in northern town"";""BBC Monitoring Africa,2013-09-16,Politics of exclusion, clan rivalry fuelling violence in northern Kenya - report""",Associated Press Newswires;BBC Monitoring Africa;BBC Monitoring Africa;Xinhua News Agency;BBC Monitoring Africa,2013-08-28;2013-08-29;2013-08-30;2013-08-30;2013-09-16,"At least 20 killed in Kenya clan violence, governor says; automatic weapons used in clashes;Three more killed in fresh clashes in northern Kenyan county;Northern Kenya residents call for probe of website allegedly instigating clashes;Kenya threatens to use force to restore peace in northern town;Politics of exclusion, clan rivalry fuelling violence in northern Kenya - report","Police; Ukur Yattani, the governor of Kenya's Marsabit county",1,Heilu location,Hellu area near Moyale,Marsabit county,Moyale constituency,3.527490,39.077680,POINT (39.07768 3.52749),135079,Kenya,501,Africa,2,1,2013-08-28 00:00:00.000,2013-08-28 00:00:00.000,0,0,0,1,1,10,2,,
64242,ETH-2013-2-12696-8,2013,1,Clear,2,12696,11936,"Borana - Burji, Gabra",12696,12696,"Borana - Burji, Gabra",591,591,Borana,4463,4463,"Burji, Gabra",1,"""All Africa,2013-09-06,Displacement Follows Clashes On Kenya-Ethiopia Border""",All Africa,2013-09-06,Displacement Follows Clashes On Kenya-Ethiopia Border,Aid agencies,3,Moyale constituency,Moyale district. Somare and Teti areas(?),Marsabit county,Moyale constituency,3.516389,39.069167,POINT (39.069167 3.516389),135079,Kenya,501,Africa,2,2,2013-08-30 00:00:00.000,2013-08-31 00:00:00.000,0,0,0,0,0,24,0,,
63524,ETH-2013-2-12696-1,2013,1,Clear,2,12696,11936,"Borana - Burji, Gabra",12696,12696,"Borana - Burji, Gabra",591,591,Borana,4463,4463,"Burji, Gabra",9,"""Agence France Presse,2013-12-07,Dozens killed in north Kenya inter-ethnic fighting"";""Reuters News,2013-12-06,Kenya sends troops to end militia fighting in north"";""BBC Monitoring Africa,2013-12-09,Kenyan leaders accuse Ethiopia of fuelling violence at border town"";""BBC Monitoring Africa,2013-12-09,Political incitement to blame for clashes in northern Kenya - report"";""Agence France Presse,2013-12-09,Kenya killings dampen 50th independence celebrations"";""BBC Monitoring Africa,2013-12-12,Tension said high in clash-torn northern Kenya county"";""BBC Monitoring Africa,2013-12-16,Kenyan legislators arraigned in court for incitement to violence in north"";""IRIN news,2013-12-11,Briefing: Escalating clashes in northern Kenya"";""All Africa,2013-12-09,Thousands of Kenyans Flee to Ethiopia After Tribal Fighting""",Agence France Presse;Reuters News;BBC Monitoring Africa;BBC Monitoring Africa;Agence France Presse;BBC Monitoring Africa;BBC Monitoring Africa;IRIN news;All Africa,2013-12-07;2013-12-06;2013-12-09;2013-12-09;2013-12-09;2013-12-12;2013-12-16;2013-12-11;2013-12-09,Dozens killed in north Kenya inter-ethnic fighting;Kenya sends troops to end militia fighting in north;Kenyan leaders accuse Ethiopia of fuelling violence at border town;Political incitement to blame for clashes in northern Kenya - report;Kenya killings dampen 50th independence celebrations;Tension said high in clash-torn northern Kenya county;Kenyan legislators arraigned in court for incitement to violence in north;Briefing: Escalating clashes in northern Kenya;Thousands of Kenyans Flee to Ethiopia After Tribal Fighting,"Kenyan peace and anti-tribalism campaigner Jaffer Isaak; independent international aid source; Security officials in Moyale; Issiah Nakoru, the county commissioner",1,Moyale town,"Moyale, northern Kenya",Marsabit county,Moyale constituency,3.521600,39.054720,POINT (39.05472 3.5216),135079,Kenya,501,Africa,2,3,2013-11-30 00:00:00.000,2013-12-06 00:00:00.000,0,0,0,13,13,103,13,,
63543,ETH-2013-2-12696-3,2013,1,Clear,2,12696,11936,"Borana - Burji, Gabra",12696,12696,"Borana - Burji, Gabra",591,591,Borana,4463,4463,"Burji, Gabra",2,"""BBC Monitoring Africa,2013-12-09,Kenyan leaders accuse Ethiopia of fuelling violence at border town"";""BBC Monitoring Africa,2013-12-09,Political incitement to blame for clashes in northern Kenya - report""",BBC Monitoring Africa;BBC Monitoring Africa,2013-12-09;2013-12-09,Kenyan leaders accuse Ethiopia of fuelling violence at border town;Political incitement to blame for clashes in northern Kenya - report,"""sources outside the government""",3,Moyale constituency,Moyale,Marsabit county,Moyale constituency,3.516389,39.069167,POINT (39.069167 3.516389),135079,Kenya,501,Africa,2,1,2013-12-06 00:00:00.000,2013-12-06 00:00:00.000,0,0,0,15,15,15,15,,
63545,ETH-2013-2-12696-4,2013,1,Clear,2,12696,11936,"Borana - Burji, Gabra",12696,12696,"Borana - Burji, Gabra",591,591,Borana,4463,4463,"Burji, Gabra",2,"""BBC Monitoring Africa,2013-12-09,Political incitement to blame for clashes in northern Kenya - report"";""BBC Monitoring Africa,2013-12-09,Kenyan leaders accuse Ethiopia of fuelling violence at border town""",BBC Monitoring Africa;BBC Monitoring Africa,2013-12-09;2013-12-09,Political incitement to blame for clashes in northern Kenya - report;Kenyan leaders accuse Ethiopia of fuelling violence at border town,"""sources outside the government""",3,Moyale constituency,Moyale,Marsabit county,Moyale constituency,3.516389,39.069167,POINT (39.069167 3.516389),135079,Kenya,501,Africa,1,1,2013-12-07 00:00:00.000,2013-12-07 00:00:00.000,0,0,0,2,2,2,2,,
63546,ETH-2013-2-12696-5,2013,1,Clear,2,12696,11936,"Borana - Burji, Gabra",12696,12696,"Borana - Burji, Gabra",591,591,Borana,4463,4463,"Burji, Gabra",1,"""BBC Monitoring Africa,2013-12-09,Kenyan paper criticizes government's response to clashes in northern region""",BBC Monitoring Africa,2013-12-09,Kenyan paper criticizes government's response to clashes in northern region,not stated,3,Moyale constituency,Moyale area?,Marsabit county,Moyale constituency,3.516389,39.069167,POINT (39.069167 3.516389),135079,Kenya,501,Africa,1,1,2013-12-08 00:00:00.000,2013-12-08 00:00:00.000,0,0,0,0,0,4,0,,
150811,ETH-2014-2-12696-0,2014,0,Clear,2,12696,11936,"Borana - Burji, Gabra",12696,12696,"Borana - Burji, Gabra",591,591,Borana,4463,4463,"Burji, Gabra",1,"""BBC Monitoring Africa,2014-01-05,Four killed in inter-clan violence in northeastern Kenya""",BBC Monitoring Africa,2014-01-05,Four killed in inter-clan violence in northeastern Kenya,Moyale Deputy County Commissioner Kamunyan Chedotum,1,Oda waterhole,"Odha area, 15 kilometres from Moyale [northeastern Kenya] town",Marsabit county,Moyale constituency,3.493330,39.095690,POINT (39.09569 3.49333),134359,Kenya,501,Africa,1,1,2014-01-04 00:00:00.000,2014-01-04 00:00:00.000,0,0,0,4,4,4,4,,
150814,ETH-2014-2-12696-1,2014,0,Clear,2,12696,11936,"Borana - Burji, Gabra",12696,12696,"Borana - Burji, Gabra",591,591,Borana,4463,4463,"Burji, Gabra",2,"""BBC Monitoring Africa,2014-01-09,Renewed violence in northern Kenya leaves three ""critically injured"""";""Xinhua News Agency,2014-01-09,Kenya's inter-ethnic clashes kill 12, injure 17 others""",BBC Monitoring Africa;Xinhua News Agency,2014-01-09;2014-01-09,"Renewed violence in northern Kenya leaves three ""critically injured"";Kenya's inter-ethnic clashes kill 12, injure 17 others",Area Senator Abubakar Godana and Pillar of Hope CEO Jaffer Isaak,1,Dukana well,"Dukana village in North Horr, Marsabit",Marsabit county,North Horr constituency,3.990230,37.265949,POINT (37.265949 3.99023),135075,Kenya,501,Africa,1,1,2014-01-07 00:00:00.000,2014-01-07 00:00:00.000,0,0,0,1,1,6,1,,
153833,ETH-2014-2-12696-2,2014,0,Clear,2,12696,11936,"Borana - Burji, Gabra",12696,12696,"Borana - Burji, Gabra",591,591,Borana,4463,4463,"Burji, Gabra",3,"""Xinhua News Agency,2014-01-30,At least 9 killed in inter-ethnic clashes in northern Kenya: witnesses"";""BBC Monitoring Newsfile,2014-01-30,Five people feared dead as tribal militia clash in northern Kenya"";""Daily Nation,2014-02-05,500 died in clashes, says agency""",Xinhua News Agency;BBC Monitoring Newsfile;Daily Nation,2014-01-30;2014-01-30;2014-02-05,"At least 9 killed in inter-ethnic clashes in northern Kenya: witnesses;Five people feared dead as tribal militia clash in northern Kenya;500 died in clashes, says agency","witnesses, Marsabit County Commissioner Isaiah Nakoru",1,Qate locality,"Qate, 60 km away from Moyale town",Marsabit county,Moyale constituency,3.439425,38.968831,POINT (38.968831 3.439425),134358,Kenya,501,Africa,1,1,2014-01-30 00:00:00.000,2014-01-30 00:00:00.000,0,0,0,9,9,9,9,,
153837,ETH-2014-2-12696-3,2014,0,Clear,2,12696,11936,"Borana - Burji, Gabra",12696,12696,"Borana - Burji, Gabra",591,591,Borana,4463,4463,"Burji, Gabra",1,"""Xinhua News Agency,2014-02-17,Roundup: Tension remains high in Kenya border region amid renewed clashes""",Xinhua News Agency,2014-02-17,Roundup: Tension remains high in Kenya border region amid renewed clashes,Marsabit County Commissioner Isaiah Nakoru,1,Moyale town,"Moyale (Among the areas affected were Gurumesa, Manyatta and the town center)",Marsabit county,Moyale constituency,3.521600,39.054720,POINT (39.05472 3.5216),135079,Kenya,501,Africa,1,1,2014-02-16 00:00:00.000,2014-02-16 00:00:00.000,0,0,0,0,0,1,0,,
153840,ETH-2014-2-12696-4,2014,0,Clear,2,12696,11936,"Borana - Burji, Gabra",12696,12696,"Borana - Burji, Gabra",591,591,Borana,4463,4463,"Burji, Gabra",1,"""BBC Monitoring Africa,2014-06-19,Two killed, one missing following attack along Kenya-Ethiopia border""",BBC Monitoring Africa,2014-06-19,"Two killed, one missing following attack along Kenya-Ethiopia border",Moyale OCPD Thomas Atuti,2,Dofano grazing zone,"Dofano grazing zone between Antuta and Kate settlements, about 40 kilometres from Moyale town",Marsabit county,Moyale constituency,3.385536,39.013853,POINT (39.013853 3.385536),134359,Kenya,501,Africa,1,1,2014-06-18 00:00:00.000,2014-06-18 00:00:00.000,0,0,0,2,2,2,2,,
274078,SSD-2018-2-15879-4,2018,1,Clear,2,15879,14592,Chiebiliew Yoal (Lou Nuer) - Cie Bol,15879,15879,Chiebiliew Yoal (Lou Nuer) - Cie Bol,7112,7112,Chiebiliew Yoal (Lou Nuer),7113,7113,Cie Bol,1,"""BBC Monitoring Africa,2018-12-12,Inter-communal clashes in Kenya leave two South Sudanese dead""",BBC Monitoring Africa,2018-12-12,Inter-communal clashes in Kenya leave two South Sudanese dead,"Matai Koang Lam, a zonal leader at Kakuma Refugee Camp",1,Kakuma refugee camp,Kakuma Refugee Camp,Turkana county,Turkana West constituency,3.749320,34.834300,POINT (34.8343 3.74932),135070,Kenya,501,Africa,1,1,2018-12-10 00:00:00.000,2018-12-10 00:00:00.000,0,0,0,0,0,2,0,,
455976,ETH-2022-1-16240-186,2022,1,Clear,1,413,413,Ethiopia: Oromiya,16240,16240,Government of Ethiopia - OLA,97,97,Government of Ethiopia,7595,7595,OLA,1,"""My views on news,2022-04-09,Eritrean minister speaks about TPLF | Ethiopian military operation against OLA in Kenya | Fano""",My views on news,2022-04-09,Eritrean minister speaks about TPLF | Ethiopian military operation against OLA in Kenya | Fano,,3,Moyale constituency,"Kenyan side of the border, near Moyale",Marsabit county,Moyale constituency,3.516389,39.069167,POINT (39.069167 3.516389),135079,Kenya,501,Africa,1,1,2022-04-08 00:00:00.000,2022-04-08 00:00:00.000,0,0,0,0,0,1,0,530,
